00:00 +0: loading /Users/lute/project/momcozy-lab/app/test/core/preferences/volume_unit_preference_test.dart
00:00 +0: /Users/lute/project/momcozy-lab/app/test/core/privacy/fixture_privacy_test.dart: fixture privacy audit test fixtures and future goldens use synthetic data only
00:00 +1: /Users/lute/project/momcozy-lab/app/test/core/privacy/fixture_privacy_test.dart: fixture privacy audit test fixtures and future goldens use synthetic data only
00:00 +2: /Users/lute/project/momcozy-lab/app/test/core/privacy/fixture_privacy_test.dart: fixture privacy audit test fixtures and future goldens use synthetic data only
00:00 +3: /Users/lute/project/momcozy-lab/app/test/core/privacy/fixture_privacy_test.dart: fixture privacy audit test fixtures and future goldens use synthetic data only
00:00 +4: /Users/lute/project/momcozy-lab/app/test/core/privacy/fixture_privacy_test.dart: fixture privacy audit test fixtures and future goldens use synthetic data only
00:00 +5: /Users/lute/project/momcozy-lab/app/test/core/privacy/fixture_privacy_test.dart: fixture privacy audit test fixtures and future goldens use synthetic data only
00:00 +6: /Users/lute/project/momcozy-lab/app/test/core/privacy/fixture_privacy_test.dart: fixture privacy audit test fixtures and future goldens use synthetic data only
00:00 +7: /Users/lute/project/momcozy-lab/app/test/core/privacy/fixture_privacy_test.dart: fixture privacy audit test fixtures and future goldens use synthetic data only
00:00 +8: /Users/lute/project/momcozy-lab/app/test/core/privacy/fixture_privacy_test.dart: fixture privacy audit test fixtures and future goldens use synthetic data only
00:00 +9: /Users/lute/project/momcozy-lab/app/test/core/privacy/fixture_privacy_test.dart: fixture privacy audit test fixtures and future goldens use synthetic data only
00:00 +10: /Users/lute/project/momcozy-lab/app/test/core/privacy/fixture_privacy_test.dart: fixture privacy audit test fixtures and future goldens use synthetic data only
00:00 +11: /Users/lute/project/momcozy-lab/app/test/core/privacy/fixture_privacy_test.dart: fixture privacy audit test fixtures and future goldens use synthetic data only
00:00 +12: /Users/lute/project/momcozy-lab/app/test/core/privacy/fixture_privacy_test.dart: fixture privacy audit test fixtures and future goldens use synthetic data only
00:00 +13: /Users/lute/project/momcozy-lab/app/test/core/privacy/fixture_privacy_test.dart: fixture privacy audit test fixtures and future goldens use synthetic data only
00:00 +14: /Users/lute/project/momcozy-lab/app/test/core/privacy/fixture_privacy_test.dart: fixture privacy audit test fixtures and future goldens use synthetic data only
00:00 +15: /Users/lute/project/momcozy-lab/app/test/core/privacy/fixture_privacy_test.dart: fixture privacy audit test fixtures and future goldens use synthetic data only
00:00 +16: /Users/lute/project/momcozy-lab/app/test/core/privacy/fixture_privacy_test.dart: fixture privacy audit test fixtures and future goldens use synthetic data only
00:00 +17: /Users/lute/project/momcozy-lab/app/test/core/privacy/fixture_privacy_test.dart: fixture privacy audit test fixtures and future goldens use synthetic data only
00:00 +18: /Users/lute/project/momcozy-lab/app/test/core/privacy/fixture_privacy_test.dart: fixture privacy audit test fixtures and future goldens use synthetic data only
00:00 +19: /Users/lute/project/momcozy-lab/app/test/core/privacy/fixture_privacy_test.dart: fixture privacy audit test fixtures and future goldens use synthetic data only
00:00 +20: /Users/lute/project/momcozy-lab/app/test/core/privacy/fixture_privacy_test.dart: fixture privacy audit test fixtures and future goldens use synthetic data only
00:00 +21: /Users/lute/project/momcozy-lab/app/test/core/privacy/fixture_privacy_test.dart: fixture privacy audit test fixtures and future goldens use synthetic data only
00:00 +22: /Users/lute/project/momcozy-lab/app/test/core/privacy/fixture_privacy_test.dart: fixture privacy audit test fixtures and future goldens use synthetic data only
00:00 +23: /Users/lute/project/momcozy-lab/app/test/core/privacy/fixture_privacy_test.dart: fixture privacy audit test fixtures and future goldens use synthetic data only
00:00 +24: /Users/lute/project/momcozy-lab/app/test/core/privacy/fixture_privacy_test.dart: fixture privacy audit test fixtures and future goldens use synthetic data only
00:00 +25: /Users/lute/project/momcozy-lab/app/test/core/privacy/fixture_privacy_test.dart: fixture privacy audit test fixtures and future goldens use synthetic data only
00:00 +26: /Users/lute/project/momcozy-lab/app/test/core/privacy/fixture_privacy_test.dart: fixture privacy audit test fixtures and future goldens use synthetic data only
00:00 +27: /Users/lute/project/momcozy-lab/app/test/core/privacy/fixture_privacy_test.dart: fixture privacy audit test fixtures and future goldens use synthetic data only
00:00 +28: /Users/lute/project/momcozy-lab/app/test/core/privacy/fixture_privacy_test.dart: fixture privacy audit test fixtures and future goldens use synthetic data only
00:00 +29: /Users/lute/project/momcozy-lab/app/test/core/privacy/fixture_privacy_test.dart: fixture privacy audit test fixtures and future goldens use synthetic data only
00:00 +30: /Users/lute/project/momcozy-lab/app/test/core/auth/momcozy_session_test.dart: MomCozySession environment bootstrap is anonymous without tokens
00:00 +31: /Users/lute/project/momcozy-lab/app/test/core/auth/momcozy_session_test.dart: MomCozySession environment bootstrap is authenticated with access token
00:00 +32: /Users/lute/project/momcozy-lab/app/test/core/auth/momcozy_session_test.dart: MomCozySessionManager stored secure session wins over environment session
00:00 +33: /Users/lute/project/momcozy-lab/app/test/core/auth/momcozy_session_test.dart: MomCozySessionManager logout clears stored secrets and returns anonymous session
00:00 +34: /Users/lute/project/momcozy-lab/app/test/core/auth/momcozy_session_test.dart: MomCozySessionManager switchAccount clears old session before writing next account
00:00 +35: /Users/lute/project/momcozy-lab/app/test/core/auth/momcozy_session_test.dart: MomCozySessionManager switchAccount clears scoped cache before persisting next account
00:00 +36: /Users/lute/project/momcozy-lab/app/test/core/auth/flutter_secure_momcozy_session_store_test.dart: writes one atomic payload and verifies the stored session
00:00 +37: /Users/lute/project/momcozy-lab/app/test/core/auth/flutter_secure_momcozy_session_store_test.dart: fails closed when the atomic payload cannot be verified
00:00 +38: /Users/lute/project/momcozy-lab/app/test/core/auth/momcozy_auth_api_test.dart: MomCozyAuthApiRepository login posts production auth body and maps token response
00:00 +39: /Users/lute/project/momcozy-lab/app/test/core/auth/momcozy_auth_api_test.dart: MomCozyAuthApiRepository login posts production auth body and maps token response
00:00 +40: /Users/lute/project/momcozy-lab/app/test/core/auth/momcozy_auth_api_test.dart: MomCozyAuthApiRepository register sends mailbox verification request without profile fields
00:00 +41: /Users/lute/project/momcozy-lab/app/test/core/auth/momcozy_auth_api_test.dart: MomCozyAuthApiRepository invite login posts invite code and device id
00:00 +42: /Users/lute/project/momcozy-lab/app/test/core/auth/momcozy_auth_api_test.dart: MomCozyAuthApiRepository accepts empty or missing display name as non-auth metadata
00:00 +43: /Users/lute/project/momcozy-lab/app/test/core/auth/momcozy_auth_api_test.dart: MomCozyAuthApiRepository refresh sends refresh token in the body only
00:00 +44: /Users/lute/project/momcozy-lab/app/test/core/auth/momcozy_auth_api_test.dart: MomCozyAuthApiRepository logout uses the production logout endpoint
00:00 +45: /Users/lute/project/momcozy-lab/app/test/core/auth/momcozy_auth_api_test.dart: MomCozyAuthApiRepository rejects malformed token responses
00:00 +46: /Users/lute/project/momcozy-lab/app/test/core/auth/momcozy_auth_api_test.dart: MomCozySessionRefreshCoordinator concurrent refresh calls share one backend request
00:00 +47: /Users/lute/project/momcozy-lab/app/test/core/auth/momcozy_auth_api_test.dart: MomCozySessionRefreshCoordinator missing refresh token expires the stored session
00:00 +48: /Users/lute/project/momcozy-lab/app/test/core/auth/momcozy_auth_api_test.dart: MomCozySessionRefreshCoordinator keeps session publication inside the shared refresh operation
00:00 +49: /Users/lute/project/momcozy-lab/app/test/core/auth/momcozy_auth_api_test.dart: AuthenticatedApiJsonTransport refreshes on 401 and retries the original request once
00:00 +50: /Users/lute/project/momcozy-lab/app/test/core/auth/momcozy_auth_api_test.dart: AuthenticatedApiJsonTransport shares one refresh request across concurrent 401 responses
00:00 +51: /Users/lute/project/momcozy-lab/app/test/core/auth/momcozy_auth_api_test.dart: AuthenticatedApiJsonTransport retries a stale 401 with the latest access token without refreshing
00:00 +52: /Users/lute/project/momcozy-lab/app/test/core/auth/momcozy_auth_api_test.dart: AuthenticatedApiJsonTransport does not refresh non-auth HTTP failures
00:00 +53: /Users/lute/project/momcozy-lab/app/test/core/auth/momcozy_auth_api_test.dart: AuthenticatedApiJsonTransport refreshes authenticated PUT, PATCH, and DELETE mutations once
00:00 +54: /Users/lute/project/momcozy-lab/app/test/core/auth/momcozy_auth_api_test.dart: AuthenticatedApiJsonTransport refreshes multipart uploads and retries with the new token
00:02 +55: /Users/lute/project/momcozy-lab/app/test/core/network/api_json_transport_test.dart: IoApiJsonTransport sends GET query, auth, and headers
00:02 +56: /Users/lute/project/momcozy-lab/app/test/core/network/api_json_transport_test.dart: IoApiJsonTransport sends POST JSON body and content type
00:02 +57: /Users/lute/project/momcozy-lab/app/test/core/network/api_json_transport_test.dart: IoApiJsonTransport sends PUT, PATCH, and DELETE mutations
00:02 +58: /Users/lute/project/momcozy-lab/app/test/core/network/api_json_transport_test.dart: IoApiJsonTransport keeps schedule optimistic-lock query out of the DELETE path
00:02 +59: /Users/lute/project/momcozy-lab/app/test/core/network/api_json_transport_test.dart: IoApiJsonTransport accepts an empty successful DELETE response
00:02 +60: /Users/lute/project/momcozy-lab/app/test/core/network/api_json_transport_test.dart: IoApiJsonTransport HTTP connector sends non-ASCII JSON bodies as UTF-8
00:02 +61: /Users/lute/project/momcozy-lab/app/test/core/network/api_json_transport_test.dart: IoApiJsonTransport throws typed exceptions for HTTP and malformed bodies
00:02 +62: /Users/lute/project/momcozy-lab/app/test/core/network/api_json_transport_test.dart: IoApiJsonTransport omits missing tokens and surfaces expired-token HTTP status
00:02 +63: /Users/lute/project/momcozy-lab/app/test/core/network/api_json_transport_test.dart: IoApiMultipartTransport sends query parameters separately from the upload path
00:02 +64: /Users/lute/project/momcozy-lab/app/test/core/network/api_json_transport_test.dart: IoApiMultipartTransport reuses the default HTTP connection across JSON and multipart requests
00:02 +65: /Users/lute/project/momcozy-lab/app/test/core/network/api_json_transport_test.dart: IoApiMultipartTransport streams file bytes and reports monotonic upload progress
00:02 +66: /Users/lute/project/momcozy-lab/app/test/core/network/workbench_transport_test.dart: empty 204 acknowledgements succeed while empty JSON responses are rejected
00:02 +67: /Users/lute/project/momcozy-lab/app/test/core/network/workbench_transport_test.dart: empty 204 acknowledgements succeed while empty JSON responses are rejected
00:02 +68: /Users/lute/project/momcozy-lab/app/test/core/network/transport_security_policy_test.dart: TransportSecurityPolicy keeps HTTP and WS limited to local development hosts
00:02 +69: /Users/lute/project/momcozy-lab/app/test/core/network/workbench_transport_test.dart: authorized retry preserves the mutation body and idempotency key
00:02 +70: /Users/lute/project/momcozy-lab/app/test/core/network/transport_security_policy_test.dart: TransportSecurityPolicy rejects remote plaintext HTTP and WebSocket endpoints
00:02 +71: /Users/lute/project/momcozy-lab/app/test/core/network/workbench_transport_test.dart: a successful response from a logged-out session is discarded
00:02 +72: /Users/lute/project/momcozy-lab/app/test/core/network/workbench_transport_test.dart: network failure does not retry a potentially completed mutation
00:02 +73: /Users/lute/project/momcozy-lab/app/test/core/network/workbench_transport_test.dart: transport rejects a foreign origin without sending credentials and preserves proxy error status
00:02 +74: /Users/lute/project/momcozy-lab/app/test/core/auth/account_session_lifecycle_test.dart: restart restores and persists rotated tokens; revoked refresh expires session
00:02 +75: /Users/lute/project/momcozy-lab/app/test/core/network/api_envelope_test.dart: API contract fixtures provide every required variant for each Flutter API domain
00:02 +76: /Users/lute/project/momcozy-lab/app/test/core/observability/momcozy_observability_test.dart: MomCozyObservability records redacted route, feature, agent, and non-fatal events
00:02 +77: /Users/lute/project/momcozy-lab/app/test/core/observability/momcozy_observability_test.dart: MomCozyObservability records redacted route, feature, agent, and non-fatal events
00:02 +78: /Users/lute/project/momcozy-lab/app/test/core/network/api_envelope_test.dart: API contract fixtures unwrap success envelopes and keep business errors distinct from HTTP errors
00:02 +79: /Users/lute/project/momcozy-lab/app/test/core/network/api_envelope_test.dart: API contract fixtures unwrap success envelopes and keep business errors distinct from HTTP errors
00:02 +80: /Users/lute/project/momcozy-lab/app/test/core/observability/momcozy_observability_test.dart: MomCozyObservability observed JSON transport records success and HTTP failure
00:02 +81: /Users/lute/project/momcozy-lab/app/test/core/network/api_envelope_test.dart: API contract fixtures accept legacy snake/camel aliases without adding secret-shaped values
00:02 +82: /Users/lute/project/momcozy-lab/app/test/core/observability/momcozy_observability_test.dart: MomCozyObservability observed JSON transport records mutation methods
00:02 +83: /Users/lute/project/momcozy-lab/app/test/core/observability/momcozy_observability_test.dart: MomCozyObservability observed multipart transport records upload without file metadata
00:02 +84: /Users/lute/project/momcozy-lab/app/test/core/network/test_certificate_trust_test.dart: test certificate trust only enables the two exact test HTTPS endpoints
00:02 +85: /Users/lute/project/momcozy-lab/app/test/core/network/test_certificate_trust_test.dart: test certificate trust does not load or install trust outside the test target
00:02 +86: /Users/lute/project/momcozy-lab/app/test/core/network/test_certificate_trust_test.dart: test certificate trust loads the bundled certificate and installs a trusted context
00:02 +87: /Users/lute/project/momcozy-lab/app/test/core/agent_stream/agent_stream_run_state_test.dart: AgentStreamRunState withdrawal clears text and integrity state, survives reconnect and ignores late deltas
00:02 +88: /Users/lute/project/momcozy-lab/app/test/core/agent_stream/agent_stream_run_state_test.dart: AgentStreamRunState masked final repairs stream without receiving withdrawal event
00:02 +89: /Users/lute/project/momcozy-lab/app/test/core/agent_stream/agent_stream_run_state_test.dart: AgentStreamRunState accumulates streamed text and finishes on terminal events
00:02 +90: /Users/lute/project/momcozy-lab/app/test/core/agent_stream/agent_stream_run_state_test.dart: AgentStreamRunState preserves partial text and marks disconnect as retryable
00:02 +91: /Users/lute/project/momcozy-lab/app/test/core/agent_stream/agent_stream_run_state_test.dart: AgentStreamRunState releases received artifacts after text or a successful terminal signal
00:02 +92: /Users/lute/project/momcozy-lab/app/test/core/agent_stream/agent_stream_run_state_test.dart: AgentStreamRunState deduplicates replayed events by event id or sequence
00:02 +93: /Users/lute/project/momcozy-lab/app/test/core/agent_stream/agent_stream_run_state_test.dart: AgentStreamRunState keeps replay keys isolated across reducer snapshots and branches
00:02 +94: /Users/lute/project/momcozy-lab/app/test/core/agent_stream/agent_stream_run_state_test.dart: AgentStreamRunState merges repeated assistant completion events by message id
00:02 +95: /Users/lute/project/momcozy-lab/app/test/core/agent_stream/agent_stream_run_state_test.dart: AgentStreamRunState keeps streamed text stable when assistant completed arrives
00:02 +96: /Users/lute/project/momcozy-lab/app/test/core/agent_stream/agent_stream_run_state_test.dart: AgentStreamRunState only appends missing completed suffix to streamed text
00:02 +97: /Users/lute/project/momcozy-lab/app/test/core/agent_stream/agent_stream_run_state_test.dart: AgentStreamRunState replaces streamed text with authoritative completed text
00:02 +98: /Users/lute/project/momcozy-lab/app/test/core/agent_stream/agent_stream_run_state_test.dart: AgentStreamRunState updates quick replies from transient completed message payload
00:02 +99: /Users/lute/project/momcozy-lab/app/test/core/agent_stream/agent_stream_run_state_test.dart: AgentStreamRunState persists the latest workflow reply cursor across app restoration
00:02 +100: /Users/lute/project/momcozy-lab/app/test/core/agent_stream/agent_stream_run_state_test.dart: AgentStreamRunState replaces stale streamed text on completed mismatch
00:02 +101: /Users/lute/project/momcozy-lab/app/test/core/agent_stream/agent_stream_run_state_test.dart: AgentStreamRunState buffers indexed segment gaps and drains them in order
00:02 +102: /Users/lute/project/momcozy-lab/app/test/core/agent_stream/agent_stream_run_state_test.dart: AgentStreamRunState rejects an indexed segment with invalid prefix integrity
00:02 +103: /Users/lute/project/momcozy-lab/app/test/core/agent_stream/agent_stream_run_state_test.dart: AgentStreamRunState completed text only appends a missing indexed suffix
00:02 +104: /Users/lute/project/momcozy-lab/app/test/core/agent_stream/agent_stream_run_state_test.dart: AgentStreamRunState keeps repeated text deltas when no replay key is present
00:02 +105: /Users/lute/project/momcozy-lab/app/test/core/agent_stream/agent_stream_run_state_test.dart: AgentStreamRunState keeps transient delta replay keys without growing event history
00:03 +106: /Users/lute/project/momcozy-lab/app/test/core/agent_stream/agent_run_create_context_test.dart: loads an IANA timezone and a local RFC 3339 message timestamp
00:03 +107: /Users/lute/project/momcozy-lab/app/test/core/agent_stream/agent_run_create_context_test.dart: loads an IANA timezone and a local RFC 3339 message timestamp
00:03 +108: /Users/lute/project/momcozy-lab/app/test/core/agent_stream/agent_run_create_context_test.dart: loads an IANA timezone and a local RFC 3339 message timestamp
00:03 +109: /Users/lute/project/momcozy-lab/app/test/core/agent_stream/agent_run_create_context_test.dart: loads an IANA timezone and a local RFC 3339 message timestamp
00:03 +110: /Users/lute/project/momcozy-lab/app/test/core/agent_stream/agent_run_create_context_test.dart: loads an IANA timezone and a local RFC 3339 message timestamp
00:03 +111: /Users/lute/project/momcozy-lab/app/test/core/agent_stream/agent_run_create_context_test.dart: loads an IANA timezone and a local RFC 3339 message timestamp
00:03 +112: /Users/lute/project/momcozy-lab/app/test/core/agent_stream/agent_stream_run_state_test.dart: AgentStreamRunState does not index or serialize hidden and implicit action cards
00:03 +113: /Users/lute/project/momcozy-lab/app/test/core/agent_stream/agent_run_create_context_test.dart: rejects a timezone abbreviation at the Agent boundary
00:03 +114: /Users/lute/project/momcozy-lab/app/test/core/agent_stream/agent_run_create_context_test.dart: rejects a timezone abbreviation at the Agent boundary
00:03 +115: /Users/lute/project/momcozy-lab/app/test/core/agent_stream/agent_stream_run_state_test.dart: AgentStreamRunState merges action events after waiting for confirmation
00:03 +116: /Users/lute/project/momcozy-lab/app/test/core/agent_stream/agent_stream_run_state_test.dart: AgentStreamRunState indexes tool and artifact lifecycle by stable ids
00:03 +117: /Users/lute/project/momcozy-lab/app/test/core/agent_stream/agent_stream_run_state_test.dart: AgentStreamRunState keeps local cancel state even when backend cancel fails
00:03 +118: /Users/lute/project/momcozy-lab/app/test/core/agent_stream/agent_stream_run_state_test.dart: AgentStreamRunState records acknowledged cancel responses
00:03 +119: /Users/lute/project/momcozy-lab/app/test/core/agent_stream/agent_stream_run_state_test.dart: AgentStreamRunState serializes and restores stable replay state
00:03 +120: /Users/lute/project/momcozy-lab/app/test/core/agent_stream/agent_stream_run_state_test.dart: AgentStreamRunState serializes transient delta replay keys without raw delta events
00:03 +121: /Users/lute/project/momcozy-lab/app/test/core/agent_stream/agent_stream_run_state_test.dart: AgentStreamRunState restores pending indexed segments and drains a recovered gap
00:03 +122: /Users/lute/project/momcozy-lab/app/test/core/agent_stream/agent_stream_event_test.dart: Agent stream fixtures parse the same logical text stream from JSONL and SSE frames
00:03 +123: /Users/lute/project/momcozy-lab/app/test/core/agent_stream/agent_stream_event_test.dart: Agent stream fixtures parse the same logical text stream from JSONL and SSE frames
00:03 +124: /Users/lute/project/momcozy-lab/app/test/core/agent_stream/agent_stream_payload_test.dart: Agent run payload forwards a stable caller-provided run idempotency key
00:03 +125: /Users/lute/project/momcozy-lab/app/test/core/agent_stream/agent_stream_event_test.dart: Agent stream fixtures cover the required domain event types and stable merge keys
00:03 +126: /Users/lute/project/momcozy-lab/app/test/core/agent_stream/agent_stream_event_test.dart: Agent stream fixtures cover the required domain event types and stable merge keys
00:03 +127: /Users/lute/project/momcozy-lab/app/test/core/agent_stream/agent_stream_event_test.dart: Agent stream fixtures cover the required domain event types and stable merge keys
00:03 +128: /Users/lute/project/momcozy-lab/app/test/core/agent_stream/agent_stream_payload_test.dart: Agent run payload adds owned PDF references to the production run create contract
00:03 +129: /Users/lute/project/momcozy-lab/app/test/core/agent_stream/agent_stream_event_test.dart: Agent stream fixtures treats waiting for confirmation as a stable terminal stream event
00:03 +130: /Users/lute/project/momcozy-lab/app/test/core/agent_stream/agent_stream_payload_test.dart: Agent run payload prefers an uploaded image file reference over inline bytes
00:03 +131: /Users/lute/project/momcozy-lab/app/test/core/agent_stream/agent_stream_event_test.dart: Agent stream fixtures uses payload action ids as stable reducer keys
00:03 +132: /Users/lute/project/momcozy-lab/app/test/core/agent_stream/agent_stream_payload_test.dart: Agent run payload rejects an image whose object-storage upload is incomplete
00:03 +133: /Users/lute/project/momcozy-lab/app/test/core/agent_stream/agent_stream_payload_test.dart: Agent run payload rejects an image whose object-storage upload is incomplete
00:03 +134: /Users/lute/project/momcozy-lab/app/test/core/agent_stream/agent_stream_event_test.dart: Agent stream fixtures recognizes transient message delta events
00:03 +135: /Users/lute/project/momcozy-lab/app/test/core/agent_stream/agent_stream_payload_test.dart: Agent run payload maps trusted form submission metadata to a structured attachment
00:03 +136: /Users/lute/project/momcozy-lab/app/test/core/agent_stream/agent_stream_event_test.dart: Agent stream fixtures exposes backend semantic metadata from payload or raw fields
00:03 +137: /Users/lute/project/momcozy-lab/app/test/core/agent_stream/agent_stream_event_test.dart: Agent stream fixtures exposes backend semantic metadata from payload or raw fields
00:03 +138: /Users/lute/project/momcozy-lab/app/test/core/agent_stream/agent_stream_payload_test.dart: Agent run payload builds resume requests without adding run ids to create payloads
00:03 +139: /Users/lute/project/momcozy-lab/app/test/core/agent_stream/agent_stream_payload_test.dart: Agent run payload builds resume requests without adding run ids to create payloads
00:03 +140: /Users/lute/project/momcozy-lab/app/test/core/agent_stream/agent_stream_event_test.dart: Agent stream fixtures does not expose canonical tool payloads as assistant text
00:03 +141: /Users/lute/project/momcozy-lab/app/test/core/agent_stream/agent_stream_event_test.dart: Agent stream fixtures strips structured tool JSON from assistant completed text
00:03 +142: /Users/lute/project/momcozy-lab/app/test/core/agent_stream/agent_stream_event_test.dart: Agent stream fixtures does not extract quick replies from assistant text JSON fallback
00:03 +143: /Users/lute/project/momcozy-lab/app/test/core/agent_stream/agent_stream_event_test.dart: Agent stream fixtures extracts exactly three quick replies from completed message payload
00:03 +144: /Users/lute/project/momcozy-lab/app/test/core/agent_stream/agent_stream_event_test.dart: Agent stream fixtures extracts an opaque workflow reply cursor from completed messages
00:03 +145: /Users/lute/project/momcozy-lab/app/test/core/agent_stream/agent_stream_event_test.dart: Agent stream fixtures ignores incomplete quick reply sets
00:03 +146: /Users/lute/project/momcozy-lab/app/test/core/agent_stream/agent_stream_event_test.dart: Agent stream fixtures extracts completed text from durable message payloads
00:03 +147: /Users/lute/project/momcozy-lab/app/test/core/agent_stream/agent_work_status_projection_test.dart: projectAgentWorkStatus keeps active user work ahead of generic progress
00:03 +148: /Users/lute/project/momcozy-lab/app/test/core/agent_stream/agent_work_status_projection_test.dart: projectAgentWorkStatus holds a fast completion before falling back to generic progress
00:03 +149: /Users/lute/project/momcozy-lab/app/test/core/agent_stream/agent_work_status_projection_test.dart: projectAgentWorkStatus failed lifecycle closes prior work without becoming visible
00:03 +150: /Users/lute/project/momcozy-lab/app/test/core/agent_stream/agent_work_status_projection_test.dart: projectAgentWorkStatus terminal response clears all work status
00:03 +151: /Users/lute/project/momcozy-lab/app/test/core/agent_stream/agent_stream_io_transport_test.dart: Agent stream IO transports production SSE transport creates run and follows event stream
00:03 +152: /Users/lute/project/momcozy-lab/app/test/core/agent_stream/agent_stream_io_transport_test.dart: Agent stream IO transports production SSE transport resumes existing runs after sequence
00:03 +153: /Users/lute/project/momcozy-lab/app/test/core/agent_stream/agent_stream_io_transport_test.dart: Agent stream IO transports production run status reader uses run-scoped authenticated GET
00:03 +154: /Users/lute/project/momcozy-lab/app/test/core/agent_stream/agent_stream_io_transport_test.dart: Agent stream IO transports production run status reader treats expired runs as terminal
00:03 +155: /Users/lute/project/momcozy-lab/app/test/core/agent_stream/agent_stream_io_transport_test.dart: Agent stream IO transports production run status reader refreshes authorization once
00:03 +156: /Users/lute/project/momcozy-lab/app/test/core/agent_stream/agent_stream_io_transport_test.dart: Agent stream IO transports production SSE transport classifies connector failures as retryable
00:03 +157: /Users/lute/project/momcozy-lab/app/test/core/agent_stream/agent_stream_io_transport_test.dart: Agent stream IO transports production SSE transport times out run creation as retryable
00:03 +158: /Users/lute/project/momcozy-lab/app/test/core/agent_stream/agent_stream_io_transport_test.dart: Agent stream IO transports production SSE transport treats an idle stream as retryable
00:03 +159: /Users/lute/project/momcozy-lab/app/test/core/agent_stream/agent_stream_io_transport_test.dart: Agent stream IO transports endpoint request headers resolve auth token lazily
00:03 +160: /Users/lute/project/momcozy-lab/app/test/core/agent_stream/agent_stream_io_transport_test.dart: Agent stream IO transports production SSE transport refreshes token once after run create 401
00:03 +161: /Users/lute/project/momcozy-lab/app/test/core/agent_stream/agent_stream_io_transport_test.dart: Agent stream IO transports production SSE transport refreshes token once after stream 401
00:03 +162: /Users/lute/project/momcozy-lab/app/test/core/agent_stream/agent_stream_io_transport_test.dart: Agent stream IO transports control connector sends non-ASCII JSON bodies as UTF-8
00:03 +163: /Users/lute/project/momcozy-lab/app/test/core/agent_stream/agent_stream_io_transport_test.dart: Agent stream IO transports cancel client posts production run-scoped cancel and accepts 2xx or 404
00:03 +164: /Users/lute/project/momcozy-lab/app/test/core/agent_stream/agent_stream_io_transport_test.dart: Agent stream IO transports cancel client reports failures without throwing
00:03 +165: /Users/lute/project/momcozy-lab/app/test/core/agent_stream/agent_stream_io_transport_test.dart: Agent stream IO transports cancel client refreshes authorization once after 401
00:03 +166: /Users/lute/project/momcozy-lab/app/test/core/agent_stream/agent_stream_io_transport_test.dart: Agent stream IO transports cancel client keeps 401 unacknowledged when refresh fails
00:03 +167: /Users/lute/project/momcozy-lab/app/test/core/agent_stream/agent_stream_io_transport_test.dart: Agent stream IO transports action client posts confirmation and rejection to action-scoped endpoints
00:03 +168: /Users/lute/project/momcozy-lab/app/test/core/agent_stream/agent_stream_io_transport_test.dart: Agent stream IO transports action client refreshes once and preserves confirmation idempotency
00:03 +169: /Users/lute/project/momcozy-lab/app/test/core/agent_stream/agent_stream_io_transport_test.dart: Agent stream IO transports action client returns the 401 when refresh fails
00:03 +170: /Users/lute/project/momcozy-lab/app/test/core/agent_stream/agent_stream_io_transport_test.dart: Agent stream IO transports client event client records safe local events without user authority
00:03 +171: /Users/lute/project/momcozy-lab/app/test/core/agent_stream/agent_stream_io_transport_test.dart: Agent stream IO transports client event client posts run-scoped events to backend
00:03 +172: /Users/lute/project/momcozy-lab/app/test/core/agent_stream/agent_stream_io_transport_test.dart: Agent stream IO transports client event client refreshes authorization once after 401
00:03 +173: /Users/lute/project/momcozy-lab/app/test/core/agent_stream/agent_stream_io_transport_test.dart: Agent stream IO transports client event client reports 401 when refresh fails
00:03 +174: /Users/lute/project/momcozy-lab/app/test/core/agent_stream/agent_stream_io_transport_test.dart: Agent stream IO transports client event client reports guard and local recorder failures
00:03 +175: /Users/lute/project/momcozy-lab/app/test/core/agent_stream/agent_stream_runner_test.dart: AgentStreamRunner produces the same final state for SSE and JSONL clients
00:03 +176: /Users/lute/project/momcozy-lab/app/test/core/agent_stream/agent_stream_runner_test.dart: AgentStreamRunner keeps non-retryable transport errors as a manual retry state
00:03 +177: /Users/lute/project/momcozy-lab/app/test/core/agent_stream/agent_stream_runner_test.dart: AgentStreamRunner automatically resumes the same run after a follow window ends
00:03 +178: /Users/lute/project/momcozy-lab/app/test/core/agent_stream/agent_stream_runner_test.dart: AgentStreamRunner keeps listening after message completion until the run is terminal
00:03 +179: /Users/lute/project/momcozy-lab/app/test/core/agent_stream/agent_stream_runner_test.dart: AgentStreamRunner resumes after a retryable transport failure without duplicating text
00:03 +180: /Users/lute/project/momcozy-lab/app/test/core/agent_stream/agent_stream_runner_test.dart: AgentStreamRunner retries an uncertain run creation with the same idempotency key
00:03 +181: /Users/lute/project/momcozy-lab/app/test/core/agent_stream/agent_stream_runner_test.dart: AgentStreamRunner replays a completed run from the start before settling without text
00:03 +182: /Users/lute/project/momcozy-lab/app/test/core/agent_stream/agent_stream_runner_test.dart: AgentStreamRunner does not reconnect after the run subscription is cancelled
00:03 +183: /Users/lute/project/momcozy-lab/app/test/core/agent_stream/agent_stream_runner_test.dart: AgentStreamRunner does not reconnect after the run subscription is cancelled
00:03 +184: /Users/lute/project/momcozy-lab/app/test/core/routing/route_intent_test.dart: Route intent fixtures keeps retired events generic and rejects retired status routes
00:03 +185: /Users/lute/project/momcozy-lab/app/test/core/agent_stream/agent_stream_runner_test.dart: AgentStreamRunner replays persisted events when status is completed without final text
00:03 +186: /Users/lute/project/momcozy-lab/app/test/core/routing/route_intent_test.dart: Route intent fixtures maps native Schedule navigation to the canonical Schedule route
00:03 +187: /Users/lute/project/momcozy-lab/app/test/core/agent_stream/agent_stream_client_test.dart: AgentStreamClient normalizes SSE and JSONL transports into the same event stream
00:03 +188: /Users/lute/project/momcozy-lab/app/test/core/agent_stream/agent_stream_client_test.dart: AgentStreamClient normalizes SSE and JSONL transports into the same event stream
00:03 +189: /Users/lute/project/momcozy-lab/app/test/core/agent_stream/agent_stream_client_test.dart: AgentStreamClient normalizes SSE and JSONL transports into the same event stream
00:03 +190: /Users/lute/project/momcozy-lab/app/test/core/agent_stream/agent_stream_client_test.dart: AgentStreamClient normalizes SSE and JSONL transports into the same event stream
00:03 +191: /Users/lute/project/momcozy-lab/app/test/core/agent_stream/agent_stream_client_test.dart: AgentStreamClient normalizes SSE and JSONL transports into the same event stream
00:03 +192: /Users/lute/project/momcozy-lab/app/test/core/agent_stream/agent_stream_client_test.dart: AgentStreamClient normalizes SSE and JSONL transports into the same event stream
00:03 +193: /Users/lute/project/momcozy-lab/app/test/core/agent_stream/agent_stream_client_test.dart: AgentStreamClient normalizes SSE and JSONL transports into the same event stream
00:03 +194: /Users/lute/project/momcozy-lab/app/test/core/agent_stream/agent_stream_client_test.dart: AgentStreamClient normalizes SSE and JSONL transports into the same event stream
00:03 +195: /Users/lute/project/momcozy-lab/app/test/core/agent_stream/agent_stream_client_test.dart: AgentStreamClient normalizes SSE and JSONL transports into the same event stream
00:03 +196: /Users/lute/project/momcozy-lab/app/test/core/routing/safe_link_target_test.dart: SafeLinkTarget accepts app paths and preserves query parameters
00:03 +197: /Users/lute/project/momcozy-lab/app/test/core/agent_stream/agent_stream_client_test.dart: AgentStreamClient keeps transport chunks ordered and stops after run finished
00:03 +198: /Users/lute/project/momcozy-lab/app/test/core/agent_stream/agent_stream_client_test.dart: AgentStreamClient keeps transport chunks ordered and stops after run finished
00:03 +199: /Users/lute/project/momcozy-lab/app/test/core/routing/safe_link_target_test.dart: SafeLinkTarget rejects unsafe schemes and ambiguous locations
00:03 +200: /Users/lute/project/momcozy-lab/app/test/core/agent_stream/agent_stream_client_test.dart: AgentStreamClient stops after run error events
00:03 +201: /Users/lute/project/momcozy-lab/app/test/core/agent_stream/agent_stream_client_test.dart: AgentStreamClient stops after confirmation wait events
00:03 +202: /Users/lute/project/momcozy-lab/app/test/core/agent_stream/agent_stream_client_test.dart: AgentStreamClient preserves both durable and transient resume cursors
00:03 +203: /Users/lute/project/momcozy-lab/app/test/core/test_environment/test_smoke_test.dart: TestSmokeConfig reads env flags and session context
00:03 +204: /Users/lute/project/momcozy-lab/app/test/core/test_environment/test_smoke_test.dart: runner skips every probe when test smoke is disabled
00:03 +205: /Users/lute/project/momcozy-lab/app/test/app/typography_design_test.dart: (setUpAll)
00:03 +206: /Users/lute/project/momcozy-lab/app/test/app/typography_design_test.dart: (setUpAll)
00:03 +207: /Users/lute/project/momcozy-lab/app/test/app/typography_design_test.dart: (setUpAll)
00:03 +208: /Users/lute/project/momcozy-lab/app/test/app/typography_design_test.dart: (setUpAll)
00:03 +209: /Users/lute/project/momcozy-lab/app/test/app/typography_design_test.dart: (setUpAll)
00:03 +210: /Users/lute/project/momcozy-lab/app/test/app/typography_design_test.dart: (setUpAll)
00:03 +211: /Users/lute/project/momcozy-lab/app/test/app/typography_design_test.dart: (setUpAll)
00:03 +211: /Users/lute/project/momcozy-lab/app/test/app/typography_design_test.dart: title hierarchy at 320.0 / 1.0
00:04 +212: /Users/lute/project/momcozy-lab/app/test/app/typography_design_test.dart: title hierarchy at 320.0 / 2.0
00:04 +213: /Users/lute/project/momcozy-lab/app/test/app/typography_design_test.dart: title hierarchy at 390.0 / 1.0
00:04 +214: /Users/lute/project/momcozy-lab/app/test/app/typography_design_test.dart: title hierarchy at 390.0 / 2.0
00:04 +215: /Users/lute/project/momcozy-lab/app/test/app/typography_design_test.dart: title hierarchy at 430.0 / 1.0
00:04 +216: /Users/lute/project/momcozy-lab/app/test/app/typography_design_test.dart: title hierarchy at 430.0 / 2.0
00:04 +217: /Users/lute/project/momcozy-lab/app/test/app/typography_design_test.dart: (tearDownAll)
00:06 +217: /Users/lute/project/momcozy-lab/app/test/app/mom_navigation_test.dart: (setUpAll)
00:06 +217: /Users/lute/project/momcozy-lab/app/test/app/mom_navigation_test.dart: navigation reference at 320.0 with all selected states
00:06 +218: /Users/lute/project/momcozy-lab/app/test/app/more_design_test.dart: More navigation and privacy at 320.0 / 1.0
00:06 +219: /Users/lute/project/momcozy-lab/app/test/app/more_design_test.dart: More navigation and privacy at 320.0 / 1.0
00:06 +220: /Users/lute/project/momcozy-lab/app/test/app/more_design_test.dart: More navigation and privacy at 320.0 / 1.0
00:06 +221: /Users/lute/project/momcozy-lab/app/test/app/more_design_test.dart: More navigation and privacy at 320.0 / 1.0
00:06 +222: /Users/lute/project/momcozy-lab/app/test/app/more_design_test.dart: More navigation and privacy at 320.0 / 1.0
00:06 +223: /Users/lute/project/momcozy-lab/app/test/app/more_design_test.dart: More navigation and privacy at 320.0 / 1.0
00:06 +224: /Users/lute/project/momcozy-lab/app/test/app/more_design_test.dart: More navigation and privacy at 320.0 / 1.0
00:06 +225: /Users/lute/project/momcozy-lab/app/test/app/more_design_test.dart: More navigation and privacy at 320.0 / 1.0
00:07 +226: /Users/lute/project/momcozy-lab/app/test/app/more_design_test.dart: More navigation and privacy at 320.0 / 1.0
00:07 +227: /Users/lute/project/momcozy-lab/app/test/app/more_design_test.dart: More navigation and privacy at 320.0 / 1.0
00:07 +228: /Users/lute/project/momcozy-lab/app/test/app/me_theme_test.dart: Me-themed form remains usable at 320.0 with large text and keyboard
00:07 +229: /Users/lute/project/momcozy-lab/app/test/app/me_theme_test.dart: Me-themed form remains usable at 320.0 with large text and keyboard
00:07 +230: /Users/lute/project/momcozy-lab/app/test/app/me_theme_test.dart: Me-themed form remains usable at 320.0 with large text and keyboard
00:07 +231: /Users/lute/project/momcozy-lab/app/test/app/me_theme_test.dart: Me-themed form remains usable at 320.0 with large text and keyboard
00:07 +232: /Users/lute/project/momcozy-lab/app/test/app/not_found_design_test.dart: unknown route shows a recoverable page at 320.0/1.0
00:07 +233: /Users/lute/project/momcozy-lab/app/test/app/not_found_design_test.dart: unknown route shows a recoverable page at 320.0/1.0
00:07 +234: /Users/lute/project/momcozy-lab/app/test/app/not_found_design_test.dart: unknown route shows a recoverable page at 320.0/1.0
00:07 +235: /Users/lute/project/momcozy-lab/app/test/app/not_found_design_test.dart: unknown route shows a recoverable page at 320.0/1.0
00:07 +236: /Users/lute/project/momcozy-lab/app/test/app/not_found_design_test.dart: unknown route shows a recoverable page at 320.0/1.0
00:07 +237: /Users/lute/project/momcozy-lab/app/test/app/not_found_design_test.dart: unknown route shows a recoverable page at 320.0/1.0
00:07 +238: /Users/lute/project/momcozy-lab/app/test/app/not_found_design_test.dart: unknown route shows a recoverable page at 320.0/1.0
00:07 +239: /Users/lute/project/momcozy-lab/app/test/app/not_found_design_test.dart: unknown route shows a recoverable page at 320.0/1.0
00:07 +240: /Users/lute/project/momcozy-lab/app/test/app/not_found_design_test.dart: unknown route shows a recoverable page at 320.0/1.0
00:07 +241: /Users/lute/project/momcozy-lab/app/test/app/not_found_design_test.dart: unknown route shows a recoverable page at 320.0/1.0
00:07 +242: /Users/lute/project/momcozy-lab/app/test/app/not_found_design_test.dart: unknown route shows a recoverable page at 320.0/1.0
00:07 +243: /Users/lute/project/momcozy-lab/app/test/app/not_found_design_test.dart: unknown route shows a recoverable page at 320.0/1.0
00:07 +244: /Users/lute/project/momcozy-lab/app/test/app/not_found_design_test.dart: unknown route shows a recoverable page at 320.0/1.0
00:07 +245: /Users/lute/project/momcozy-lab/app/test/app/not_found_design_test.dart: unknown route shows a recoverable page at 320.0/1.0
00:07 +246: /Users/lute/project/momcozy-lab/app/test/app/not_found_design_test.dart: unknown route shows a recoverable page at 320.0/1.0
00:07 +247: /Users/lute/project/momcozy-lab/app/test/app/not_found_design_test.dart: unknown route shows a recoverable page at 320.0/1.0
00:07 +248: /Users/lute/project/momcozy-lab/app/test/app/not_found_design_test.dart: unknown route shows a recoverable page at 320.0/1.0
00:07 +249: /Users/lute/project/momcozy-lab/app/test/app/not_found_design_test.dart: unknown route shows a recoverable page at 320.0/1.0
00:07 +250: /Users/lute/project/momcozy-lab/app/test/app/not_found_design_test.dart: unknown route shows a recoverable page at 320.0/1.0
00:07 +251: /Users/lute/project/momcozy-lab/app/test/app/not_found_design_test.dart: unknown route shows a recoverable page at 320.0/1.0
00:07 +252: /Users/lute/project/momcozy-lab/app/test/app/not_found_design_test.dart: unknown route shows a recoverable page at 320.0/1.0
00:07 +253: /Users/lute/project/momcozy-lab/app/test/app/status_card_accessibility_test.dart: mother and baby status cards expose a semantic tap action
00:07 +254: /Users/lute/project/momcozy-lab/app/test/app/status_card_accessibility_test.dart: mother and baby status cards expose a semantic tap action
00:07 +255: /Users/lute/project/momcozy-lab/app/test/app/status_card_accessibility_test.dart: mother and baby status cards expose a semantic tap action
00:07 +256: /Users/lute/project/momcozy-lab/app/test/app/status_card_accessibility_test.dart: mother and baby status cards expose a semantic tap action
00:08 +257: /Users/lute/project/momcozy-lab/app/test/app/status_card_accessibility_test.dart: mother and baby status cards expose a semantic tap action
00:08 +258: /Users/lute/project/momcozy-lab/app/test/app/status_card_accessibility_test.dart: mother and baby status cards expose a semantic tap action
00:08 +259: /Users/lute/project/momcozy-lab/app/test/app/momcozy_route_shell_contract_test.dart: primary navigation is hidden on secondary pages
00:08 +260: /Users/lute/project/momcozy-lab/app/test/app/momcozy_route_shell_contract_test.dart: primary navigation is hidden on secondary pages
00:08 +261: /Users/lute/project/momcozy-lab/app/test/app/momcozy_route_shell_contract_test.dart: primary navigation is hidden on secondary pages
00:08 +262: /Users/lute/project/momcozy-lab/app/test/app/momcozy_route_shell_contract_test.dart: primary navigation is hidden on secondary pages
00:08 +263: /Users/lute/project/momcozy-lab/app/test/app/momcozy_route_shell_contract_test.dart: primary navigation is hidden on secondary pages
00:08 +264: /Users/lute/project/momcozy-lab/app/test/app/not_found_design_test.dart: an unauthenticated unknown route cannot bypass login
00:08 +265: /Users/lute/project/momcozy-lab/app/test/app/not_found_design_test.dart: an unauthenticated unknown route cannot bypass login
00:08 +266: /Users/lute/project/momcozy-lab/app/test/app/not_found_design_test.dart: an unauthenticated unknown route cannot bypass login
00:08 +267: /Users/lute/project/momcozy-lab/app/test/app/not_found_design_test.dart: an unauthenticated unknown route cannot bypass login
00:08 +268: /Users/lute/project/momcozy-lab/app/test/app/not_found_design_test.dart: (tearDownAll)
00:08 +268: /Users/lute/project/momcozy-lab/app/test/native/native_release_config_test.dart: release identity is preserved and build number advances
00:08 +269: /Users/lute/project/momcozy-lab/app/test/native/native_release_config_test.dart: native capability merge keeps MotionPose and drops retired channels
00:08 +270: /Users/lute/project/momcozy-lab/app/test/native/native_release_config_test.dart: Xcode Flutter preparation runs from the app root
00:08 +271: /Users/lute/project/momcozy-lab/app/test/native/native_release_config_test.dart: optional camera and privacy prompts cover merged feature use
00:08 +272: /Users/lute/project/momcozy-lab/app/test/native/native_release_config_test.dart: MotionPose model provisioning is pinned and works offline
00:08 +273: /Users/lute/project/momcozy-lab/app/test/native/android_voice_pcm_threading_test.dart: Android PCM playback stays off the platform main thread
00:08 +274: /Users/lute/project/momcozy-lab/app/test/native/pump_device_snapshot_binding_test.dart: pump device snapshot binding consumes BLE notification frames
00:08 +275: /Users/lute/project/momcozy-lab/app/test/native/ble_pump_protocol_platform_test.dart: BLE pump protocol platform writes packet goldens
00:09 +276: /Users/lute/project/momcozy-lab/app/test/native/ble_pump_protocol_platform_test.dart: BLE pump protocol platform requires side device and protocol state
00:09 +277: /Users/lute/project/momcozy-lab/app/test/native/pump_native_runtime_coordinator_test.dart: pump native runtime coordinator wires snapshot, upload, and protocol
00:09 +278: /Users/lute/project/momcozy-lab/app/test/native/pump_native_runtime_coordinator_test.dart: pump native runtime coordinator wires snapshot, upload, and protocol
00:09 +279: /Users/lute/project/momcozy-lab/app/test/native/pump_native_runtime_coordinator_test.dart: pump native runtime coordinator wires snapshot, upload, and protocol
00:09 +280: /Users/lute/project/momcozy-lab/app/test/native/pump_native_runtime_coordinator_test.dart: pump native runtime coordinator wires snapshot, upload, and protocol
00:09 +281: /Users/lute/project/momcozy-lab/app/test/native/pump_agent_upload_snapshot_sync_test.dart: pump agent upload snapshot sync forwards binding updates
00:09 +282: /Users/lute/project/momcozy-lab/app/test/native/pump_agent_upload_snapshot_sync_test.dart: pump agent upload snapshot sync forwards binding updates
00:09 +283: /Users/lute/project/momcozy-lab/app/test/native/pump_agent_upload_snapshot_sync_test.dart: pump agent upload snapshot sync forwards binding updates
00:09 +284: /Users/lute/project/momcozy-lab/app/test/native/p0_platform_interfaces_test.dart: P0 native fake platforms fake pump agent upload emits method schemas and dedupes uploads
00:09 +285: /Users/lute/project/momcozy-lab/app/test/native/p0_platform_interfaces_test.dart: P0 native fake platforms fake pump agent upload redacts sensitive failure payloads
00:09 +286: /Users/lute/project/momcozy-lab/app/test/native/p0_platform_interfaces_test.dart: P0 native fake platforms fake pump foreground service emits lifecycle and notice events
00:09 +287: /Users/lute/project/momcozy-lab/app/test/native/p0_platform_interfaces_test.dart: P0 native fake platforms fake pump foreground service consumes pending native navigation once
00:09 +288: /Users/lute/project/momcozy-lab/app/test/native/p0_platform_interfaces_test.dart: P0 native fake platforms fake wake lock reference count is idempotent on extra release
00:09 +289: /Users/lute/project/momcozy-lab/app/test/native/p0_platform_interfaces_test.dart: P0 native fake platforms fake route intent platform handles pending and active route events
00:09 +290: /Users/lute/project/momcozy-lab/app/test/native/media_pdf_design_test.dart: (setUpAll)
00:09 +290: /Users/lute/project/momcozy-lab/app/test/native/media_pdf_design_test.dart: native PDF preview, scroll and zoom 320.0 / 1.0
00:09 +290 ~1: /Users/lute/project/momcozy-lab/app/test/native/media_pdf_design_test.dart: native PDF preview, scroll and zoom 320.0 / 2.0
00:09 +290 ~2: /Users/lute/project/momcozy-lab/app/test/native/media_pdf_design_test.dart: native PDF preview, scroll and zoom 390.0 / 1.0
00:09 +290 ~3: /Users/lute/project/momcozy-lab/app/test/native/media_pdf_design_test.dart: native PDF preview, scroll and zoom 390.0 / 2.0
00:09 +290 ~4: /Users/lute/project/momcozy-lab/app/test/native/media_pdf_design_test.dart: native PDF preview, scroll and zoom 430.0 / 1.0
00:09 +290 ~5: /Users/lute/project/momcozy-lab/app/test/native/media_pdf_design_test.dart: native PDF preview, scroll and zoom 430.0 / 2.0
00:09 +290 ~6: /Users/lute/project/momcozy-lab/app/test/native/media_pdf_design_test.dart: (tearDownAll)
00:09 +290 ~6: /Users/lute/project/momcozy-lab/app/test/features/motion_assessment/data/motion_realtime_playback_tracker_test.dart: follows the unified WebRTC output audio buffer lifecycle
00:09 +291 ~6: /Users/lute/project/momcozy-lab/app/test/features/motion_assessment/data/motion_realtime_playback_tracker_test.dart: keeps compatibility with data-channel audio delta events
00:09 +292 ~6: /Users/lute/project/momcozy-lab/app/test/features/motion_assessment/data/motion_realtime_session_gate_test.dart: is not ready until transport, peer, remote audio and session are ready
00:09 +293 ~6: /Users/lute/project/momcozy-lab/app/test/features/motion_assessment/data/motion_realtime_session_gate_test.dart: also becomes ready when session.created arrives before open
00:09 +294 ~6: /Users/lute/project/momcozy-lab/app/test/features/motion_assessment/data/motion_realtime_session_gate_test.dart: ignores unrelated lifecycle events while connecting
00:09 +295 ~6: /Users/lute/project/momcozy-lab/app/test/features/motion_assessment/data/motion_realtime_session_gate_test.dart: surfaces a server error before the model session becomes ready
00:09 +296 ~6: /Users/lute/project/momcozy-lab/app/test/features/motion_assessment/data/motion_pose_platform_test.dart: retains native input dimensions for geometry and preview transforms
00:09 +297 ~6: /Users/lute/project/momcozy-lab/app/test/features/motion_assessment/data/motion_voice_signaling_test.dart: visual context is fail-closed unless the session header enables it
00:09 +298 ~6: /Users/lute/project/momcozy-lab/app/test/features/motion_assessment/data/motion_voice_signaling_test.dart: visual context is fail-closed unless the session header enables it
00:09 +299 ~6: /Users/lute/project/momcozy-lab/app/test/features/motion_assessment/data/motion_voice_signaling_test.dart: visual context is fail-closed unless the session header enables it
00:09 +300 ~6: /Users/lute/project/momcozy-lab/app/test/features/motion_assessment/data/motion_realtime_response_queue_test.dart: bounds routine assessment guidance to short spoken turns
00:09 +301 ~6: /Users/lute/project/momcozy-lab/app/test/features/motion_assessment/data/motion_realtime_response_queue_test.dart: bounds routine assessment guidance to short spoken turns
00:09 +302 ~6: /Users/lute/project/momcozy-lab/app/test/features/motion_assessment/data/motion_pose_platform_test.dart: captures a bounded JPEG key frame through the native channel
00:09 +303 ~6: /Users/lute/project/momcozy-lab/app/test/features/motion_assessment/data/motion_realtime_response_queue_test.dart: waits for response.done before creating the next default response
00:09 +304 ~6: /Users/lute/project/momcozy-lab/app/test/features/motion_assessment/data/motion_realtime_response_queue_test.dart: interrupt cancels once and waits for cancelled response.done
00:09 +305 ~6: /Users/lute/project/momcozy-lab/app/test/features/motion_assessment/data/motion_realtime_response_queue_test.dart: observes an already-active server response before local guidance
00:09 +306 ~6: /Users/lute/project/momcozy-lab/app/test/native/android_p0_platform_channels_test.dart: Android P0 platform channels BLE adapter invokes MmcBle method schemas
00:09 +307 ~6: /Users/lute/project/momcozy-lab/app/test/native/android_p0_platform_channels_test.dart: Android P0 platform channels BLE adapter invokes MmcBle method schemas
00:09 +308 ~6: /Users/lute/project/momcozy-lab/app/test/native/android_p0_platform_channels_test.dart: Android P0 platform channels BLE adapter invokes MmcBle method schemas
00:09 +309 ~6: /Users/lute/project/momcozy-lab/app/test/native/android_p0_platform_channels_test.dart: Android P0 platform channels BLE adapter invokes MmcBle method schemas
00:09 +310 ~6: /Users/lute/project/momcozy-lab/app/test/native/android_p0_platform_channels_test.dart: Android P0 platform channels BLE adapter invokes MmcBle method schemas
00:09 +311 ~6: /Users/lute/project/momcozy-lab/app/test/native/android_p0_platform_channels_test.dart: Android P0 platform channels BLE adapter invokes MmcBle method schemas
00:09 +312 ~6: /Users/lute/project/momcozy-lab/app/test/native/android_p0_platform_channels_test.dart: Android P0 platform channels BLE adapter invokes MmcBle method schemas
00:09 +313 ~6: /Users/lute/project/momcozy-lab/app/test/native/android_p0_platform_channels_test.dart: Android P0 platform channels BLE adapter invokes MmcBle method schemas
00:09 +314 ~6: /Users/lute/project/momcozy-lab/app/test/native/android_p0_platform_channels_test.dart: Android P0 platform channels BLE adapter invokes MmcBle method schemas
00:09 +315 ~6: /Users/lute/project/momcozy-lab/app/test/native/android_p0_platform_channels_test.dart: Android P0 platform channels BLE adapter invokes MmcBle method schemas
00:09 +316 ~6: /Users/lute/project/momcozy-lab/app/test/native/android_p0_platform_channels_test.dart: Android P0 platform channels BLE adapter invokes MmcBle method schemas
00:09 +317 ~6: /Users/lute/project/momcozy-lab/app/test/features/motion_assessment/data/motion_assessment_api_repository_test.dart: status-only updates omit result_summary so the server preserves it
00:09 +318 ~6: /Users/lute/project/momcozy-lab/app/test/features/motion_assessment/data/motion_realtime_response_queue_test.dart: continues after a stale response.cancel receives a safe server error
00:09 +319 ~6: /Users/lute/project/momcozy-lab/app/test/native/android_p0_platform_channels_test.dart: Android P0 platform channels BLE adapter maps permanently denied permission aliases
00:09 +320 ~6: /Users/lute/project/momcozy-lab/app/test/features/motion_assessment/data/motion_assessment_api_repository_test.dart: retains a pending finalization until the idempotent PUT is acknowledged
00:09 +321 ~6: /Users/lute/project/momcozy-lab/app/test/native/android_p0_platform_channels_test.dart: Android P0 platform channels BLE adapter maps native events into streams
00:09 +322 ~6: /Users/lute/project/momcozy-lab/app/test/native/android_p0_platform_channels_test.dart: Android P0 platform channels pump foreground adapter invokes notification method schemas
00:09 +323 ~6: /Users/lute/project/momcozy-lab/app/test/native/android_p0_platform_channels_test.dart: Android P0 platform channels route intent adapter invokes pending route schemas and events
00:09 +324 ~6: /Users/lute/project/momcozy-lab/app/test/native/android_p0_platform_channels_test.dart: Android P0 platform channels pump agent upload adapter invokes method schemas
00:09 +325 ~6: /Users/lute/project/momcozy-lab/app/test/native/android_p0_platform_channels_test.dart: Android P0 platform channels pump agent upload adapter maps native failure events
00:10 +326 ~6: /Users/lute/project/momcozy-lab/app/test/features/motion_assessment/domain/motion_quality_gate_test.dart: emits one enter-frame directive until a person returns
00:10 +327 ~6: /Users/lute/project/momcozy-lab/app/test/features/motion_assessment/domain/motion_assessment_workflow_test.dart: two stable segments reach review but never complete automatically
00:10 +328 ~6: /Users/lute/project/momcozy-lab/app/test/features/motion_assessment/domain/motion_assessment_workflow_test.dart: two stable segments reach review but never complete automatically
00:10 +329 ~6: /Users/lute/project/momcozy-lab/app/test/features/motion_assessment/domain/motion_quality_gate_test.dart: accepts every matching frame after calibration without repeating a directive
00:10 +330 ~6: /Users/lute/project/momcozy-lab/app/test/features/motion_assessment/domain/motion_quality_gate_test.dart: accepts every matching frame after calibration without repeating a directive
00:10 +331 ~6: /Users/lute/project/momcozy-lab/app/test/features/motion_assessment/domain/motion_assessment_workflow_test.dart: finish requires prompt playback followed by a new user audio item
00:10 +332 ~6: /Users/lute/project/momcozy-lab/app/test/features/motion_assessment/domain/motion_quality_gate_test.dart: accepts head, shoulder and hip framing without legs or feet
00:10 +333 ~6: /Users/lute/project/momcozy-lab/app/test/features/motion_assessment/domain/motion_assessment_workflow_test.dart: continue confirmation starts a fresh two-segment capture cycle
00:10 +334 ~6: /Users/lute/project/momcozy-lab/app/test/features/motion_assessment/domain/motion_quality_gate_test.dart: calibrates from the upper-body region without requiring hips
00:10 +335 ~6: /Users/lute/project/momcozy-lab/app/test/features/motion_assessment/domain/motion_assessment_workflow_test.dart: a safety stop bypasses the normal finish confirmation handshake
00:10 +336 ~6: /Users/lute/project/momcozy-lab/app/test/features/motion_assessment/domain/motion_assessment_workflow_test.dart: a safety stop bypasses the normal finish confirmation handshake
00:10 +337 ~6: /Users/lute/project/momcozy-lab/app/test/features/motion_assessment/domain/motion_quality_gate_test.dart: drops frames immediately and pauses after multiple people persist
00:10 +338 ~6: /Users/lute/project/momcozy-lab/app/test/features/motion_assessment/domain/motion_quality_gate_test.dart: resumes only after the same target is stable alone for one second
00:10 +339 ~6: /Users/lute/project/momcozy-lab/app/test/features/motion_assessment/domain/motion_quality_gate_test.dart: does not silently switch to a different person after target loss
00:10 +340 ~6: /Users/lute/project/momcozy-lab/app/test/features/motion_assessment/domain/motion_quality_gate_test.dart: uses hysteresis before declaring that the tracked person changed
00:10 +341 ~6: /Users/lute/project/momcozy-lab/app/test/features/motion_assessment/domain/motion_quality_gate_test.dart: planned orientation changes recalibrate without a target-changed alert
00:10 +342 ~6: /Users/lute/project/momcozy-lab/app/test/features/motion_assessment/domain/motion_quality_gate_test.dart: brief framing loss pauses frames without emitting corrective chatter
00:10 +343 ~6: /Users/lute/project/momcozy-lab/app/test/features/motion_assessment/domain/frontal_posture_analyzer_test.dart: measures shoulder asymmetry and trunk lateral lean from a front view
00:10 +344 ~6: /Users/lute/project/momcozy-lab/app/test/features/motion_assessment/domain/frontal_posture_analyzer_test.dart: rejects a side view for frontal measurements
00:10 +345 ~6: /Users/lute/project/momcozy-lab/app/test/features/motion_assessment/domain/motion_assessment_plan_test.dart: registry exposes only validated targets as available
00:10 +346 ~6: /Users/lute/project/momcozy-lab/app/test/features/motion_assessment/domain/motion_assessment_plan_test.dart: registry exposes only validated targets as available
00:10 +347 ~6: /Users/lute/project/momcozy-lab/app/test/features/motion_assessment/domain/motion_assessment_plan_test.dart: registry exposes only validated targets as available
00:10 +348 ~6: /Users/lute/project/momcozy-lab/app/test/features/motion_assessment/domain/motion_assessment_plan_test.dart: registry exposes only validated targets as available
00:10 +349 ~6: /Users/lute/project/momcozy-lab/app/test/features/motion_assessment/domain/motion_assessment_plan_test.dart: registry exposes only validated targets as available
00:10 +350 ~6: /Users/lute/project/momcozy-lab/app/test/features/motion_assessment/domain/motion_assessment_plan_test.dart: plan groups two frontal targets into one capture step
00:10 +351 ~6: /Users/lute/project/momcozy-lab/app/test/features/motion_assessment/domain/motion_assessment_plan_test.dart: every available project produces a complete capture path
00:10 +352 ~6: /Users/lute/project/momcozy-lab/app/test/features/motion_assessment/domain/motion_assessment_plan_test.dart: plan rejects unavailable targets and stale mutations
00:10 +353 ~6: /Users/lute/project/momcozy-lab/app/test/features/motion_assessment/domain/motion_assessment_context_test.dart: serializes bounded strong semantics without raw pose data
00:10 +354 ~6: /Users/lute/project/momcozy-lab/app/test/features/motion_assessment/domain/motion_assessment_context_test.dart: serializes bounded strong semantics without raw pose data
00:10 +355 ~6: /Users/lute/project/momcozy-lab/app/test/features/motion_assessment/data/motion_visual_context_test.dart: captures only consented visual events with fresh single-person context
00:10 +356 ~6: /Users/lute/project/momcozy-lab/app/test/features/motion_assessment/data/motion_visual_context_test.dart: captures only consented visual events with fresh single-person context
00:10 +357 ~6: /Users/lute/project/momcozy-lab/app/test/features/motion_assessment/data/motion_visual_context_test.dart: captures only consented visual events with fresh single-person context
00:10 +358 ~6: /Users/lute/project/momcozy-lab/app/test/features/motion_assessment/data/motion_visual_context_test.dart: serializes concurrent captures and applies a visual cooldown
00:10 +359 ~6: /Users/lute/project/momcozy-lab/app/test/features/motion_assessment/data/motion_visual_context_test.dart: runs automatic visual capture outside the voice critical path
00:10 +360 ~6: /Users/lute/project/momcozy-lab/app/test/features/motion_assessment/data/motion_visual_context_test.dart: capture failures and oversized images degrade without throwing
00:10 +361 ~6: /Users/lute/project/momcozy-lab/app/test/features/motion_assessment/data/motion_visual_context_test.dart: builds a bounded official Realtime input_image conversation item
00:10 +362 ~6: /Users/lute/project/momcozy-lab/app/test/features/motion_assessment/data/motion_visual_context_test.dart: parses only bounded visual snapshot tool requests
00:10 +363 ~6: /Users/lute/project/momcozy-lab/app/test/features/motion_assessment/data/motion_visual_context_test.dart: correlates image errors without swallowing unrelated voice errors
00:11 +364 ~6: /Users/lute/project/momcozy-lab/app/test/features/motion_assessment/domain/forward_head_analyzer_test.dart: returns a stable side-view craniovertebral angle without diagnosing
00:11 +365 ~6: /Users/lute/project/momcozy-lab/app/test/features/motion_assessment/domain/forward_head_analyzer_test.dart: uses the reliable right side when the left side is occluded
00:11 +366 ~6: /Users/lute/project/momcozy-lab/app/test/features/motion_assessment/domain/forward_head_analyzer_test.dart: accepts a reliable near side when far-side landmarks are absent
00:11 +367 ~6: /Users/lute/project/momcozy-lab/app/test/features/motion_assessment/domain/forward_head_analyzer_test.dart: measures forward head posture without making hips a hard dependency
00:11 +368 ~6: /Users/lute/project/momcozy-lab/app/test/features/motion_assessment/domain/forward_head_analyzer_test.dart: rejects frames when side landmarks are not sufficiently visible
00:11 +369 ~6: /Users/lute/project/momcozy-lab/app/test/features/motion_assessment/domain/forward_head_analyzer_test.dart: uses input dimensions so the angle is independent of frame aspect ratio
00:11 +370 ~6: /Users/lute/project/momcozy-lab/app/test/features/motion_assessment/domain/forward_head_analyzer_test.dart: rejects a front-facing pose until the shoulders indicate a side view
00:11 +371 ~6: /Users/lute/project/momcozy-lab/app/test/features/motion_assessment/domain/forward_head_analyzer_test.dart: keeps useful samples across a brief rejected frame
00:11 +372 ~6: /Users/lute/project/momcozy-lab/app/test/features/motion_assessment/domain/forward_head_analyzer_test.dart: restarts only after an interruption persists beyond the grace period
00:11 +373 ~6: /Users/lute/project/momcozy-lab/app/test/features/motion_assessment/domain/forward_head_analyzer_test.dart: sampling progress never moves backwards during one rolling window
00:11 +374 ~6: /Users/lute/project/momcozy-lab/app/test/features/motion_assessment/domain/forward_head_analyzer_test.dart: production sampling tolerates realistic side confidence and brief dropouts
00:11 +375 ~6: /Users/lute/project/momcozy-lab/app/test/features/motion_assessment/domain/forward_head_analyzer_test.dart: a short two-second loss pauses instead of erasing useful samples
00:11 +376 ~6: /Users/lute/project/momcozy-lab/app/test/features/motion_assessment/domain/forward_head_analyzer_test.dart: reports the exact side region that prevents capture
00:11 +377 ~6: /Users/lute/project/momcozy-lab/app/test/features/motion_assessment/presentation/motion_pose_overlay_test.dart: overlay covers face, hands, torso, legs, and feet
00:11 +378 ~6: /Users/lute/project/momcozy-lab/app/test/features/motion_assessment/domain/motion_voice_command_test.dart: parses bounded client commands from the official response.done shape
00:11 +379 ~6: /Users/lute/project/momcozy-lab/app/test/features/motion_assessment/presentation/motion_pose_overlay_test.dart: painter renders reliable landmarks and skeleton segments
00:11 +380 ~6: /Users/lute/project/momcozy-lab/app/test/features/motion_assessment/domain/motion_voice_command_test.dart: supports argument completion events and rejects unknown commands
00:11 +381 ~6: /Users/lute/project/momcozy-lab/app/test/features/motion_assessment/presentation/motion_pose_overlay_test.dart: painter repaints whenever a new camera observation arrives
00:11 +382 ~6: /Users/lute/project/momcozy-lab/app/test/features/motion_assessment/domain/motion_voice_command_test.dart: parses a revision-bound voice assessment plan mutation
00:11 +383 ~6: /Users/lute/project/momcozy-lab/app/test/features/motion_assessment/presentation/motion_preview_transform_test.dart: matches an aspect-fill preview crop instead of stretching landmarks
00:11 +384 ~6: /Users/lute/project/momcozy-lab/app/test/features/motion_assessment/presentation/motion_preview_transform_test.dart: matches an aspect-fill preview crop instead of stretching landmarks
00:11 +385 ~6: /Users/lute/project/momcozy-lab/app/test/features/motion_assessment/presentation/motion_preview_transform_test.dart: matches an aspect-fill preview crop instead of stretching landmarks
00:11 +386 ~6: /Users/lute/project/momcozy-lab/app/test/features/motion_assessment/presentation/motion_preview_transform_test.dart: keeps coordinates unchanged when input and viewport ratios match
00:11 +387 ~6: /Users/lute/project/momcozy-lab/app/test/features/records/records_api_repository_test.dart: RecordsApiRepository maps production feeding records and request contract
00:11 +388 ~6: /Users/lute/project/momcozy-lab/app/test/features/records/records_api_repository_test.dart: RecordsApiRepository rejects legacy feeding method and component fields
00:11 +389 ~6: /Users/lute/project/momcozy-lab/app/test/features/records/records_api_repository_test.dart: RecordsApiRepository uses local calendar boundaries for a feeding day
00:11 +390 ~6: /Users/lute/project/momcozy-lab/app/test/features/records/records_api_repository_test.dart: RecordsApiRepository loads an infant-scoped feeding range for weekly views
00:11 +391 ~6: /Users/lute/project/momcozy-lab/app/test/features/records/records_api_repository_test.dart: RecordsApiRepository requests a seven-day feeding range when weekly data is needed
00:11 +392 ~6: /Users/lute/project/momcozy-lab/app/test/features/records/records_api_repository_test.dart: RecordsApiRepository maps production pumping records and request contract
00:11 +393 ~6: /Users/lute/project/momcozy-lab/app/test/features/records/records_api_repository_test.dart: RecordsApiRepository rejects legacy pumping output collections
00:11 +394 ~6: /Users/lute/project/momcozy-lab/app/test/features/records/records_api_repository_test.dart: RecordsApiRepository creates scoped feeding and pumping records
00:11 +395 ~6: /Users/lute/project/momcozy-lab/app/test/features/records/records_api_repository_test.dart: RecordsApiRepository encodes start-only direct breastfeeding without unsupported details
00:11 +396 ~6: /Users/lute/project/momcozy-lab/app/test/features/records/records_api_repository_test.dart: RecordsApiRepository maps and creates owner-scoped water records
00:11 +397 ~6: /Users/lute/project/momcozy-lab/app/test/features/records/records_api_repository_test.dart: RecordsApiRepository maps water trends using the device UTC offset
00:11 +398 ~6: /Users/lute/project/momcozy-lab/app/test/features/records/records_api_repository_test.dart: RecordsApiRepository maps and creates maternal vital records
00:11 +399 ~6: /Users/lute/project/momcozy-lab/app/test/features/records/records_api_repository_test.dart: RecordsApiRepository maps and creates infant sleep records in a bounded range
00:11 +400 ~6: /Users/lute/project/momcozy-lab/app/test/features/records/records_api_repository_test.dart: RecordsApiRepository maps and creates infant diaper records
00:11 +401 ~6: /Users/lute/project/momcozy-lab/app/test/features/records/records_api_repository_test.dart: RecordsApiRepository queries pumping records across a bounded trend range
00:11 +402 ~6: /Users/lute/project/momcozy-lab/app/test/features/records/records_api_repository_test.dart: RecordsApiRepository maps measured milk trends
00:11 +403 ~6: /Users/lute/project/momcozy-lab/app/test/features/records/records_api_repository_test.dart: RecordsApiRepository rejects legacy milk trend field aliases
00:11 +404 ~6: /Users/lute/project/momcozy-lab/app/test/features/records/records_api_repository_test.dart: RecordsApiRepository maps production growth records and owner-scoped query
00:11 +405 ~6: /Users/lute/project/momcozy-lab/app/test/features/records/records_api_repository_test.dart: RecordsApiRepository creates and updates production growth records
00:11 +406 ~6: /Users/lute/project/momcozy-lab/app/test/features/records/records_api_repository_test.dart: RecordsApiRepository maps the shared feeding summary without converting missing days to zero
00:11 +407 ~6: /Users/lute/project/momcozy-lab/app/test/features/records/records_api_repository_test.dart: RecordsApiRepository maps empty production lists
00:11 +408 ~6: /Users/lute/project/momcozy-lab/app/test/features/records/records_api_repository_test.dart: RecordsApiRepository preserves production HTTP failures
00:11 +409 ~6: /Users/lute/project/momcozy-lab/app/test/features/records/records_api_repository_test.dart: RecordsApiRepository write adapters stay within the frozen Product Backend OpenAPI schemas
00:11 +410 ~6: /Users/lute/project/momcozy-lab/app/test/features/auth/consumer_auth_page_test.dart: language menu preserves the form and legal links open official pages
00:11 +411 ~6: /Users/lute/project/momcozy-lab/app/test/features/auth/consumer_auth_page_test.dart: language menu preserves the form and legal links open official pages
00:11 +412 ~6: /Users/lute/project/momcozy-lab/app/test/features/auth/consumer_auth_page_test.dart: language menu preserves the form and legal links open official pages
00:11 +413 ~6: /Users/lute/project/momcozy-lab/app/test/features/auth/consumer_auth_page_test.dart: language menu preserves the form and legal links open official pages
00:11 +414 ~6: /Users/lute/project/momcozy-lab/app/test/features/auth/consumer_auth_page_test.dart: language menu preserves the form and legal links open official pages
00:11 +415 ~6: /Users/lute/project/momcozy-lab/app/test/features/auth/consumer_auth_page_test.dart: language menu preserves the form and legal links open official pages
00:11 +416 ~6: /Users/lute/project/momcozy-lab/app/test/features/auth/consumer_auth_page_test.dart: language menu preserves the form and legal links open official pages
00:11 +417 ~6: /Users/lute/project/momcozy-lab/app/test/features/auth/consumer_auth_page_test.dart: language menu preserves the form and legal links open official pages
00:11 +418 ~6: /Users/lute/project/momcozy-lab/app/test/features/auth/consumer_auth_page_test.dart: language menu preserves the form and legal links open official pages
00:11 +419 ~6: /Users/lute/project/momcozy-lab/app/test/features/auth/consumer_auth_page_test.dart: language menu preserves the form and legal links open official pages
00:11 +420 ~6: /Users/lute/project/momcozy-lab/app/test/features/auth/consumer_auth_page_test.dart: language menu preserves the form and legal links open official pages
00:11 +421 ~6: /Users/lute/project/momcozy-lab/app/test/features/auth/consumer_auth_page_test.dart: language menu preserves the form and legal links open official pages
00:11 +422 ~6: /Users/lute/project/momcozy-lab/app/test/features/auth/consumer_auth_page_test.dart: language menu preserves the form and legal links open official pages
00:11 +423 ~6: /Users/lute/project/momcozy-lab/app/test/features/auth/consumer_auth_page_test.dart: language menu preserves the form and legal links open official pages
00:11 +424 ~6: /Users/lute/project/momcozy-lab/app/test/features/auth/consumer_auth_page_test.dart: language menu preserves the form and legal links open official pages
00:11 +425 ~6: /Users/lute/project/momcozy-lab/app/test/features/auth/consumer_auth_page_test.dart: language menu preserves the form and legal links open official pages
00:11 +426 ~6: /Users/lute/project/momcozy-lab/app/test/features/auth/consumer_auth_page_test.dart: language menu preserves the form and legal links open official pages
00:11 +427 ~6: /Users/lute/project/momcozy-lab/app/test/features/auth/consumer_auth_page_test.dart: language menu preserves the form and legal links open official pages
00:11 +428 ~6: /Users/lute/project/momcozy-lab/app/test/features/auth/consumer_auth_page_test.dart: language menu preserves the form and legal links open official pages
00:11 +428 ~6: /Users/lute/project/momcozy-lab/app/test/features/motion_assessment/presentation/motion_assessment_controller_test.dart: stops the local camera when native pose inference fails
Motion pose stream failed: PlatformException(pose_inference_failed, MediaPipe execution failed, null, null)
00:11 +429 ~6: /Users/lute/project/momcozy-lab/app/test/features/auth/consumer_auth_page_test.dart: language menu preserves the form and legal links open official pages
00:11 +430 ~6: /Users/lute/project/momcozy-lab/app/test/features/auth/consumer_auth_page_test.dart: language menu preserves the form and legal links open official pages
00:11 +431 ~6: /Users/lute/project/momcozy-lab/app/test/features/auth/consumer_auth_page_test.dart: language menu preserves the form and legal links open official pages
00:11 +432 ~6: /Users/lute/project/momcozy-lab/app/test/features/auth/consumer_auth_page_test.dart: language menu preserves the form and legal links open official pages
00:11 +433 ~6: /Users/lute/project/momcozy-lab/app/test/features/auth/consumer_auth_page_test.dart: language menu preserves the form and legal links open official pages
00:12 +434 ~6: /Users/lute/project/momcozy-lab/app/test/features/auth/consumer_auth_page_test.dart: language menu preserves the form and legal links open official pages
00:12 +435 ~6: /Users/lute/project/momcozy-lab/app/test/features/auth/consumer_auth_page_test.dart: language menu preserves the form and legal links open official pages
00:12 +436 ~6: /Users/lute/project/momcozy-lab/app/test/features/auth/consumer_auth_page_test.dart: language menu preserves the form and legal links open official pages
00:12 +437 ~6: /Users/lute/project/momcozy-lab/app/test/features/auth/consumer_auth_page_test.dart: language menu preserves the form and legal links open official pages
00:12 +438 ~6: /Users/lute/project/momcozy-lab/app/test/features/auth/consumer_auth_page_test.dart: language menu preserves the form and legal links open official pages
00:12 +439 ~6: /Users/lute/project/momcozy-lab/app/test/features/auth/consumer_auth_page_test.dart: language menu preserves the form and legal links open official pages
00:12 +440 ~6: /Users/lute/project/momcozy-lab/app/test/features/auth/consumer_auth_page_test.dart: language menu preserves the form and legal links open official pages
00:12 +441 ~6: /Users/lute/project/momcozy-lab/app/test/features/auth/consumer_auth_page_test.dart: language menu preserves the form and legal links open official pages
00:12 +442 ~6: /Users/lute/project/momcozy-lab/app/test/features/motion_assessment/presentation/motion_assessment_controller_test.dart: motion responsive failure retry and exit 320.0 / 1.0
Motion pose stream failed: PlatformException(pose_model_initialization_failed, null, null, null)
00:12 +443 ~6: /Users/lute/project/momcozy-lab/app/test/features/motion_assessment/presentation/motion_assessment_controller_test.dart: motion responsive failure retry and exit 320.0 / 1.0
00:12 +444 ~6: /Users/lute/project/momcozy-lab/app/test/features/motion_assessment/presentation/motion_assessment_controller_test.dart: motion responsive failure retry and exit 320.0 / 1.0
00:12 +445 ~6: /Users/lute/project/momcozy-lab/app/test/features/auth/consumer_auth_page_test.dart: Google failure stays beside Google login and email remains usable
00:12 +446 ~6: /Users/lute/project/momcozy-lab/app/test/features/motion_assessment/presentation/motion_assessment_controller_test.dart: motion responsive failure retry and exit 320.0 / 2.0
00:12 +447 ~6: /Users/lute/project/momcozy-lab/app/test/features/motion_assessment/presentation/motion_assessment_controller_test.dart: motion responsive failure retry and exit 320.0 / 2.0
00:12 +448 ~6: /Users/lute/project/momcozy-lab/app/test/features/motion_assessment/presentation/motion_assessment_controller_test.dart: motion responsive failure retry and exit 320.0 / 2.0
00:12 +449 ~6: /Users/lute/project/momcozy-lab/app/test/features/motion_assessment/presentation/motion_assessment_controller_test.dart: motion responsive failure retry and exit 320.0 / 2.0
Motion pose stream failed: PlatformException(pose_model_initialization_failed, null, null, null)
00:12 +450 ~6: /Users/lute/project/momcozy-lab/app/test/features/auth/consumer_auth_page_test.dart: unverified login opens verification without a separate entry
00:12 +450 ~6: /Users/lute/project/momcozy-lab/app/test/features/motion_assessment/presentation/motion_assessment_controller_test.dart: motion responsive failure retry and exit 390.0 / 1.0
Motion pose stream failed: PlatformException(pose_model_initialization_failed, null, null, null)
00:12 +451 ~6: /Users/lute/project/momcozy-lab/app/test/features/motion_assessment/presentation/motion_assessment_controller_test.dart: motion responsive failure retry and exit 390.0 / 1.0
00:12 +452 ~6: /Users/lute/project/momcozy-lab/app/test/features/auth/account_page_test.dart: account route requires login and returns to the intended page
00:12 +452 ~6: /Users/lute/project/momcozy-lab/app/test/features/motion_assessment/presentation/motion_assessment_controller_test.dart: motion responsive failure retry and exit 390.0 / 2.0
Motion pose stream failed: PlatformException(pose_model_initialization_failed, null, null, null)
00:12 +453 ~6: /Users/lute/project/momcozy-lab/app/test/features/auth/account_page_test.dart: account route requires login and returns to the intended page
00:12 +453 ~6: /Users/lute/project/momcozy-lab/app/test/features/motion_assessment/presentation/motion_assessment_controller_test.dart: motion responsive failure retry and exit 430.0 / 1.0
Motion pose stream failed: PlatformException(pose_model_initialization_failed, null, null, null)
00:12 +454 ~6: /Users/lute/project/momcozy-lab/app/test/features/auth/account_page_test.dart: account route requires login and returns to the intended page
00:12 +455 ~6: /Users/lute/project/momcozy-lab/app/test/features/auth/account_page_test.dart: account route requires login and returns to the intended page
00:12 +455 ~6: /Users/lute/project/momcozy-lab/app/test/features/motion_assessment/presentation/motion_assessment_controller_test.dart: motion responsive failure retry and exit 430.0 / 2.0
Motion pose stream failed: PlatformException(pose_model_initialization_failed, null, null, null)
00:12 +456 ~6: /Users/lute/project/momcozy-lab/app/test/features/auth/account_page_test.dart: account route requires login and returns to the intended page
00:12 +457 ~6: /Users/lute/project/momcozy-lab/app/test/features/auth/account_page_test.dart: account route requires login and returns to the intended page
00:13 +458 ~6: /Users/lute/project/momcozy-lab/app/test/features/auth/account_page_test.dart: account route requires login and returns to the intended page
00:13 +459 ~6: /Users/lute/project/momcozy-lab/app/test/features/auth/account_page_test.dart: account route requires login and returns to the intended page
00:13 +460 ~6: /Users/lute/project/momcozy-lab/app/test/features/auth/account_page_test.dart: account route requires login and returns to the intended page
00:13 +461 ~6: /Users/lute/project/momcozy-lab/app/test/features/auth/account_page_test.dart: account route requires login and returns to the intended page
00:13 +462 ~6: /Users/lute/project/momcozy-lab/app/test/features/auth/account_page_test.dart: account route requires login and returns to the intended page
00:13 +463 ~6: /Users/lute/project/momcozy-lab/app/test/features/auth/auth_design_test.dart: email entry and registration at 320.0 / 1.0
00:13 +464 ~6: /Users/lute/project/momcozy-lab/app/test/features/auth/auth_design_test.dart: email entry and registration at 320.0 / 1.0
00:13 +465 ~6: /Users/lute/project/momcozy-lab/app/test/features/auth/auth_design_test.dart: email entry and registration at 320.0 / 1.0
00:13 +466 ~6: /Users/lute/project/momcozy-lab/app/test/features/auth/auth_design_test.dart: email entry and registration at 320.0 / 1.0
00:13 +467 ~6: /Users/lute/project/momcozy-lab/app/test/features/auth/auth_design_test.dart: email entry and registration at 320.0 / 1.0
00:13 +468 ~6: /Users/lute/project/momcozy-lab/app/test/features/auth/auth_design_test.dart: email entry and registration at 320.0 / 1.0
00:13 +469 ~6: /Users/lute/project/momcozy-lab/app/test/features/auth/auth_design_test.dart: email entry and registration at 320.0 / 1.0
00:13 +470 ~6: /Users/lute/project/momcozy-lab/app/test/features/auth/auth_design_test.dart: email entry and registration at 320.0 / 1.0
00:13 +471 ~6: /Users/lute/project/momcozy-lab/app/test/features/auth/auth_design_test.dart: email entry and registration at 320.0 / 1.0
00:13 +472 ~6: /Users/lute/project/momcozy-lab/app/test/features/auth/auth_design_test.dart: email entry and registration at 320.0 / 1.0
00:13 +473 ~6: /Users/lute/project/momcozy-lab/app/test/features/auth/auth_design_test.dart: email entry and registration at 320.0 / 1.0
00:13 +474 ~6: /Users/lute/project/momcozy-lab/app/test/features/agent_hub/artifacts/agent_motion_assessment_card_test.dart: motion assessment card emits only its dedicated route action
00:13 +475 ~6: /Users/lute/project/momcozy-lab/app/test/features/agent_hub/artifacts/agent_motion_assessment_card_test.dart: motion assessment card emits only its dedicated route action
00:13 +476 ~6: /Users/lute/project/momcozy-lab/app/test/features/auth/account_page_test.dart: account read retry and password-confirmed Google linking
00:13 +477 ~6: /Users/lute/project/momcozy-lab/app/test/features/agent_hub/artifacts/agent_card_export_test.dart: supported cards fit the 360.0 px viewport without exports
00:13 +478 ~6: /Users/lute/project/momcozy-lab/app/test/features/agent_hub/artifacts/agent_card_export_test.dart: supported cards fit the 360.0 px viewport without exports
00:13 +479 ~6: /Users/lute/project/momcozy-lab/app/test/features/agent_hub/artifacts/agent_card_export_test.dart: supported cards fit the 360.0 px viewport without exports
00:13 +480 ~6: /Users/lute/project/momcozy-lab/app/test/features/agent_hub/artifacts/agent_card_export_test.dart: supported cards fit the 360.0 px viewport without exports
00:13 +481 ~6: /Users/lute/project/momcozy-lab/app/test/features/agent_hub/artifacts/agent_card_export_test.dart: supported cards fit the 360.0 px viewport without exports
00:13 +482 ~6: /Users/lute/project/momcozy-lab/app/test/features/agent_hub/artifacts/agent_card_export_test.dart: supported cards fit the 360.0 px viewport without exports
00:13 +483 ~6: /Users/lute/project/momcozy-lab/app/test/features/agent_hub/artifacts/agent_card_export_test.dart: supported cards fit the 360.0 px viewport without exports
00:13 +484 ~6: /Users/lute/project/momcozy-lab/app/test/features/agent_hub/artifacts/agent_card_export_test.dart: supported cards fit the 360.0 px viewport without exports
00:13 +485 ~6: /Users/lute/project/momcozy-lab/app/test/features/agent_hub/artifacts/agent_card_export_test.dart: supported cards fit the 360.0 px viewport without exports
00:13 +486 ~6: /Users/lute/project/momcozy-lab/app/test/features/agent_hub/artifacts/agent_card_export_test.dart: supported cards fit the 360.0 px viewport without exports
00:13 +487 ~6: /Users/lute/project/momcozy-lab/app/test/features/agent_hub/artifacts/agent_card_export_test.dart: supported cards fit the 360.0 px viewport without exports
00:13 +488 ~6: /Users/lute/project/momcozy-lab/app/test/features/auth/auth_design_test.dart: account and confirmations at 320.0 / 1.0
00:14 +489 ~6: /Users/lute/project/momcozy-lab/app/test/features/agent_hub/artifacts/agent_card_export_test.dart: supported cards fit the 390.0 px viewport without exports
00:14 +490 ~6: /Users/lute/project/momcozy-lab/app/test/features/auth/auth_design_test.dart: email entry and registration at 320.0 / 2.0
00:14 +491 ~6: /Users/lute/project/momcozy-lab/app/test/features/auth/auth_design_test.dart: email entry and registration at 320.0 / 2.0
00:14 +492 ~6: /Users/lute/project/momcozy-lab/app/test/features/auth/auth_design_test.dart: reset form with keyboard at 320.0 / 2.0
00:14 +493 ~6: /Users/lute/project/momcozy-lab/app/test/features/auth/auth_design_test.dart: invite entry with short keyboard viewport at 320.0 / 2.0
00:14 +494 ~6: /Users/lute/project/momcozy-lab/app/test/features/auth/auth_design_test.dart: account and confirmations at 320.0 / 2.0
00:14 +495 ~6: /Users/lute/project/momcozy-lab/app/test/features/auth/auth_design_test.dart: email entry and registration at 390.0 / 1.0
00:14 +496 ~6: /Users/lute/project/momcozy-lab/app/test/features/auth/auth_design_test.dart: email entry and registration at 390.0 / 1.0
00:14 +497 ~6: /Users/lute/project/momcozy-lab/app/test/features/auth/auth_design_test.dart: email entry and registration at 390.0 / 1.0
00:14 +498 ~6: /Users/lute/project/momcozy-lab/app/test/features/auth/auth_design_test.dart: email entry and registration at 390.0 / 1.0
00:14 +499 ~6: /Users/lute/project/momcozy-lab/app/test/features/auth/auth_design_test.dart: email entry and registration at 390.0 / 1.0
00:14 +500 ~6: /Users/lute/project/momcozy-lab/app/test/features/auth/auth_design_test.dart: reset form with keyboard at 390.0 / 1.0
00:14 +501 ~6: /Users/lute/project/momcozy-lab/app/test/features/auth/auth_design_test.dart: reset form with keyboard at 390.0 / 1.0
00:14 +502 ~6: /Users/lute/project/momcozy-lab/app/test/features/auth/auth_design_test.dart: reset form with keyboard at 390.0 / 1.0
00:14 +503 ~6: /Users/lute/project/momcozy-lab/app/test/features/auth/auth_design_test.dart: reset form with keyboard at 390.0 / 1.0
00:14 +504 ~6: /Users/lute/project/momcozy-lab/app/test/features/auth/auth_design_test.dart: reset form with keyboard at 390.0 / 1.0
00:14 +505 ~6: /Users/lute/project/momcozy-lab/app/test/features/agent_hub/agent_history_design_test.dart: history states 320.0/1.0
00:14 +506 ~6: /Users/lute/project/momcozy-lab/app/test/features/agent_hub/agent_history_design_test.dart: history states 320.0/1.0
00:15 +507 ~6: /Users/lute/project/momcozy-lab/app/test/features/agent_hub/agent_history_design_test.dart: history states 320.0/1.0
00:15 +508 ~6: /Users/lute/project/momcozy-lab/app/test/features/agent_hub/agent_history_design_test.dart: history states 320.0/1.0
00:15 +509 ~6: /Users/lute/project/momcozy-lab/app/test/features/agent_hub/agent_history_design_test.dart: history states 320.0/1.0
00:15 +510 ~6: /Users/lute/project/momcozy-lab/app/test/features/agent_hub/agent_history_design_test.dart: history states 320.0/1.0
00:15 +511 ~6: /Users/lute/project/momcozy-lab/app/test/features/agent_hub/agent_history_design_test.dart: history states 320.0/1.0
00:15 +512 ~6: /Users/lute/project/momcozy-lab/app/test/features/agent_hub/agent_history_design_test.dart: history states 320.0/1.0
00:15 +513 ~6: /Users/lute/project/momcozy-lab/app/test/features/agent_hub/agent_history_design_test.dart: history states 320.0/1.0
00:15 +514 ~6: /Users/lute/project/momcozy-lab/app/test/features/agent_hub/agent_history_design_test.dart: history states 320.0/1.0
00:15 +515 ~6: /Users/lute/project/momcozy-lab/app/test/features/agent_hub/agent_history_design_test.dart: history states 320.0/1.0
00:15 +516 ~6: /Users/lute/project/momcozy-lab/app/test/features/agent_hub/agent_history_design_test.dart: history states 320.0/1.0
00:15 +517 ~6: /Users/lute/project/momcozy-lab/app/test/features/agent_hub/agent_me_design_test.dart: Agent cards and dialog at 320.0 / 1.0
00:15 +518 ~6: /Users/lute/project/momcozy-lab/app/test/features/agent_hub/agent_message_menu_design_test.dart: message menu 320.0/1.0
00:15 +519 ~6: /Users/lute/project/momcozy-lab/app/test/features/agent_hub/agent_message_menu_design_test.dart: message menu 320.0/1.0
00:15 +520 ~6: /Users/lute/project/momcozy-lab/app/test/features/agent_hub/agent_message_menu_design_test.dart: message menu 320.0/1.0
00:15 +521 ~6: /Users/lute/project/momcozy-lab/app/test/features/agent_hub/agent_message_menu_design_test.dart: message menu 320.0/1.0
00:15 +522 ~6: /Users/lute/project/momcozy-lab/app/test/features/agent_hub/agent_message_menu_design_test.dart: message menu 320.0/1.0
00:15 +523 ~6: /Users/lute/project/momcozy-lab/app/test/features/agent_hub/agent_message_menu_design_test.dart: message menu 320.0/1.0
00:15 +524 ~6: /Users/lute/project/momcozy-lab/app/test/features/agent_hub/agent_message_menu_design_test.dart: message menu 320.0/1.0
00:16 +525 ~6: /Users/lute/project/momcozy-lab/app/test/features/agent_hub/agent_message_menu_design_test.dart: message menu 320.0/1.0
00:16 +526 ~6: /Users/lute/project/momcozy-lab/app/test/features/agent_hub/agent_message_menu_design_test.dart: message menu 320.0/1.0
00:16 +527 ~6: /Users/lute/project/momcozy-lab/app/test/features/agent_hub/agent_message_menu_design_test.dart: message menu 320.0/1.0
00:16 +528 ~6: /Users/lute/project/momcozy-lab/app/test/features/agent_hub/agent_message_menu_design_test.dart: message menu 320.0/1.0
00:16 +529 ~6: /Users/lute/project/momcozy-lab/app/test/features/agent_hub/agent_message_menu_design_test.dart: message menu 320.0/1.0
00:16 +530 ~6: /Users/lute/project/momcozy-lab/app/test/features/agent_hub/agent_message_menu_design_test.dart: message menu 320.0/1.0
00:16 +531 ~6: /Users/lute/project/momcozy-lab/app/test/features/agent_hub/agent_message_menu_design_test.dart: message menu 320.0/1.0
00:16 +532 ~6: /Users/lute/project/momcozy-lab/app/test/features/agent_hub/agent_message_menu_design_test.dart: message menu 320.0/1.0
00:16 +533 ~6: /Users/lute/project/momcozy-lab/app/test/features/agent_hub/agent_markdown_design_test.dart: markdown reading 320.0/1.0
00:16 +534 ~6: /Users/lute/project/momcozy-lab/app/test/features/agent_hub/agent_markdown_design_test.dart: markdown reading 320.0/1.0
00:16 +535 ~6: /Users/lute/project/momcozy-lab/app/test/features/agent_hub/agent_markdown_design_test.dart: markdown reading 320.0/1.0
00:16 +536 ~6: /Users/lute/project/momcozy-lab/app/test/features/agent_hub/agent_markdown_design_test.dart: markdown reading 320.0/1.0
00:16 +537 ~6: /Users/lute/project/momcozy-lab/app/test/features/agent_hub/agent_history_design_test.dart: history states 390.0/1.0
00:16 +538 ~6: /Users/lute/project/momcozy-lab/app/test/features/agent_hub/agent_history_design_test.dart: history states 390.0/1.0
00:16 +539 ~6: /Users/lute/project/momcozy-lab/app/test/features/agent_hub/agent_history_design_test.dart: history states 390.0/1.0
00:16 +540 ~6: /Users/lute/project/momcozy-lab/app/test/features/agent_hub/agent_history_design_test.dart: history states 390.0/1.0
00:16 +541 ~6: /Users/lute/project/momcozy-lab/app/test/features/agent_hub/agent_history_design_test.dart: history states 390.0/1.0
00:16 +542 ~6: /Users/lute/project/momcozy-lab/app/test/features/agent_hub/agent_message_menu_design_test.dart: message menu 320.0/2.0
00:16 +543 ~6: /Users/lute/project/momcozy-lab/app/test/features/agent_hub/agent_markdown_design_test.dart: markdown reading 320.0/2.0
00:16 +544 ~6: /Users/lute/project/momcozy-lab/app/test/features/agent_hub/agent_markdown_design_test.dart: markdown reading 320.0/2.0
00:16 +545 ~6: /Users/lute/project/momcozy-lab/app/test/features/agent_hub/agent_result_design_test.dart: result cards 430.0/1.0
00:16 +546 ~6: /Users/lute/project/momcozy-lab/app/test/features/agent_hub/agent_result_design_test.dart: result cards 430.0/1.0
00:16 +547 ~6: /Users/lute/project/momcozy-lab/app/test/features/agent_hub/agent_history_design_test.dart: history states 390.0/2.0
00:16 +548 ~6: /Users/lute/project/momcozy-lab/app/test/features/agent_hub/agent_history_design_test.dart: history states 390.0/2.0
00:16 +549 ~6: /Users/lute/project/momcozy-lab/app/test/features/agent_hub/agent_history_design_test.dart: history states 390.0/2.0
00:16 +550 ~6: /Users/lute/project/momcozy-lab/app/test/features/agent_hub/agent_history_design_test.dart: history states 390.0/2.0
00:16 +551 ~6: /Users/lute/project/momcozy-lab/app/test/features/agent_hub/agent_history_design_test.dart: history states 390.0/2.0
00:16 +552 ~6: /Users/lute/project/momcozy-lab/app/test/features/agent_hub/agent_history_design_test.dart: history states 390.0/2.0
00:16 +553 ~6: /Users/lute/project/momcozy-lab/app/test/features/agent_hub/agent_history_design_test.dart: history states 390.0/2.0
00:16 +554 ~6: /Users/lute/project/momcozy-lab/app/test/features/agent_hub/agent_history_design_test.dart: history states 390.0/2.0
00:16 +555 ~6: /Users/lute/project/momcozy-lab/app/test/features/agent_hub/agent_message_menu_design_test.dart: message menu 390.0/2.0
00:16 +556 ~6: /Users/lute/project/momcozy-lab/app/test/features/agent_hub/agent_markdown_design_test.dart: markdown reading 430.0/1.0
00:16 +557 ~6: /Users/lute/project/momcozy-lab/app/test/features/agent_hub/agent_markdown_design_test.dart: markdown reading 430.0/1.0
00:16 +558 ~6: /Users/lute/project/momcozy-lab/app/test/features/agent_hub/agent_history_design_test.dart: history states 430.0/1.0
00:16 +559 ~6: /Users/lute/project/momcozy-lab/app/test/features/agent_hub/agent_history_design_test.dart: history states 430.0/1.0
00:16 +560 ~6: /Users/lute/project/momcozy-lab/app/test/features/agent_hub/agent_history_design_test.dart: history states 430.0/1.0
00:16 +561 ~6: /Users/lute/project/momcozy-lab/app/test/features/agent_hub/agent_history_design_test.dart: history states 430.0/1.0
00:16 +562 ~6: /Users/lute/project/momcozy-lab/app/test/features/agent_hub/agent_history_design_test.dart: history states 430.0/1.0
00:16 +563 ~6: /Users/lute/project/momcozy-lab/app/test/features/agent_hub/agent_history_design_test.dart: history states 430.0/1.0
00:16 +564 ~6: /Users/lute/project/momcozy-lab/app/test/features/agent_hub/agent_history_design_test.dart: history states 430.0/1.0
00:16 +565 ~6: /Users/lute/project/momcozy-lab/app/test/features/agent_hub/agent_history_design_test.dart: history states 430.0/1.0
00:17 +566 ~6: /Users/lute/project/momcozy-lab/app/test/features/agent_hub/agent_history_design_test.dart: history states 430.0/1.0
00:17 +567 ~6: /Users/lute/project/momcozy-lab/app/test/features/agent_hub/agent_history_design_test.dart: history states 430.0/1.0
00:17 +568 ~6: /Users/lute/project/momcozy-lab/app/test/features/agent_hub/agent_history_design_test.dart: history states 430.0/1.0
00:17 +569 ~6: /Users/lute/project/momcozy-lab/app/test/features/agent_hub/agent_history_design_test.dart: history states 430.0/1.0
00:17 +570 ~6: /Users/lute/project/momcozy-lab/app/test/features/agent_hub/agent_form_design_test.dart: form state rejects duplicate and completed submissions
00:17 +571 ~6: /Users/lute/project/momcozy-lab/app/test/features/agent_hub/agent_form_design_test.dart: form state rejects duplicate and completed submissions
00:17 +572 ~6: /Users/lute/project/momcozy-lab/app/test/features/agent_hub/agent_form_design_test.dart: form state rejects duplicate and completed submissions
00:17 +573 ~6: /Users/lute/project/momcozy-lab/app/test/features/agent_hub/agent_form_design_test.dart: form state rejects duplicate and completed submissions
00:17 +574 ~6: /Users/lute/project/momcozy-lab/app/test/features/agent_hub/agent_history_design_test.dart: history states 430.0/2.0
00:17 +575 ~6: /Users/lute/project/momcozy-lab/app/test/features/agent_hub/agent_history_design_test.dart: history states 430.0/2.0
00:17 +576 ~6: /Users/lute/project/momcozy-lab/app/test/features/agent_hub/agent_form_design_test.dart: form states 320.0/1.0
00:17 +577 ~6: /Users/lute/project/momcozy-lab/app/test/features/agent_hub/agent_form_design_test.dart: form states 320.0/1.0
00:17 +578 ~6: /Users/lute/project/momcozy-lab/app/test/features/agent_hub/agent_form_design_test.dart: form states 320.0/1.0
00:17 +579 ~6: /Users/lute/project/momcozy-lab/app/test/features/agent_hub/agent_form_design_test.dart: form states 320.0/1.0
00:17 +580 ~6: /Users/lute/project/momcozy-lab/app/test/features/agent_hub/agent_form_design_test.dart: form states 320.0/1.0
00:17 +581 ~6: /Users/lute/project/momcozy-lab/app/test/features/agent_hub/agent_form_design_test.dart: form states 320.0/1.0
00:18 +582 ~6: /Users/lute/project/momcozy-lab/app/test/features/agent_hub/agent_form_design_test.dart: form states 320.0/1.0
00:18 +583 ~6: /Users/lute/project/momcozy-lab/app/test/features/agent_hub/agent_form_design_test.dart: form states 320.0/1.0
00:18 +584 ~6: /Users/lute/project/momcozy-lab/app/test/features/agent_hub/agent_form_design_test.dart: form states 320.0/1.0
00:18 +585 ~6: /Users/lute/project/momcozy-lab/app/test/features/agent_hub/agent_form_design_test.dart: form states 320.0/1.0
00:18 +586 ~6: /Users/lute/project/momcozy-lab/app/test/features/agent_hub/agent_form_design_test.dart: form states 320.0/1.0
00:18 +587 ~6: /Users/lute/project/momcozy-lab/app/test/features/agent_hub/agent_form_design_test.dart: form states 320.0/1.0
00:18 +588 ~6: /Users/lute/project/momcozy-lab/app/test/features/agent_hub/agent_form_design_test.dart: form states 320.0/1.0
00:18 +589 ~6: /Users/lute/project/momcozy-lab/app/test/features/agent_hub/agent_form_design_test.dart: form states 320.0/1.0
00:18 +590 ~6: /Users/lute/project/momcozy-lab/app/test/features/agent_hub/agent_form_design_test.dart: form states 320.0/1.0
00:18 +591 ~6: /Users/lute/project/momcozy-lab/app/test/features/agent_hub/agent_form_design_test.dart: form states 320.0/1.0
00:18 +592 ~6: /Users/lute/project/momcozy-lab/app/test/features/agent_hub/agent_form_design_test.dart: form states 320.0/1.0
00:18 +593 ~6: /Users/lute/project/momcozy-lab/app/test/features/agent_hub/agent_form_design_test.dart: form states 320.0/1.0
00:18 +594 ~6: /Users/lute/project/momcozy-lab/app/test/features/agent_hub/agent_form_design_test.dart: form states 320.0/1.0
00:18 +595 ~6: /Users/lute/project/momcozy-lab/app/test/features/agent_hub/agent_form_design_test.dart: form states 320.0/1.0
00:18 +596 ~6: /Users/lute/project/momcozy-lab/app/test/features/agent_hub/agent_form_design_test.dart: form states 320.0/1.0
00:18 +597 ~6: /Users/lute/project/momcozy-lab/app/test/features/agent_hub/agent_form_design_test.dart: form states 320.0/1.0
00:18 +598 ~6: /Users/lute/project/momcozy-lab/app/test/features/agent_hub/agent_form_design_test.dart: form states 320.0/1.0
00:18 +599 ~6: /Users/lute/project/momcozy-lab/app/test/features/agent_hub/agent_form_design_test.dart: form states 320.0/1.0
00:18 +600 ~6: /Users/lute/project/momcozy-lab/app/test/features/agent_hub/agent_form_design_test.dart: form states 320.0/1.0
00:18 +601 ~6: /Users/lute/project/momcozy-lab/app/test/features/agent_hub/agent_form_design_test.dart: form states 320.0/1.0
00:18 +602 ~6: /Users/lute/project/momcozy-lab/app/test/features/agent_hub/agent_form_design_test.dart: form states 320.0/1.0
00:18 +603 ~6: /Users/lute/project/momcozy-lab/app/test/features/agent_hub/agent_form_design_test.dart: form states 320.0/1.0
00:18 +604 ~6: /Users/lute/project/momcozy-lab/app/test/features/agent_hub/agent_form_design_test.dart: form states 320.0/1.0
00:18 +605 ~6: /Users/lute/project/momcozy-lab/app/test/features/agent_hub/agent_form_design_test.dart: form states 320.0/1.0
00:18 +606 ~6: /Users/lute/project/momcozy-lab/app/test/features/agent_hub/agent_form_design_test.dart: form states 320.0/1.0
00:18 +607 ~6: /Users/lute/project/momcozy-lab/app/test/features/agent_hub/agent_form_design_test.dart: form states 320.0/1.0
00:18 +608 ~6: /Users/lute/project/momcozy-lab/app/test/features/agent_hub/agent_form_design_test.dart: form states 320.0/1.0
00:18 +609 ~6: /Users/lute/project/momcozy-lab/app/test/features/agent_hub/agent_image_design_test.dart: image metadata, empty response, retry and zoom 320.0/1.0
00:18 +610 ~6: /Users/lute/project/momcozy-lab/app/test/features/agent_hub/agent_image_design_test.dart: image metadata, empty response, retry and zoom 320.0/1.0
00:18 +611 ~6: /Users/lute/project/momcozy-lab/app/test/features/agent_hub/agent_image_design_test.dart: image metadata, empty response, retry and zoom 320.0/1.0
00:18 +612 ~6: /Users/lute/project/momcozy-lab/app/test/features/agent_hub/agent_image_design_test.dart: image metadata, empty response, retry and zoom 320.0/1.0
00:18 +613 ~6: /Users/lute/project/momcozy-lab/app/test/features/agent_hub/agent_image_design_test.dart: image metadata, empty response, retry and zoom 320.0/1.0
00:18 +614 ~6: /Users/lute/project/momcozy-lab/app/test/features/agent_hub/agent_image_design_test.dart: image metadata, empty response, retry and zoom 320.0/1.0
00:18 +615 ~6: /Users/lute/project/momcozy-lab/app/test/features/agent_hub/agent_image_design_test.dart: image metadata, empty response, retry and zoom 320.0/1.0
00:18 +616 ~6: /Users/lute/project/momcozy-lab/app/test/features/agent_hub/agent_image_design_test.dart: image metadata, empty response, retry and zoom 320.0/1.0
00:18 +617 ~6: /Users/lute/project/momcozy-lab/app/test/features/agent_hub/agent_image_design_test.dart: image metadata, empty response, retry and zoom 320.0/1.0
00:18 +618 ~6: /Users/lute/project/momcozy-lab/app/test/features/agent_hub/agent_image_design_test.dart: image metadata, empty response, retry and zoom 320.0/1.0
00:18 +619 ~6: /Users/lute/project/momcozy-lab/app/test/features/agent_hub/agent_image_design_test.dart: image metadata, empty response, retry and zoom 320.0/1.0
00:18 +620 ~6: /Users/lute/project/momcozy-lab/app/test/features/agent_hub/agent_image_design_test.dart: image metadata, empty response, retry and zoom 320.0/1.0
00:18 +621 ~6: /Users/lute/project/momcozy-lab/app/test/features/agent_hub/agent_image_design_test.dart: image metadata, empty response, retry and zoom 320.0/1.0
00:18 +622 ~6: /Users/lute/project/momcozy-lab/app/test/features/agent_hub/agent_image_design_test.dart: image metadata, empty response, retry and zoom 320.0/1.0
00:18 +623 ~6: /Users/lute/project/momcozy-lab/app/test/features/agent_hub/agent_image_design_test.dart: image metadata, empty response, retry and zoom 320.0/1.0
00:18 +624 ~6: /Users/lute/project/momcozy-lab/app/test/features/agent_hub/agent_image_design_test.dart: image metadata, empty response, retry and zoom 320.0/1.0
00:18 +625 ~6: /Users/lute/project/momcozy-lab/app/test/features/agent_hub/agent_image_design_test.dart: image metadata, empty response, retry and zoom 320.0/1.0
00:18 +626 ~6: /Users/lute/project/momcozy-lab/app/test/features/agent_hub/agent_image_design_test.dart: image metadata, empty response, retry and zoom 320.0/1.0
00:18 +627 ~6: /Users/lute/project/momcozy-lab/app/test/features/agent_hub/agent_image_design_test.dart: image metadata, empty response, retry and zoom 320.0/1.0
00:19 +628 ~6: /Users/lute/project/momcozy-lab/app/test/features/agent_hub/agent_image_design_test.dart: image metadata, empty response, retry and zoom 320.0/1.0
00:19 +629 ~6: /Users/lute/project/momcozy-lab/app/test/features/agent_hub/agent_image_design_test.dart: image metadata, empty response, retry and zoom 320.0/1.0
00:19 +630 ~6: /Users/lute/project/momcozy-lab/app/test/features/agent_hub/agent_image_design_test.dart: image metadata, empty response, retry and zoom 320.0/1.0
00:19 +631 ~6: /Users/lute/project/momcozy-lab/app/test/features/agent_hub/agent_image_design_test.dart: image metadata, empty response, retry and zoom 320.0/1.0
00:19 +632 ~6: /Users/lute/project/momcozy-lab/app/test/features/agent_hub/agent_image_design_test.dart: image metadata, empty response, retry and zoom 320.0/1.0
00:19 +633 ~6: /Users/lute/project/momcozy-lab/app/test/features/agent_hub/agent_image_design_test.dart: image metadata, empty response, retry and zoom 320.0/1.0
00:19 +634 ~6: /Users/lute/project/momcozy-lab/app/test/features/agent_hub/agent_image_design_test.dart: image metadata, empty response, retry and zoom 320.0/1.0
00:19 +635 ~6: /Users/lute/project/momcozy-lab/app/test/features/agent_hub/agent_voice_design_test.dart: voice states 320.0/1.0
00:19 +636 ~6: /Users/lute/project/momcozy-lab/app/test/features/agent_hub/agent_voice_design_test.dart: voice states 320.0/1.0
00:19 +637 ~6: /Users/lute/project/momcozy-lab/app/test/features/agent_hub/agent_voice_design_test.dart: voice states 320.0/1.0
00:19 +638 ~6: /Users/lute/project/momcozy-lab/app/test/features/agent_hub/agent_voice_design_test.dart: voice states 320.0/1.0
00:19 +639 ~6: /Users/lute/project/momcozy-lab/app/test/features/agent_hub/agent_conversation_design_test.dart: conversation recovery 320.0/1.0
00:19 +640 ~6: /Users/lute/project/momcozy-lab/app/test/features/agent_hub/agent_conversation_design_test.dart: conversation recovery 320.0/1.0
00:19 +641 ~6: /Users/lute/project/momcozy-lab/app/test/features/agent_hub/agent_conversation_design_test.dart: conversation recovery 320.0/1.0
00:19 +642 ~6: /Users/lute/project/momcozy-lab/app/test/features/agent_hub/agent_conversation_design_test.dart: conversation recovery 320.0/1.0
00:19 +643 ~6: /Users/lute/project/momcozy-lab/app/test/features/agent_hub/agent_conversation_design_test.dart: conversation recovery 320.0/1.0
00:19 +644 ~6: /Users/lute/project/momcozy-lab/app/test/features/agent_hub/agent_conversation_design_test.dart: conversation recovery 320.0/1.0
00:19 +645 ~6: /Users/lute/project/momcozy-lab/app/test/features/agent_hub/agent_conversation_design_test.dart: conversation recovery 320.0/1.0
00:19 +646 ~6: /Users/lute/project/momcozy-lab/app/test/features/agent_hub/agent_conversation_design_test.dart: conversation recovery 320.0/1.0
00:19 +647 ~6: /Users/lute/project/momcozy-lab/app/test/features/agent_hub/agent_conversation_design_test.dart: conversation recovery 320.0/1.0
00:19 +648 ~6: /Users/lute/project/momcozy-lab/app/test/features/agent_hub/agent_conversation_design_test.dart: conversation recovery 320.0/1.0
00:19 +649 ~6: /Users/lute/project/momcozy-lab/app/test/features/agent_hub/agent_conversation_design_test.dart: conversation recovery 320.0/1.0
00:20 +650 ~6: /Users/lute/project/momcozy-lab/app/test/features/agent_hub/agent_conversation_design_test.dart: conversation recovery 320.0/1.0
00:20 +651 ~6: /Users/lute/project/momcozy-lab/app/test/features/agent_hub/agent_conversation_design_test.dart: conversation recovery 320.0/1.0
00:20 +652 ~6: /Users/lute/project/momcozy-lab/app/test/features/agent_hub/agent_conversation_design_test.dart: conversation recovery 320.0/1.0
00:20 +653 ~6: /Users/lute/project/momcozy-lab/app/test/features/agent_hub/agent_conversation_design_test.dart: conversation recovery 320.0/1.0
00:20 +654 ~6: /Users/lute/project/momcozy-lab/app/test/features/agent_hub/agent_conversation_design_test.dart: conversation recovery 320.0/1.0
00:20 +655 ~6: /Users/lute/project/momcozy-lab/app/test/features/agent_hub/agent_conversation_design_test.dart: conversation recovery 320.0/1.0
00:20 +656 ~6: /Users/lute/project/momcozy-lab/app/test/features/agent_hub/agent_conversation_design_test.dart: conversation recovery 320.0/1.0
00:20 +657 ~6: /Users/lute/project/momcozy-lab/app/test/features/agent_hub/agent_conversation_design_test.dart: conversation recovery 320.0/1.0
00:20 +658 ~6: /Users/lute/project/momcozy-lab/app/test/features/agent_hub/agent_conversation_design_test.dart: conversation recovery 320.0/1.0
00:20 +659 ~6: /Users/lute/project/momcozy-lab/app/test/features/agent_hub/agent_conversation_design_test.dart: conversation recovery 320.0/1.0
00:20 +660 ~6: /Users/lute/project/momcozy-lab/app/test/features/agent_hub/agent_conversation_design_test.dart: conversation recovery 320.0/1.0
00:20 +661 ~6: /Users/lute/project/momcozy-lab/app/test/features/agent_hub/agent_conversation_design_test.dart: conversation recovery 320.0/1.0
00:20 +662 ~6: /Users/lute/project/momcozy-lab/app/test/features/agent_hub/agent_conversation_design_test.dart: conversation recovery 320.0/1.0
00:20 +663 ~6: /Users/lute/project/momcozy-lab/app/test/features/agent_hub/agent_conversation_design_test.dart: conversation recovery 320.0/1.0
00:20 +664 ~6: /Users/lute/project/momcozy-lab/app/test/features/agent_hub/agent_conversation_design_test.dart: conversation recovery 320.0/1.0
00:20 +665 ~6: /Users/lute/project/momcozy-lab/app/test/features/agent_hub/agent_conversation_design_test.dart: conversation recovery 320.0/1.0
00:20 +666 ~6: /Users/lute/project/momcozy-lab/app/test/features/agent_hub/agent_message_menu_test.dart: history message copies its own complete text
00:20 +667 ~6: /Users/lute/project/momcozy-lab/app/test/features/agent_hub/agent_message_menu_test.dart: history message copies its own complete text
00:20 +668 ~6: /Users/lute/project/momcozy-lab/app/test/features/agent_hub/agent_message_menu_test.dart: history message copies its own complete text
00:20 +669 ~6: /Users/lute/project/momcozy-lab/app/test/features/agent_hub/agent_form_design_test.dart: form states 430.0/1.0
00:20 +670 ~6: /Users/lute/project/momcozy-lab/app/test/features/agent_hub/agent_form_design_test.dart: form states 430.0/1.0
00:20 +671 ~6: /Users/lute/project/momcozy-lab/app/test/features/agent_hub/agent_form_design_test.dart: form states 430.0/1.0
00:20 +672 ~6: /Users/lute/project/momcozy-lab/app/test/features/agent_hub/agent_image_design_test.dart: image metadata, empty response, retry and zoom 430.0/2.0
00:20 +673 ~6: /Users/lute/project/momcozy-lab/app/test/features/agent_hub/agent_image_design_test.dart: image metadata, empty response, retry and zoom 430.0/2.0
00:20 +674 ~6: /Users/lute/project/momcozy-lab/app/test/features/agent_hub/agent_voice_design_test.dart: voice states 390.0/2.0
00:20 +675 ~6: /Users/lute/project/momcozy-lab/app/test/features/agent_hub/agent_voice_design_test.dart: voice states 390.0/2.0
00:20 +676 ~6: /Users/lute/project/momcozy-lab/app/test/features/agent_hub/agent_voice_design_test.dart: voice states 390.0/2.0
00:20 +677 ~6: /Users/lute/project/momcozy-lab/app/test/features/agent_hub/agent_voice_design_test.dart: voice states 390.0/2.0
00:20 +678 ~6: /Users/lute/project/momcozy-lab/app/test/features/agent_hub/agent_conversation_design_test.dart: conversation recovery 320.0/2.0
00:20 +679 ~6: /Users/lute/project/momcozy-lab/app/test/features/agent_hub/agent_conversation_design_test.dart: conversation recovery 320.0/2.0
00:20 +680 ~6: /Users/lute/project/momcozy-lab/app/test/features/agent_hub/agent_conversation_design_test.dart: conversation recovery 320.0/2.0
00:21 +681 ~6: /Users/lute/project/momcozy-lab/app/test/features/agent_hub/agent_conversation_design_test.dart: conversation recovery 320.0/2.0
00:21 +682 ~6: /Users/lute/project/momcozy-lab/app/test/features/agent_hub/agent_conversation_design_test.dart: conversation recovery 320.0/2.0
00:21 +683 ~6: /Users/lute/project/momcozy-lab/app/test/features/agent_hub/agent_conversation_design_test.dart: conversation recovery 320.0/2.0
00:21 +684 ~6: /Users/lute/project/momcozy-lab/app/test/features/agent_hub/agent_conversation_design_test.dart: conversation recovery 320.0/2.0
00:21 +685 ~6: /Users/lute/project/momcozy-lab/app/test/features/agent_hub/agent_conversation_design_test.dart: conversation recovery 320.0/2.0
00:21 +686 ~6: /Users/lute/project/momcozy-lab/app/test/features/agent_hub/agent_conversation_design_test.dart: conversation recovery 320.0/2.0
00:21 +687 ~6: /Users/lute/project/momcozy-lab/app/test/features/agent_hub/agent_conversation_design_test.dart: conversation recovery 320.0/2.0
00:21 +688 ~6: /Users/lute/project/momcozy-lab/app/test/features/agent_hub/agent_voice_design_test.dart: voice states 430.0/1.0
00:21 +689 ~6: /Users/lute/project/momcozy-lab/app/test/features/agent_hub/agent_voice_design_test.dart: voice states 430.0/1.0
00:21 +690 ~6: /Users/lute/project/momcozy-lab/app/test/features/agent_hub/agent_voice_design_test.dart: voice states 430.0/1.0
00:21 +691 ~6: /Users/lute/project/momcozy-lab/app/test/features/agent_hub/agent_voice_design_test.dart: voice states 430.0/1.0
00:21 +692 ~6: /Users/lute/project/momcozy-lab/app/test/features/agent_hub/agent_voice_design_test.dart: voice states 430.0/1.0
00:21 +693 ~6: /Users/lute/project/momcozy-lab/app/test/features/agent_hub/agent_voice_design_test.dart: voice states 430.0/1.0
00:21 +694 ~6: /Users/lute/project/momcozy-lab/app/test/features/agent_hub/agent_voice_design_test.dart: voice states 430.0/1.0
00:21 +695 ~6: /Users/lute/project/momcozy-lab/app/test/features/agent_hub/agent_voice_design_test.dart: voice states 430.0/1.0
00:21 +696 ~6: /Users/lute/project/momcozy-lab/app/test/features/agent_hub/agent_voice_design_test.dart: voice states 430.0/1.0
00:21 +697 ~6: /Users/lute/project/momcozy-lab/app/test/features/agent_hub/agent_voice_design_test.dart: voice states 430.0/1.0
00:21 +698 ~6: /Users/lute/project/momcozy-lab/app/test/features/agent_hub/agent_voice_design_test.dart: voice states 430.0/1.0
00:21 +699 ~6: /Users/lute/project/momcozy-lab/app/test/features/agent_hub/agent_voice_design_test.dart: voice states 430.0/1.0
00:21 +700 ~6: /Users/lute/project/momcozy-lab/app/test/features/agent_hub/agent_conversation_design_test.dart: conversation recovery 390.0/1.0
00:21 +701 ~6: /Users/lute/project/momcozy-lab/app/test/features/agent_hub/agent_conversation_design_test.dart: conversation recovery 390.0/1.0
00:21 +702 ~6: /Users/lute/project/momcozy-lab/app/test/features/agent_hub/agent_conversation_design_test.dart: conversation recovery 390.0/1.0
00:21 +703 ~6: /Users/lute/project/momcozy-lab/app/test/features/agent_hub/agent_conversation_design_test.dart: conversation recovery 390.0/1.0
00:21 +704 ~6: /Users/lute/project/momcozy-lab/app/test/features/agent_hub/agent_conversation_design_test.dart: conversation recovery 390.0/1.0
00:21 +705 ~6: /Users/lute/project/momcozy-lab/app/test/features/agent_hub/agent_conversation_design_test.dart: conversation recovery 390.0/1.0
00:21 +706 ~6: /Users/lute/project/momcozy-lab/app/test/features/agent_hub/agent_conversation_design_test.dart: conversation recovery 390.0/1.0
00:21 +707 ~6: /Users/lute/project/momcozy-lab/app/test/features/agent_hub/agent_conversation_design_test.dart: conversation recovery 390.0/1.0
00:21 +708 ~6: /Users/lute/project/momcozy-lab/app/test/features/agent_hub/agent_attachment_design_test.dart: attachment layout and draft actions 320.0/1.0
00:21 +709 ~6: /Users/lute/project/momcozy-lab/app/test/features/agent_hub/agent_attachment_design_test.dart: attachment layout and draft actions 320.0/1.0
00:21 +710 ~6: /Users/lute/project/momcozy-lab/app/test/features/agent_hub/agent_attachment_design_test.dart: attachment layout and draft actions 320.0/1.0
00:22 +711 ~6: /Users/lute/project/momcozy-lab/app/test/features/agent_hub/agent_attachment_design_test.dart: attachment layout and draft actions 320.0/1.0
00:22 +712 ~6: /Users/lute/project/momcozy-lab/app/test/features/agent_hub/agent_attachment_design_test.dart: attachment layout and draft actions 320.0/1.0
00:22 +713 ~6: /Users/lute/project/momcozy-lab/app/test/features/agent_hub/agent_attachment_design_test.dart: attachment layout and draft actions 320.0/1.0
00:22 +714 ~6: /Users/lute/project/momcozy-lab/app/test/features/agent_hub/agent_attachment_design_test.dart: attachment layout and draft actions 320.0/1.0
00:22 +715 ~6: /Users/lute/project/momcozy-lab/app/test/features/agent_hub/agent_attachment_design_test.dart: attachment layout and draft actions 320.0/1.0
00:22 +716 ~6: /Users/lute/project/momcozy-lab/app/test/features/agent_hub/agent_attachment_design_test.dart: attachment layout and draft actions 320.0/1.0
00:22 +717 ~6: /Users/lute/project/momcozy-lab/app/test/features/agent_hub/agent_attachment_design_test.dart: attachment layout and draft actions 320.0/1.0
00:22 +718 ~6: /Users/lute/project/momcozy-lab/app/test/features/agent_hub/agent_attachment_design_test.dart: attachment layout and draft actions 320.0/1.0
00:22 +719 ~6: /Users/lute/project/momcozy-lab/app/test/features/agent_hub/agent_attachment_design_test.dart: attachment layout and draft actions 320.0/1.0
00:22 +720 ~6: /Users/lute/project/momcozy-lab/app/test/features/agent_hub/agent_attachment_design_test.dart: attachment layout and draft actions 320.0/1.0
00:22 +721 ~6: /Users/lute/project/momcozy-lab/app/test/features/agent_hub/agent_attachment_design_test.dart: attachment layout and draft actions 320.0/1.0
00:22 +722 ~6: /Users/lute/project/momcozy-lab/app/test/features/agent_hub/agent_attachment_design_test.dart: attachment layout and draft actions 320.0/1.0
00:22 +723 ~6: /Users/lute/project/momcozy-lab/app/test/features/agent_hub/agent_attachment_design_test.dart: attachment layout and draft actions 320.0/1.0
00:22 +724 ~6: /Users/lute/project/momcozy-lab/app/test/features/agent_hub/agent_attachment_design_test.dart: attachment layout and draft actions 320.0/1.0
00:22 +725 ~6: /Users/lute/project/momcozy-lab/app/test/features/agent_hub/agent_attachment_design_test.dart: attachment layout and draft actions 320.0/1.0
00:22 +726 ~6: /Users/lute/project/momcozy-lab/app/test/features/agent_hub/agent_attachment_design_test.dart: attachment layout and draft actions 320.0/1.0
00:22 +727 ~6: /Users/lute/project/momcozy-lab/app/test/features/agent_hub/agent_attachment_design_test.dart: attachment layout and draft actions 320.0/1.0
00:22 +728 ~6: /Users/lute/project/momcozy-lab/app/test/features/agent_hub/agent_attachment_design_test.dart: attachment layout and draft actions 320.0/1.0
00:22 +729 ~6: /Users/lute/project/momcozy-lab/app/test/features/agent_hub/agent_attachment_design_test.dart: attachment layout and draft actions 320.0/1.0
00:22 +730 ~6: /Users/lute/project/momcozy-lab/app/test/features/agent_hub/agent_attachment_design_test.dart: attachment layout and draft actions 320.0/1.0
00:22 +731 ~6: /Users/lute/project/momcozy-lab/app/test/features/agent_hub/agent_conversation_design_test.dart: conversation recovery 390.0/2.0
00:22 +732 ~6: /Users/lute/project/momcozy-lab/app/test/features/agent_hub/agent_conversation_design_test.dart: conversation recovery 390.0/2.0
00:22 +733 ~6: /Users/lute/project/momcozy-lab/app/test/features/notifications/notifications_page_test.dart: shows the real inbox and supports read and archive actions
00:22 +734 ~6: /Users/lute/project/momcozy-lab/app/test/features/agent_hub/agent_hub_page_test.dart: Agent Hub attaches image input to the next request
00:22 +735 ~6: /Users/lute/project/momcozy-lab/app/test/features/agent_hub/agent_hub_page_test.dart: Agent Hub attaches image input to the next request
00:22 +736 ~6: /Users/lute/project/momcozy-lab/app/test/features/agent_hub/agent_attachment_design_test.dart: attachment layout and draft actions 320.0/2.0
00:22 +737 ~6: /Users/lute/project/momcozy-lab/app/test/features/agent_hub/agent_attachment_design_test.dart: attachment layout and draft actions 320.0/2.0
00:22 +738 ~6: /Users/lute/project/momcozy-lab/app/test/features/agent_hub/agent_attachment_design_test.dart: attachment layout and draft actions 320.0/2.0
00:22 +739 ~6: /Users/lute/project/momcozy-lab/app/test/features/agent_hub/agent_attachment_design_test.dart: attachment layout and draft actions 320.0/2.0
00:22 +740 ~6: /Users/lute/project/momcozy-lab/app/test/features/agent_hub/agent_attachment_design_test.dart: attachment layout and draft actions 320.0/2.0
00:22 +741 ~6: /Users/lute/project/momcozy-lab/app/test/features/agent_hub/agent_attachment_design_test.dart: attachment layout and draft actions 320.0/2.0
00:22 +742 ~6: /Users/lute/project/momcozy-lab/app/test/features/agent_hub/agent_attachment_design_test.dart: attachment layout and draft actions 320.0/2.0
00:22 +743 ~6: /Users/lute/project/momcozy-lab/app/test/features/agent_hub/agent_attachment_design_test.dart: attachment layout and draft actions 320.0/2.0
00:22 +744 ~6: /Users/lute/project/momcozy-lab/app/test/features/agent_hub/agent_attachment_design_test.dart: attachment layout and draft actions 320.0/2.0
00:22 +745 ~6: /Users/lute/project/momcozy-lab/app/test/features/agent_hub/agent_attachment_design_test.dart: attachment layout and draft actions 320.0/2.0
00:22 +746 ~6: /Users/lute/project/momcozy-lab/app/test/features/agent_hub/agent_attachment_design_test.dart: attachment layout and draft actions 320.0/2.0
00:22 +747 ~6: /Users/lute/project/momcozy-lab/app/test/features/agent_hub/agent_attachment_design_test.dart: attachment layout and draft actions 320.0/2.0
00:22 +748 ~6: /Users/lute/project/momcozy-lab/app/test/features/agent_hub/agent_attachment_design_test.dart: attachment layout and draft actions 320.0/2.0
00:22 +749 ~6: /Users/lute/project/momcozy-lab/app/test/features/agent_hub/agent_attachment_design_test.dart: attachment layout and draft actions 320.0/2.0
00:22 +750 ~6: /Users/lute/project/momcozy-lab/app/test/features/agent_hub/agent_attachment_design_test.dart: attachment layout and draft actions 320.0/2.0
00:22 +751 ~6: /Users/lute/project/momcozy-lab/app/test/features/agent_hub/agent_attachment_design_test.dart: attachment layout and draft actions 320.0/2.0
00:22 +752 ~6: /Users/lute/project/momcozy-lab/app/test/features/agent_hub/agent_attachment_design_test.dart: attachment layout and draft actions 320.0/2.0
00:22 +753 ~6: /Users/lute/project/momcozy-lab/app/test/features/agent_hub/agent_attachment_design_test.dart: attachment layout and draft actions 320.0/2.0
00:22 +754 ~6: /Users/lute/project/momcozy-lab/app/test/features/agent_hub/agent_attachment_design_test.dart: attachment layout and draft actions 320.0/2.0
00:22 +755 ~6: /Users/lute/project/momcozy-lab/app/test/features/agent_hub/agent_conversation_design_test.dart: conversation recovery 430.0/1.0
00:22 +756 ~6: /Users/lute/project/momcozy-lab/app/test/features/agent_hub/agent_conversation_design_test.dart: conversation recovery 430.0/1.0
00:22 +757 ~6: /Users/lute/project/momcozy-lab/app/test/features/agent_hub/agent_conversation_design_test.dart: conversation recovery 430.0/1.0
00:23 +758 ~6: /Users/lute/project/momcozy-lab/app/test/features/agent_hub/agent_conversation_design_test.dart: conversation recovery 430.0/1.0
00:23 +759 ~6: /Users/lute/project/momcozy-lab/app/test/features/agent_hub/agent_conversation_design_test.dart: conversation recovery 430.0/1.0
00:23 +760 ~6: /Users/lute/project/momcozy-lab/app/test/features/agent_hub/agent_conversation_design_test.dart: conversation recovery 430.0/1.0
00:23 +761 ~6: /Users/lute/project/momcozy-lab/app/test/features/agent_hub/agent_conversation_design_test.dart: conversation recovery 430.0/1.0
00:23 +762 ~6: /Users/lute/project/momcozy-lab/app/test/features/agent_hub/agent_conversation_design_test.dart: conversation recovery 430.0/1.0
00:23 +763 ~6: /Users/lute/project/momcozy-lab/app/test/features/agent_hub/agent_attachment_design_test.dart: attachment layout and draft actions 390.0/2.0
00:23 +764 ~6: /Users/lute/project/momcozy-lab/app/test/features/agent_hub/agent_attachment_design_test.dart: attachment layout and draft actions 390.0/2.0
00:23 +765 ~6: /Users/lute/project/momcozy-lab/app/test/features/agent_hub/agent_attachment_design_test.dart: attachment layout and draft actions 390.0/2.0
00:23 +766 ~6: /Users/lute/project/momcozy-lab/app/test/features/agent_hub/agent_conversation_design_test.dart: conversation recovery 430.0/2.0
00:23 +767 ~6: /Users/lute/project/momcozy-lab/app/test/features/agent_hub/agent_conversation_design_test.dart: conversation recovery 430.0/2.0
00:23 +768 ~6: /Users/lute/project/momcozy-lab/app/test/features/agent_hub/agent_conversation_design_test.dart: conversation recovery 430.0/2.0
00:23 +769 ~6: /Users/lute/project/momcozy-lab/app/test/features/agent_hub/agent_conversation_design_test.dart: conversation recovery 430.0/2.0
00:23 +770 ~6: /Users/lute/project/momcozy-lab/app/test/features/agent_hub/agent_conversation_design_test.dart: conversation recovery 430.0/2.0
00:23 +771 ~6: /Users/lute/project/momcozy-lab/app/test/features/agent_hub/agent_conversation_design_test.dart: conversation recovery 430.0/2.0
00:23 +772 ~6: /Users/lute/project/momcozy-lab/app/test/features/agent_hub/agent_conversation_design_test.dart: conversation recovery 430.0/2.0
00:23 +773 ~6: /Users/lute/project/momcozy-lab/app/test/features/agent_hub/agent_conversation_design_test.dart: conversation recovery 430.0/2.0
00:23 +774 ~6: /Users/lute/project/momcozy-lab/app/test/features/agent_hub/agent_conversation_design_test.dart: conversation recovery 430.0/2.0
00:23 +775 ~6: /Users/lute/project/momcozy-lab/app/test/features/agent_hub/agent_conversation_design_test.dart: conversation recovery 430.0/2.0
00:23 +776 ~6: /Users/lute/project/momcozy-lab/app/test/features/agent_hub/agent_conversation_design_test.dart: conversation recovery 430.0/2.0
00:23 +777 ~6: /Users/lute/project/momcozy-lab/app/test/features/notifications/notification_widgets_test.dart: first reminder uses education and denial leaves it off
00:23 +778 ~6: /Users/lute/project/momcozy-lab/app/test/features/notifications/notification_widgets_test.dart: first reminder uses education and denial leaves it off
00:23 +779 ~6: /Users/lute/project/momcozy-lab/app/test/features/notifications/notification_widgets_test.dart: first reminder uses education and denial leaves it off
00:24 +780 ~6: /Users/lute/project/momcozy-lab/app/test/features/notifications/notification_widgets_test.dart: first reminder uses education and denial leaves it off
00:24 +781 ~6: /Users/lute/project/momcozy-lab/app/test/features/notifications/notification_widgets_test.dart: first reminder uses education and denial leaves it off
00:24 +782 ~6: /Users/lute/project/momcozy-lab/app/test/features/notifications/notification_widgets_test.dart: first reminder uses education and denial leaves it off
00:24 +783 ~6: /Users/lute/project/momcozy-lab/app/test/features/notifications/notification_widgets_test.dart: first reminder uses education and denial leaves it off
00:24 +784 ~6: /Users/lute/project/momcozy-lab/app/test/features/notifications/notification_widgets_test.dart: first reminder uses education and denial leaves it off
00:24 +785 ~6: /Users/lute/project/momcozy-lab/app/test/features/notifications/notification_design_test.dart: inbox and retained-content error at 320.0 / 1.0
00:24 +786 ~6: /Users/lute/project/momcozy-lab/app/test/features/notifications/notification_design_test.dart: inbox and retained-content error at 320.0 / 1.0
00:24 +787 ~6: /Users/lute/project/momcozy-lab/app/test/features/notifications/notification_design_test.dart: inbox and retained-content error at 320.0 / 1.0
00:24 +788 ~6: /Users/lute/project/momcozy-lab/app/test/features/notifications/notification_design_test.dart: inbox and retained-content error at 320.0 / 1.0
00:24 +789 ~6: /Users/lute/project/momcozy-lab/app/test/features/notifications/notification_design_test.dart: inbox and retained-content error at 320.0 / 1.0
00:24 +790 ~6: /Users/lute/project/momcozy-lab/app/test/features/notifications/notification_design_test.dart: inbox and retained-content error at 320.0 / 1.0
00:24 +791 ~6: /Users/lute/project/momcozy-lab/app/test/features/notifications/notification_design_test.dart: inbox and retained-content error at 320.0 / 1.0
00:24 +792 ~6: /Users/lute/project/momcozy-lab/app/test/features/notifications/notification_design_test.dart: inbox and retained-content error at 320.0 / 1.0
00:24 +793 ~6: /Users/lute/project/momcozy-lab/app/test/features/notifications/notification_design_test.dart: inbox and retained-content error at 320.0 / 1.0
00:24 +794 ~6: /Users/lute/project/momcozy-lab/app/test/features/notifications/notification_design_test.dart: inbox and retained-content error at 320.0 / 1.0
00:24 +795 ~6: /Users/lute/project/momcozy-lab/app/test/features/notifications/notification_design_test.dart: inbox and retained-content error at 320.0 / 1.0
00:24 +796 ~6: /Users/lute/project/momcozy-lab/app/test/features/notifications/firebase_push_messaging_test.dart: missing APNs stays pending and a later retry can acquire the token
00:24 +797 ~6: /Users/lute/project/momcozy-lab/app/test/features/notifications/firebase_push_messaging_test.dart: missing APNs stays pending and a later retry can acquire the token
00:24 +798 ~6: /Users/lute/project/momcozy-lab/app/test/features/notifications/firebase_push_messaging_test.dart: missing APNs stays pending and a later retry can acquire the token
00:24 +799 ~6: /Users/lute/project/momcozy-lab/app/test/features/notifications/firebase_push_messaging_test.dart: missing APNs stays pending and a later retry can acquire the token
00:24 +800 ~6: /Users/lute/project/momcozy-lab/app/test/features/notifications/firebase_push_messaging_test.dart: missing APNs stays pending and a later retry can acquire the token
00:24 +801 ~6: /Users/lute/project/momcozy-lab/app/test/features/notifications/firebase_push_messaging_test.dart: missing APNs stays pending and a later retry can acquire the token
00:24 +802 ~6: /Users/lute/project/momcozy-lab/app/test/features/notifications/firebase_push_messaging_test.dart: missing APNs stays pending and a later retry can acquire the token
00:24 +803 ~6: /Users/lute/project/momcozy-lab/app/test/features/notifications/firebase_push_messaging_test.dart: missing APNs stays pending and a later retry can acquire the token
00:24 +804 ~6: /Users/lute/project/momcozy-lab/app/test/features/notifications/firebase_push_messaging_test.dart: missing APNs stays pending and a later retry can acquire the token
00:24 +805 ~6: /Users/lute/project/momcozy-lab/app/test/features/notifications/firebase_push_messaging_test.dart: missing APNs stays pending and a later retry can acquire the token
00:24 +806 ~6: /Users/lute/project/momcozy-lab/app/test/features/notifications/firebase_push_messaging_test.dart: missing APNs stays pending and a later retry can acquire the token
00:24 +807 ~6: /Users/lute/project/momcozy-lab/app/test/features/notifications/firebase_push_messaging_test.dart: missing APNs stays pending and a later retry can acquire the token
00:24 +808 ~6: /Users/lute/project/momcozy-lab/app/test/features/notifications/firebase_push_messaging_test.dart: missing APNs stays pending and a later retry can acquire the token
00:24 +809 ~6: /Users/lute/project/momcozy-lab/app/test/features/notifications/firebase_push_messaging_test.dart: missing APNs stays pending and a later retry can acquire the token
00:24 +810 ~6: /Users/lute/project/momcozy-lab/app/test/features/notifications/firebase_push_messaging_test.dart: missing APNs stays pending and a later retry can acquire the token
00:24 +811 ~6: /Users/lute/project/momcozy-lab/app/test/features/notifications/firebase_push_messaging_test.dart: missing APNs stays pending and a later retry can acquire the token
00:24 +812 ~6: /Users/lute/project/momcozy-lab/app/test/features/notifications/firebase_push_messaging_test.dart: missing APNs stays pending and a later retry can acquire the token
00:24 +813 ~6: /Users/lute/project/momcozy-lab/app/test/features/notifications/firebase_push_messaging_test.dart: missing APNs stays pending and a later retry can acquire the token
00:24 +814 ~6: /Users/lute/project/momcozy-lab/app/test/features/notifications/firebase_push_messaging_test.dart: missing APNs stays pending and a later retry can acquire the token
00:24 +815 ~6: /Users/lute/project/momcozy-lab/app/test/features/notifications/firebase_push_messaging_test.dart: missing APNs stays pending and a later retry can acquire the token
00:24 +816 ~6: /Users/lute/project/momcozy-lab/app/test/features/notifications/firebase_push_messaging_test.dart: missing APNs stays pending and a later retry can acquire the token
00:24 +817 ~6: /Users/lute/project/momcozy-lab/app/test/features/notifications/firebase_push_messaging_test.dart: missing APNs stays pending and a later retry can acquire the token
00:24 +818 ~6: /Users/lute/project/momcozy-lab/app/test/features/notifications/firebase_push_messaging_test.dart: missing APNs stays pending and a later retry can acquire the token
00:24 +819 ~6: /Users/lute/project/momcozy-lab/app/test/features/notifications/firebase_push_messaging_test.dart: missing APNs stays pending and a later retry can acquire the token
00:24 +820 ~6: /Users/lute/project/momcozy-lab/app/test/features/notifications/firebase_push_messaging_test.dart: missing APNs stays pending and a later retry can acquire the token
00:24 +821 ~6: /Users/lute/project/momcozy-lab/app/test/features/notifications/firebase_push_messaging_test.dart: missing APNs stays pending and a later retry can acquire the token
00:24 +822 ~6: /Users/lute/project/momcozy-lab/app/test/features/notifications/firebase_push_messaging_test.dart: missing APNs stays pending and a later retry can acquire the token
00:25 +823 ~6: /Users/lute/project/momcozy-lab/app/test/features/notifications/firebase_push_messaging_test.dart: missing APNs stays pending and a later retry can acquire the token
00:25 +824 ~6: /Users/lute/project/momcozy-lab/app/test/features/notifications/firebase_push_messaging_test.dart: missing APNs stays pending and a later retry can acquire the token
00:25 +825 ~6: /Users/lute/project/momcozy-lab/app/test/features/notifications/firebase_push_messaging_test.dart: missing APNs stays pending and a later retry can acquire the token
00:25 +826 ~6: /Users/lute/project/momcozy-lab/app/test/features/notifications/firebase_push_messaging_test.dart: missing APNs stays pending and a later retry can acquire the token
00:25 +827 ~6: /Users/lute/project/momcozy-lab/app/test/features/notifications/firebase_push_messaging_test.dart: missing APNs stays pending and a later retry can acquire the token
00:25 +828 ~6: /Users/lute/project/momcozy-lab/app/test/features/notifications/firebase_push_messaging_test.dart: missing APNs stays pending and a later retry can acquire the token
00:25 +829 ~6: /Users/lute/project/momcozy-lab/app/test/features/notifications/firebase_push_messaging_test.dart: missing APNs stays pending and a later retry can acquire the token
00:25 +830 ~6: /Users/lute/project/momcozy-lab/app/test/features/notifications/firebase_push_messaging_test.dart: missing APNs stays pending and a later retry can acquire the token
00:25 +831 ~6: /Users/lute/project/momcozy-lab/app/test/features/notifications/firebase_push_messaging_test.dart: missing APNs stays pending and a later retry can acquire the token
00:25 +832 ~6: /Users/lute/project/momcozy-lab/app/test/features/notifications/firebase_push_messaging_test.dart: missing APNs stays pending and a later retry can acquire the token
00:25 +833 ~6: /Users/lute/project/momcozy-lab/app/test/features/notifications/firebase_push_messaging_test.dart: missing APNs stays pending and a later retry can acquire the token
00:25 +834 ~6: /Users/lute/project/momcozy-lab/app/test/features/notifications/firebase_push_messaging_test.dart: missing APNs stays pending and a later retry can acquire the token
00:25 +835 ~6: /Users/lute/project/momcozy-lab/app/test/features/notifications/firebase_push_messaging_test.dart: missing APNs stays pending and a later retry can acquire the token
00:25 +836 ~6: /Users/lute/project/momcozy-lab/app/test/features/notifications/firebase_push_messaging_test.dart: missing APNs stays pending and a later retry can acquire the token
00:25 +837 ~6: /Users/lute/project/momcozy-lab/app/test/features/notifications/firebase_push_messaging_test.dart: missing APNs stays pending and a later retry can acquire the token
00:25 +838 ~6: /Users/lute/project/momcozy-lab/app/test/features/notifications/firebase_push_messaging_test.dart: missing APNs stays pending and a later retry can acquire the token
00:25 +839 ~6: /Users/lute/project/momcozy-lab/app/test/features/notifications/firebase_push_messaging_test.dart: missing APNs stays pending and a later retry can acquire the token
00:25 +840 ~6: /Users/lute/project/momcozy-lab/app/test/features/notifications/firebase_push_messaging_test.dart: missing APNs stays pending and a later retry can acquire the token
00:25 +841 ~6: /Users/lute/project/momcozy-lab/app/test/features/notifications/firebase_push_messaging_test.dart: missing APNs stays pending and a later retry can acquire the token
00:25 +842 ~6: /Users/lute/project/momcozy-lab/app/test/features/notifications/firebase_push_messaging_test.dart: missing APNs stays pending and a later retry can acquire the token
00:25 +843 ~6: /Users/lute/project/momcozy-lab/app/test/features/notifications/firebase_push_messaging_test.dart: missing APNs stays pending and a later retry can acquire the token
00:25 +844 ~6: /Users/lute/project/momcozy-lab/app/test/features/notifications/firebase_push_messaging_test.dart: missing APNs stays pending and a later retry can acquire the token
00:25 +845 ~6: /Users/lute/project/momcozy-lab/app/test/features/notifications/firebase_push_messaging_test.dart: missing APNs stays pending and a later retry can acquire the token
00:25 +846 ~6: /Users/lute/project/momcozy-lab/app/test/features/notifications/firebase_push_messaging_test.dart: missing APNs stays pending and a later retry can acquire the token
00:25 +847 ~6: /Users/lute/project/momcozy-lab/app/test/features/notifications/firebase_push_messaging_test.dart: missing APNs stays pending and a later retry can acquire the token
00:25 +848 ~6: /Users/lute/project/momcozy-lab/app/test/features/notifications/firebase_push_messaging_test.dart: missing APNs stays pending and a later retry can acquire the token
00:25 +849 ~6: /Users/lute/project/momcozy-lab/app/test/features/notifications/firebase_push_messaging_test.dart: missing APNs stays pending and a later retry can acquire the token
00:25 +850 ~6: /Users/lute/project/momcozy-lab/app/test/features/notifications/firebase_push_messaging_test.dart: missing APNs stays pending and a later retry can acquire the token
00:25 +851 ~6: /Users/lute/project/momcozy-lab/app/test/features/notifications/firebase_push_messaging_test.dart: missing APNs stays pending and a later retry can acquire the token
00:25 +852 ~6: /Users/lute/project/momcozy-lab/app/test/features/notifications/firebase_push_messaging_test.dart: missing APNs stays pending and a later retry can acquire the token
00:26 +853 ~6: /Users/lute/project/momcozy-lab/app/test/features/notifications/firebase_push_messaging_test.dart: missing APNs stays pending and a later retry can acquire the token
00:26 +854 ~6: /Users/lute/project/momcozy-lab/app/test/features/notifications/firebase_push_messaging_test.dart: missing APNs stays pending and a later retry can acquire the token
00:26 +855 ~6: /Users/lute/project/momcozy-lab/app/test/features/notifications/firebase_push_messaging_test.dart: missing APNs stays pending and a later retry can acquire the token
00:26 +856 ~6: /Users/lute/project/momcozy-lab/app/test/features/notifications/firebase_push_messaging_test.dart: missing APNs stays pending and a later retry can acquire the token
00:26 +857 ~6: /Users/lute/project/momcozy-lab/app/test/features/notifications/firebase_push_messaging_test.dart: missing APNs stays pending and a later retry can acquire the token
00:26 +858 ~6: /Users/lute/project/momcozy-lab/app/test/features/notifications/firebase_push_messaging_test.dart: missing APNs stays pending and a later retry can acquire the token
00:26 +859 ~6: /Users/lute/project/momcozy-lab/app/test/features/notifications/firebase_push_messaging_test.dart: missing APNs stays pending and a later retry can acquire the token
00:26 +860 ~6: /Users/lute/project/momcozy-lab/app/test/features/notifications/firebase_push_messaging_test.dart: missing APNs stays pending and a later retry can acquire the token
00:26 +861 ~6: /Users/lute/project/momcozy-lab/app/test/features/notifications/firebase_push_messaging_test.dart: missing APNs stays pending and a later retry can acquire the token
00:26 +862 ~6: /Users/lute/project/momcozy-lab/app/test/features/notifications/firebase_push_messaging_test.dart: missing APNs stays pending and a later retry can acquire the token
00:26 +863 ~6: /Users/lute/project/momcozy-lab/app/test/features/notifications/firebase_push_messaging_test.dart: missing APNs stays pending and a later retry can acquire the token
00:26 +864 ~6: /Users/lute/project/momcozy-lab/app/test/features/notifications/firebase_push_messaging_test.dart: missing APNs stays pending and a later retry can acquire the token
00:26 +865 ~6: /Users/lute/project/momcozy-lab/app/test/features/notifications/firebase_push_messaging_test.dart: missing APNs stays pending and a later retry can acquire the token
00:26 +866 ~6: /Users/lute/project/momcozy-lab/app/test/features/onboarding/onboarding_design_test.dart: onboarding profile forms at 320.0 / 1.0
00:26 +867 ~6: /Users/lute/project/momcozy-lab/app/test/features/onboarding/onboarding_design_test.dart: onboarding profile forms at 320.0 / 1.0
00:26 +868 ~6: /Users/lute/project/momcozy-lab/app/test/features/onboarding/onboarding_design_test.dart: onboarding profile forms at 320.0 / 1.0
00:26 +869 ~6: /Users/lute/project/momcozy-lab/app/test/features/onboarding/onboarding_design_test.dart: onboarding profile forms at 320.0 / 1.0
00:26 +870 ~6: /Users/lute/project/momcozy-lab/app/test/features/onboarding/onboarding_design_test.dart: onboarding profile forms at 320.0 / 1.0
00:26 +871 ~6: /Users/lute/project/momcozy-lab/app/test/features/onboarding/onboarding_design_test.dart: onboarding profile forms at 320.0 / 1.0
00:26 +872 ~6: /Users/lute/project/momcozy-lab/app/test/features/onboarding/onboarding_design_test.dart: onboarding profile forms at 320.0 / 1.0
00:26 +873 ~6: /Users/lute/project/momcozy-lab/app/test/features/onboarding/onboarding_design_test.dart: onboarding profile forms at 320.0 / 1.0
00:26 +874 ~6: /Users/lute/project/momcozy-lab/app/test/features/onboarding/onboarding_design_test.dart: onboarding profile forms at 320.0 / 1.0
00:26 +875 ~6: /Users/lute/project/momcozy-lab/app/test/features/onboarding/onboarding_design_test.dart: onboarding profile forms at 320.0 / 1.0
00:26 +876 ~6: /Users/lute/project/momcozy-lab/app/test/features/onboarding/onboarding_design_test.dart: onboarding profile forms at 320.0 / 1.0
00:26 +877 ~6: /Users/lute/project/momcozy-lab/app/test/features/onboarding/onboarding_design_test.dart: onboarding profile forms at 320.0 / 1.0
00:26 +878 ~6: /Users/lute/project/momcozy-lab/app/test/features/onboarding/onboarding_design_test.dart: onboarding profile forms at 320.0 / 1.0
00:26 +879 ~6: /Users/lute/project/momcozy-lab/app/test/features/onboarding/onboarding_design_test.dart: onboarding profile forms at 320.0 / 1.0
00:26 +880 ~6: /Users/lute/project/momcozy-lab/app/test/features/onboarding/onboarding_design_test.dart: onboarding profile forms at 320.0 / 1.0
00:26 +881 ~6: /Users/lute/project/momcozy-lab/app/test/features/onboarding/onboarding_design_test.dart: onboarding profile forms at 320.0 / 1.0
00:26 +882 ~6: /Users/lute/project/momcozy-lab/app/test/features/onboarding/onboarding_design_test.dart: onboarding profile forms at 320.0 / 1.0
00:26 +883 ~6: /Users/lute/project/momcozy-lab/app/test/features/onboarding/onboarding_design_test.dart: onboarding profile forms at 320.0 / 1.0
00:26 +884 ~6: /Users/lute/project/momcozy-lab/app/test/features/onboarding/onboarding_design_test.dart: onboarding profile forms at 320.0 / 1.0
00:26 +885 ~6: /Users/lute/project/momcozy-lab/app/test/features/onboarding/onboarding_design_test.dart: onboarding profile forms at 320.0 / 1.0
00:26 +886 ~6: /Users/lute/project/momcozy-lab/app/test/features/onboarding/onboarding_design_test.dart: onboarding profile forms at 320.0 / 1.0
00:26 +887 ~6: /Users/lute/project/momcozy-lab/app/test/features/agent_hub/agent_hub_page_test.dart: Agent Hub submits a support ticket without a second confirmation
00:26 +888 ~6: /Users/lute/project/momcozy-lab/app/test/features/onboarding/onboarding_design_test.dart: onboarding load failure retries at 320.0 / 1.0
00:26 +889 ~6: /Users/lute/project/momcozy-lab/app/test/features/agent_hub/agent_hub_page_test.dart: Agent Hub keeps the support form retryable when submission fails
00:26 +890 ~6: /Users/lute/project/momcozy-lab/app/test/features/onboarding/onboarding_design_test.dart: avatar task banners at 320.0 / 1.0
00:26 +891 ~6: /Users/lute/project/momcozy-lab/app/test/features/agent_hub/agent_hub_page_test.dart: Agent Hub aligns grouped artifact form defaults other input and submit lock
00:27 +892 ~6: /Users/lute/project/momcozy-lab/app/test/features/onboarding/onboarding_design_test.dart: avatar photo failure and default confirmation at 320.0 / 1.0
00:27 +893 ~6: /Users/lute/project/momcozy-lab/app/test/features/onboarding/onboarding_design_test.dart: avatar photo failure and default confirmation at 320.0 / 1.0
00:27 +894 ~6: /Users/lute/project/momcozy-lab/app/test/features/onboarding/onboarding_design_test.dart: avatar photo failure and default confirmation at 320.0 / 1.0
00:27 +895 ~6: /Users/lute/project/momcozy-lab/app/test/features/agent_hub/agent_hub_page_test.dart: Agent Hub treats legacy checkbox_group fields as multi-select
00:27 +896 ~6: /Users/lute/project/momcozy-lab/app/test/features/agent_hub/agent_hub_page_test.dart: Agent Hub treats legacy checkbox_group fields as multi-select
00:27 +897 ~6: /Users/lute/project/momcozy-lab/app/test/features/onboarding/onboarding_design_test.dart: onboarding avatar required at 320.0 / 1.0
00:27 +898 ~6: /Users/lute/project/momcozy-lab/app/test/features/onboarding/onboarding_design_test.dart: onboarding avatar required at 320.0 / 1.0
00:27 +899 ~6: /Users/lute/project/momcozy-lab/app/test/features/onboarding/onboarding_design_test.dart: onboarding avatar required at 320.0 / 1.0
00:27 +900 ~6: /Users/lute/project/momcozy-lab/app/test/features/onboarding/onboarding_design_test.dart: onboarding avatar required at 320.0 / 1.0
00:27 +901 ~6: /Users/lute/project/momcozy-lab/app/test/features/onboarding/onboarding_design_test.dart: onboarding avatar required at 320.0 / 1.0
00:27 +902 ~6: /Users/lute/project/momcozy-lab/app/test/features/onboarding/onboarding_design_test.dart: onboarding avatar required at 320.0 / 1.0
00:27 +903 ~6: /Users/lute/project/momcozy-lab/app/test/features/onboarding/onboarding_design_test.dart: onboarding avatar required at 320.0 / 1.0
00:27 +904 ~6: /Users/lute/project/momcozy-lab/app/test/features/onboarding/onboarding_design_test.dart: onboarding avatar required at 320.0 / 1.0
00:27 +905 ~6: /Users/lute/project/momcozy-lab/app/test/features/onboarding/onboarding_design_test.dart: onboarding avatar required at 320.0 / 1.0
00:27 +906 ~6: /Users/lute/project/momcozy-lab/app/test/features/onboarding/onboarding_design_test.dart: onboarding avatar required at 320.0 / 1.0
00:27 +907 ~6: /Users/lute/project/momcozy-lab/app/test/features/onboarding/onboarding_design_test.dart: onboarding avatar required at 320.0 / 1.0
00:27 +908 ~6: /Users/lute/project/momcozy-lab/app/test/features/onboarding/onboarding_design_test.dart: onboarding avatar required at 320.0 / 1.0
00:27 +909 ~6: /Users/lute/project/momcozy-lab/app/test/features/onboarding/onboarding_design_test.dart: onboarding avatar required at 320.0 / 1.0
00:27 +910 ~6: /Users/lute/project/momcozy-lab/app/test/features/onboarding/onboarding_capability_gate_test.dart: default app startup bypasses the unsupported onboarding gate
00:27 +911 ~6: /Users/lute/project/momcozy-lab/app/test/features/onboarding/onboarding_capability_gate_test.dart: default app startup bypasses the unsupported onboarding gate
00:27 +912 ~6: /Users/lute/project/momcozy-lab/app/test/features/onboarding/onboarding_capability_gate_test.dart: default app startup bypasses the unsupported onboarding gate
00:27 +913 ~6: /Users/lute/project/momcozy-lab/app/test/features/onboarding/onboarding_capability_gate_test.dart: default app startup bypasses the unsupported onboarding gate
00:27 +914 ~6: /Users/lute/project/momcozy-lab/app/test/features/onboarding/onboarding_capability_gate_test.dart: default app startup bypasses the unsupported onboarding gate
00:27 +915 ~6: /Users/lute/project/momcozy-lab/app/test/features/onboarding/onboarding_capability_gate_test.dart: default app startup bypasses the unsupported onboarding gate
00:27 +916 ~6: /Users/lute/project/momcozy-lab/app/test/features/onboarding/onboarding_capability_gate_test.dart: default app startup bypasses the unsupported onboarding gate
00:27 +917 ~6: /Users/lute/project/momcozy-lab/app/test/features/onboarding/onboarding_capability_gate_test.dart: default app startup bypasses the unsupported onboarding gate
00:27 +918 ~6: /Users/lute/project/momcozy-lab/app/test/features/onboarding/onboarding_capability_gate_test.dart: default app startup bypasses the unsupported onboarding gate
00:27 +919 ~6: /Users/lute/project/momcozy-lab/app/test/features/onboarding/onboarding_capability_gate_test.dart: default app startup bypasses the unsupported onboarding gate
00:27 +920 ~6: /Users/lute/project/momcozy-lab/app/test/features/onboarding/onboarding_capability_gate_test.dart: default app startup bypasses the unsupported onboarding gate
00:27 +921 ~6: /Users/lute/project/momcozy-lab/app/test/features/onboarding/onboarding_capability_gate_test.dart: default app startup bypasses the unsupported onboarding gate
00:27 +922 ~6: /Users/lute/project/momcozy-lab/app/test/features/onboarding/onboarding_capability_gate_test.dart: default app startup bypasses the unsupported onboarding gate
00:27 +923 ~6: /Users/lute/project/momcozy-lab/app/test/features/onboarding/onboarding_capability_gate_test.dart: default app startup bypasses the unsupported onboarding gate
00:27 +924 ~6: /Users/lute/project/momcozy-lab/app/test/features/onboarding/onboarding_capability_gate_test.dart: default app startup bypasses the unsupported onboarding gate
00:27 +925 ~6: /Users/lute/project/momcozy-lab/app/test/features/onboarding/onboarding_capability_gate_test.dart: default app startup bypasses the unsupported onboarding gate
00:27 +925 ~6: /Users/lute/project/momcozy-lab/app/test/features/agent_hub/agent_hub_page_test.dart: Agent Hub degrades retired skill assets without network or viewer actions

Warning: A call to tap() with finder "Found 1 widget with key [<'agent-artifact-action-retired-media-0'>]: [
  FilledButton-[<'agent-artifact-action-retired-media-0'>](style: ButtonStyle#b5e70(textStyle: WidgetStatePropertyAll(TextStyle(inherit: true, family: Manrope, size: 13.0, weight: 600)), backgroundColor: WidgetStateMapper<Color?>({WidgetState.disabled: null, WidgetState.any: Color(alpha: 1.0000, red: 0.9412, green: 0.9059, blue: 0.9804, colorSpace: ColorSpace.sRGB)}), foregroundColor: WidgetStateMapper<Color?>({WidgetState.disabled: null, WidgetState.any: Color(alpha: 1.0000, red: 0.4745, green: 0.2627, blue: 0.7098, colorSpace: ColorSpace.sRGB)}), overlayColor: WidgetStateMapper<Color?>({WidgetState.pressed: Color(alpha: 0.1020, red: 0.4745, green: 0.2627, blue: 0.7098, colorSpace: ColorSpace.sRGB), WidgetState.hovered: Color(alpha: 0.0784, red: 0.4745, green: 0.2627, blue: 0.7098, colorSpace: ColorSpace.sRGB), WidgetState.focused: Color(alpha: 0.1020, red: 0.4745, green: 0.2627, blue: 0.7098, colorSpace: ColorSpace.sRGB)}), padding: WidgetStatePropertyAll(EdgeInsets(12.0, 10.0, 12.0, 10.0)), minimumSize: WidgetStatePropertyAll(Size(0.0, 44.0)), shape: WidgetStatePropertyAll(RoundedRectangleBorder(BorderSide(width: 0.0, style: none), BorderRadius.circular(12.0))), mouseCursor: WidgetStateMapper<MouseCursor?>({WidgetState.disabled: null, WidgetState.any: null})), dependencies: [IconTheme, InheritedCupertinoTheme, MediaQuery, _InheritedTheme, _LocalizationsScope-[GlobalKey#e447b]], state: _ButtonStyleState#19e17),
]" derived an Offset (Offset(425.0, 523.0)) that would not hit test on the specified widget.
Maybe the widget is actually off-screen, or another widget is obscuring it, or the widget cannot receive pointer events.
The finder corresponds to this RenderBox: RenderSemanticsAnnotations#8979b relayoutBoundary=up10
The hit test result at that offset is: HitTestResult(RenderDecoratedBox#c0d8d@Offset(425.0, 523.0), RenderDecoratedBox#f984e@Offset(425.0, 523.0), RenderDecoratedBox#8ae1b@Offset(425.0, 523.0), RenderStack#d4c81@Offset(425.0, 523.0), _RenderColoredBox#fd7c7@Offset(425.0, 523.0), _RenderLayoutBuilder#47329@Offset(425.0, 523.0), RenderPadding#fccb8@Offset(425.0, 523.0), RenderCustomMultiChildLayoutBox#a742d@Offset(425.0, 523.0), _RenderInkFeatures#bc20e@Offset(425.0, 523.0), RenderPhysicalModel#8c04a@Offset(425.0, 523.0), RenderSemanticsAnnotations#742b6@Offset(425.0, 523.0), RenderRepaintBoundary#e72f1@Offset(425.0, 523.0), RenderIgnorePointer#7abde@Offset(425.0, 523.0), RenderAnimatedOpacity#2b3c3@Offset(425.0, 523.0), RenderAnimatedOpacity#30377@Offset(425.0, 523.0), _RenderColoredBox#c8288@Offset(425.0, 523.0), RenderAnimatedOpacity#34b6d@Offset(425.0, 523.0), RenderIgnorePointer#421b4@Offset(425.0, 523.0), RenderAnimatedOpacity#515ce@Offset(425.0, 523.0), RenderRepaintBoundary#c3840@Offset(425.0, 523.0), RenderSemanticsAnnotations#f9e60@Offset(425.0, 523.0), RenderOffstage#35d03@Offset(425.0, 523.0), RenderSemanticsAnnotations#5369a@Offset(425.0, 523.0), _RenderTheater#13cdb@Offset(425.0, 523.0), RenderAbsorbPointer#63824@Offset(425.0, 523.0), RenderPointerListener#9d439@Offset(425.0, 523.0), RenderSemanticsAnnotations#c5b2c@Offset(425.0, 523.0), RenderSemanticsAnnotations#732f8@Offset(425.0, 523.0), RenderSemanticsAnnotations#ea725@Offset(425.0, 523.0), RenderSemanticsAnnotations#42687@Offset(425.0, 523.0), RenderTapRegionSurface#3bd17@Offset(425.0, 523.0), RenderSemanticsAnnotations#223b8@Offset(425.0, 523.0), RenderSemanticsAnnotations#4b99d@Offset(425.0, 523.0), HitTestEntry<HitTestTarget>#024ca(_ReusableRenderView#310c6), HitTestEntry<HitTestTarget>#99237(<AutomatedTestWidgetsFlutterBinding>))
#0      WidgetController._getElementPoint (package:flutter_test/src/controller.dart:2165:25)
#1      WidgetController.getCenter (package:flutter_test/src/controller.dart:1947:12)
#2      WidgetController.tap (package:flutter_test/src/controller.dart:1080:7)
#3      main.<anonymous closure> (file:///Users/lute/project/momcozy-lab/app/test/features/agent_hub/agent_hub_page_test.dart:6896:20)
<asynchronous suspension>
#4      testWidgets.<anonymous closure>.<anonymous closure> (package:flutter_test/src/widget_tester.dart:192:15)
<asynchronous suspension>
#5      TestWidgetsFlutterBinding._runTestBody (package:flutter_test/src/binding.dart:1952:5)
<asynchronous suspension>
#6      StackZoneSpecification._registerCallback.<anonymous closure> (package:stack_trace/src/stack_zone_specification.dart:114:42)
<asynchronous suspension>
To silence this warning, pass "warnIfMissed: false" to "tap()".
To make this warning fatal, set WidgetController.hitTestWarningShouldBeFatal to true.

00:27 +926 ~6: /Users/lute/project/momcozy-lab/app/test/features/onboarding/onboarding_capability_gate_test.dart: default app startup bypasses the unsupported onboarding gate
00:27 +927 ~6: /Users/lute/project/momcozy-lab/app/test/features/onboarding/onboarding_capability_gate_test.dart: default app startup bypasses the unsupported onboarding gate
00:27 +928 ~6: /Users/lute/project/momcozy-lab/app/test/features/onboarding/onboarding_capability_gate_test.dart: default app startup bypasses the unsupported onboarding gate
00:27 +929 ~6: /Users/lute/project/momcozy-lab/app/test/features/onboarding/onboarding_capability_gate_test.dart: default app startup bypasses the unsupported onboarding gate
00:27 +930 ~6: /Users/lute/project/momcozy-lab/app/test/features/onboarding/onboarding_capability_gate_test.dart: default app startup bypasses the unsupported onboarding gate
00:27 +931 ~6: /Users/lute/project/momcozy-lab/app/test/features/onboarding/onboarding_capability_gate_test.dart: default app startup bypasses the unsupported onboarding gate
00:27 +932 ~6: /Users/lute/project/momcozy-lab/app/test/features/onboarding/onboarding_capability_gate_test.dart: default app startup bypasses the unsupported onboarding gate
00:27 +933 ~6: /Users/lute/project/momcozy-lab/app/test/features/onboarding/onboarding_capability_gate_test.dart: default app startup bypasses the unsupported onboarding gate
00:27 +934 ~6: /Users/lute/project/momcozy-lab/app/test/features/onboarding/onboarding_capability_gate_test.dart: default app startup bypasses the unsupported onboarding gate
00:27 +935 ~6: /Users/lute/project/momcozy-lab/app/test/features/onboarding/onboarding_capability_gate_test.dart: default app startup bypasses the unsupported onboarding gate
00:27 +936 ~6: /Users/lute/project/momcozy-lab/app/test/features/onboarding/onboarding_capability_gate_test.dart: default app startup bypasses the unsupported onboarding gate
00:27 +937 ~6: /Users/lute/project/momcozy-lab/app/test/features/onboarding/onboarding_capability_gate_test.dart: default app startup bypasses the unsupported onboarding gate
00:27 +938 ~6: /Users/lute/project/momcozy-lab/app/test/features/onboarding/onboarding_capability_gate_test.dart: default app startup bypasses the unsupported onboarding gate
00:27 +939 ~6: /Users/lute/project/momcozy-lab/app/test/features/onboarding/onboarding_capability_gate_test.dart: default app startup bypasses the unsupported onboarding gate
00:27 +940 ~6: /Users/lute/project/momcozy-lab/app/test/features/onboarding/onboarding_capability_gate_test.dart: default app startup bypasses the unsupported onboarding gate
00:27 +941 ~6: /Users/lute/project/momcozy-lab/app/test/features/onboarding/onboarding_capability_gate_test.dart: default app startup bypasses the unsupported onboarding gate
00:27 +942 ~6: /Users/lute/project/momcozy-lab/app/test/features/onboarding/onboarding_capability_gate_test.dart: default app startup bypasses the unsupported onboarding gate
00:27 +943 ~6: /Users/lute/project/momcozy-lab/app/test/features/onboarding/onboarding_capability_gate_test.dart: default app startup bypasses the unsupported onboarding gate
00:27 +944 ~6: /Users/lute/project/momcozy-lab/app/test/features/onboarding/onboarding_capability_gate_test.dart: default app startup bypasses the unsupported onboarding gate
00:27 +945 ~6: /Users/lute/project/momcozy-lab/app/test/features/onboarding/onboarding_capability_gate_test.dart: default app startup bypasses the unsupported onboarding gate
00:27 +946 ~6: /Users/lute/project/momcozy-lab/app/test/features/onboarding/onboarding_capability_gate_test.dart: default app startup bypasses the unsupported onboarding gate
00:27 +947 ~6: /Users/lute/project/momcozy-lab/app/test/features/onboarding/onboarding_design_test.dart: onboarding profile forms at 320.0 / 2.0
00:27 +948 ~6: /Users/lute/project/momcozy-lab/app/test/features/onboarding/onboarding_design_test.dart: onboarding profile forms at 320.0 / 2.0
00:27 +949 ~6: /Users/lute/project/momcozy-lab/app/test/features/onboarding/onboarding_design_test.dart: onboarding profile forms at 320.0 / 2.0
00:27 +950 ~6: /Users/lute/project/momcozy-lab/app/test/features/onboarding/onboarding_design_test.dart: onboarding profile forms at 320.0 / 2.0
00:28 +951 ~6: /Users/lute/project/momcozy-lab/app/test/features/onboarding/onboarding_design_test.dart: onboarding profile forms at 320.0 / 2.0
00:28 +952 ~6: /Users/lute/project/momcozy-lab/app/test/features/media/product_asset_video_player_test.dart: video long duration, controls and fullscreen 320.0 / 1.0
00:28 +953 ~6: /Users/lute/project/momcozy-lab/app/test/features/media/product_asset_video_player_test.dart: video long duration, controls and fullscreen 320.0 / 1.0
00:28 +954 ~6: /Users/lute/project/momcozy-lab/app/test/features/media/product_asset_video_player_test.dart: video long duration, controls and fullscreen 320.0 / 1.0
00:28 +955 ~6: /Users/lute/project/momcozy-lab/app/test/features/onboarding/onboarding_design_test.dart: onboarding load failure retries at 320.0 / 2.0
00:28 +956 ~6: /Users/lute/project/momcozy-lab/app/test/features/agent_hub/agent_hub_page_test.dart: Agent Hub renders artifact and action semantic status
00:28 +957 ~6: /Users/lute/project/momcozy-lab/app/test/features/onboarding/onboarding_capability_gate_test.dart: an explicit capability keeps the onboarding route available
00:28 +958 ~6: /Users/lute/project/momcozy-lab/app/test/features/onboarding/onboarding_capability_gate_test.dart: an explicit capability keeps the onboarding route available
00:28 +959 ~6: /Users/lute/project/momcozy-lab/app/test/features/onboarding/onboarding_capability_gate_test.dart: an explicit capability keeps the onboarding route available
00:28 +960 ~6: /Users/lute/project/momcozy-lab/app/test/features/onboarding/onboarding_capability_gate_test.dart: an explicit capability keeps the onboarding route available
00:28 +961 ~6: /Users/lute/project/momcozy-lab/app/test/features/onboarding/onboarding_capability_gate_test.dart: an explicit capability keeps the onboarding route available
00:28 +962 ~6: /Users/lute/project/momcozy-lab/app/test/features/onboarding/onboarding_capability_gate_test.dart: an explicit capability keeps the onboarding route available
00:28 +963 ~6: /Users/lute/project/momcozy-lab/app/test/features/media/product_asset_video_player_test.dart: video long duration, controls and fullscreen 320.0 / 2.0
00:28 +964 ~6: /Users/lute/project/momcozy-lab/app/test/features/media/product_asset_video_player_test.dart: video long duration, controls and fullscreen 320.0 / 2.0
00:28 +965 ~6: /Users/lute/project/momcozy-lab/app/test/features/agent_hub/agent_hub_page_test.dart: Agent Hub keeps status through user persistence and token streaming
00:28 +966 ~6: /Users/lute/project/momcozy-lab/app/test/features/onboarding/onboarding_capability_gate_test.dart: disabled onboarding sends /onboarding safely home after login
00:28 +967 ~6: /Users/lute/project/momcozy-lab/app/test/features/onboarding/onboarding_capability_gate_test.dart: disabled onboarding sends /onboarding safely home after login
00:28 +968 ~6: /Users/lute/project/momcozy-lab/app/test/features/onboarding/onboarding_capability_gate_test.dart: disabled onboarding sends /onboarding safely home after login
00:28 +969 ~6: /Users/lute/project/momcozy-lab/app/test/features/onboarding/onboarding_capability_gate_test.dart: disabled onboarding sends /onboarding safely home after login
00:28 +970 ~6: /Users/lute/project/momcozy-lab/app/test/features/media/product_asset_video_player_test.dart: video long duration, controls and fullscreen 390.0 / 1.0
00:28 +971 ~6: /Users/lute/project/momcozy-lab/app/test/features/onboarding/onboarding_design_test.dart: onboarding avatar review at 320.0 / 2.0
00:28 +972 ~6: /Users/lute/project/momcozy-lab/app/test/features/onboarding/onboarding_capability_gate_test.dart: disabled onboarding sends /avatar/review safely home after login
00:28 +973 ~6: /Users/lute/project/momcozy-lab/app/test/features/onboarding/onboarding_capability_gate_test.dart: disabled onboarding sends /avatar/review safely home after login
00:28 +974 ~6: /Users/lute/project/momcozy-lab/app/test/features/onboarding/onboarding_capability_gate_test.dart: disabled onboarding sends /avatar/review safely home after login
00:28 +975 ~6: /Users/lute/project/momcozy-lab/app/test/features/onboarding/onboarding_capability_gate_test.dart: disabled onboarding sends /avatar/review safely home after login
00:28 +976 ~6: /Users/lute/project/momcozy-lab/app/test/features/media/product_asset_video_player_test.dart: video long duration, controls and fullscreen 390.0 / 2.0
00:28 +977 ~6: /Users/lute/project/momcozy-lab/app/test/features/onboarding/onboarding_design_test.dart: onboarding profile forms at 390.0 / 1.0
00:28 +978 ~6: /Users/lute/project/momcozy-lab/app/test/features/onboarding/onboarding_design_test.dart: onboarding profile forms at 390.0 / 1.0
00:28 +979 ~6: /Users/lute/project/momcozy-lab/app/test/features/onboarding/onboarding_design_test.dart: onboarding profile forms at 390.0 / 1.0
00:28 +980 ~6: /Users/lute/project/momcozy-lab/app/test/features/onboarding/onboarding_design_test.dart: onboarding profile forms at 390.0 / 1.0
00:28 +981 ~6: /Users/lute/project/momcozy-lab/app/test/features/onboarding/onboarding_design_test.dart: onboarding profile forms at 390.0 / 1.0
00:28 +982 ~6: /Users/lute/project/momcozy-lab/app/test/features/onboarding/onboarding_design_test.dart: onboarding profile forms at 390.0 / 1.0
00:28 +983 ~6: /Users/lute/project/momcozy-lab/app/test/features/onboarding/onboarding_design_test.dart: onboarding profile forms at 390.0 / 1.0
00:28 +984 ~6: /Users/lute/project/momcozy-lab/app/test/features/onboarding/onboarding_design_test.dart: onboarding profile forms at 390.0 / 1.0
00:28 +985 ~6: /Users/lute/project/momcozy-lab/app/test/features/onboarding/onboarding_design_test.dart: onboarding profile forms at 390.0 / 1.0
00:28 +986 ~6: /Users/lute/project/momcozy-lab/app/test/shared/date_time_picker_test.dart: large 12-hour picker preserves midnight and noon
00:28 +987 ~6: /Users/lute/project/momcozy-lab/app/test/shared/date_time_picker_test.dart: large 12-hour picker preserves midnight and noon
00:28 +988 ~6: /Users/lute/project/momcozy-lab/app/test/shared/date_time_picker_test.dart: large 12-hour picker preserves midnight and noon
00:28 +989 ~6: /Users/lute/project/momcozy-lab/app/test/shared/date_time_picker_test.dart: large 12-hour picker preserves midnight and noon
00:28 +990 ~6: /Users/lute/project/momcozy-lab/app/test/shared/date_time_picker_test.dart: large 12-hour picker preserves midnight and noon
00:29 +991 ~6: /Users/lute/project/momcozy-lab/app/test/shared/date_time_picker_test.dart: large 12-hour picker preserves midnight and noon
00:29 +992 ~6: /Users/lute/project/momcozy-lab/app/test/shared/date_time_picker_test.dart: large 12-hour picker preserves midnight and noon
00:29 +993 ~6: /Users/lute/project/momcozy-lab/app/test/shared/date_time_picker_test.dart: large 12-hour picker preserves midnight and noon
00:29 +994 ~6: /Users/lute/project/momcozy-lab/app/test/shared/date_time_picker_test.dart: large 12-hour picker preserves midnight and noon
00:29 +995 ~6: /Users/lute/project/momcozy-lab/app/test/shared/date_time_picker_test.dart: large 12-hour picker preserves midnight and noon
00:29 +996 ~6: /Users/lute/project/momcozy-lab/app/test/features/media/media_design_test.dart: media missing unavailable and return 320.0 / 1.0
00:29 +997 ~6: /Users/lute/project/momcozy-lab/app/test/features/media/media_design_test.dart: media missing unavailable and return 320.0 / 1.0
00:29 +998 ~6: /Users/lute/project/momcozy-lab/app/test/shared/knowledge_article_design_test.dart: knowledge mom at 320.0 / 1.0
00:29 +999 ~6: /Users/lute/project/momcozy-lab/app/test/shared/knowledge_article_design_test.dart: knowledge mom at 320.0 / 1.0
00:29 +1000 ~6: /Users/lute/project/momcozy-lab/app/test/shared/knowledge_article_design_test.dart: knowledge mom at 320.0 / 1.0
00:29 +1001 ~6: /Users/lute/project/momcozy-lab/app/test/shared/knowledge_article_design_test.dart: knowledge mom at 320.0 / 1.0
00:29 +1002 ~6: /Users/lute/project/momcozy-lab/app/test/shared/knowledge_article_design_test.dart: knowledge mom at 320.0 / 1.0
00:29 +1003 ~6: /Users/lute/project/momcozy-lab/app/test/shared/knowledge_article_design_test.dart: knowledge mom at 320.0 / 1.0
00:29 +1004 ~6: /Users/lute/project/momcozy-lab/app/test/shared/knowledge_article_design_test.dart: knowledge mom at 320.0 / 1.0
00:29 +1005 ~6: /Users/lute/project/momcozy-lab/app/test/shared/knowledge_article_design_test.dart: knowledge mom at 320.0 / 1.0
00:29 +1006 ~6: /Users/lute/project/momcozy-lab/app/test/shared/knowledge_article_design_test.dart: knowledge mom at 320.0 / 1.0
00:29 +1007 ~6: /Users/lute/project/momcozy-lab/app/test/shared/knowledge_article_design_test.dart: knowledge mom at 320.0 / 1.0
00:29 +1008 ~6: /Users/lute/project/momcozy-lab/app/test/shared/product_feedback_test.dart: feedback layout and retry callbacks 320.0/1.0
00:29 +1009 ~6: /Users/lute/project/momcozy-lab/app/test/shared/product_feedback_test.dart: feedback layout and retry callbacks 320.0/1.0
00:29 +1010 ~6: /Users/lute/project/momcozy-lab/app/test/shared/product_feedback_test.dart: feedback layout and retry callbacks 320.0/1.0
00:29 +1011 ~6: /Users/lute/project/momcozy-lab/app/test/shared/product_feedback_test.dart: feedback layout and retry callbacks 320.0/1.0
00:29 +1012 ~6: /Users/lute/project/momcozy-lab/app/test/shared/product_feedback_test.dart: feedback layout and retry callbacks 320.0/1.0
00:29 +1013 ~6: /Users/lute/project/momcozy-lab/app/test/shared/product_feedback_test.dart: feedback layout and retry callbacks 320.0/1.0
00:29 +1014 ~6: /Users/lute/project/momcozy-lab/app/test/shared/product_feedback_test.dart: feedback layout and retry callbacks 320.0/1.0
00:29 +1015 ~6: /Users/lute/project/momcozy-lab/app/test/shared/me_components_test.dart: shared Me surfaces and controls at 320.0 / 1.0
00:29 +1016 ~6: /Users/lute/project/momcozy-lab/app/test/shared/me_components_test.dart: shared Me surfaces and controls at 320.0 / 1.0
00:29 +1017 ~6: /Users/lute/project/momcozy-lab/app/test/shared/me_components_test.dart: shared Me surfaces and controls at 320.0 / 1.0
00:29 +1018 ~6: /Users/lute/project/momcozy-lab/app/test/shared/me_components_test.dart: shared Me surfaces and controls at 320.0 / 1.0
00:29 +1019 ~6: /Users/lute/project/momcozy-lab/app/test/shared/me_components_test.dart: shared Me surfaces and controls at 320.0 / 1.0
00:29 +1020 ~6: /Users/lute/project/momcozy-lab/app/test/shared/me_components_test.dart: shared Me surfaces and controls at 320.0 / 1.0
00:29 +1021 ~6: /Users/lute/project/momcozy-lab/app/test/shared/me_components_test.dart: shared Me surfaces and controls at 320.0 / 1.0
00:29 +1022 ~6: /Users/lute/project/momcozy-lab/app/test/shared/me_components_test.dart: shared Me surfaces and controls at 320.0 / 1.0
00:29 +1023 ~6: /Users/lute/project/momcozy-lab/app/test/shared/me_components_test.dart: shared Me surfaces and controls at 320.0 / 1.0
00:29 +1024 ~6: /Users/lute/project/momcozy-lab/app/test/shared/me_components_test.dart: shared Me surfaces and controls at 320.0 / 1.0
00:29 +1025 ~6: /Users/lute/project/momcozy-lab/app/test/shared/me_components_test.dart: shared Me surfaces and controls at 320.0 / 1.0
00:29 +1026 ~6: /Users/lute/project/momcozy-lab/app/test/shared/me_components_test.dart: shared Me surfaces and controls at 320.0 / 1.0
00:29 +1027 ~6: /Users/lute/project/momcozy-lab/app/test/shared/me_components_test.dart: shared Me surfaces and controls at 320.0 / 1.0
00:30 +1028 ~6: /Users/lute/project/momcozy-lab/app/test/shared/me_components_test.dart: shared Me surfaces and controls at 320.0 / 1.0
00:30 +1029 ~6: /Users/lute/project/momcozy-lab/app/test/shared/me_components_test.dart: shared Me surfaces and controls at 320.0 / 1.0
00:30 +1030 ~6: /Users/lute/project/momcozy-lab/app/test/shared/me_components_test.dart: shared Me surfaces and controls at 320.0 / 1.0
00:30 +1031 ~6: /Users/lute/project/momcozy-lab/app/test/shared/me_components_test.dart: shared Me surfaces and controls at 320.0 / 1.0
00:30 +1032 ~6: /Users/lute/project/momcozy-lab/app/test/shared/me_components_test.dart: shared Me surfaces and controls at 320.0 / 1.0
00:30 +1033 ~6: /Users/lute/project/momcozy-lab/app/test/shared/me_components_test.dart: shared Me surfaces and controls at 320.0 / 1.0
00:30 +1034 ~6: /Users/lute/project/momcozy-lab/app/test/shared/me_components_test.dart: shared Me surfaces and controls at 320.0 / 1.0
00:30 +1035 ~6: /Users/lute/project/momcozy-lab/app/test/shared/me_components_test.dart: shared Me surfaces and controls at 320.0 / 1.0
00:30 +1036 ~6: /Users/lute/project/momcozy-lab/app/test/shared/me_components_test.dart: shared Me surfaces and controls at 320.0 / 1.0
00:30 +1037 ~6: /Users/lute/project/momcozy-lab/app/test/shared/me_components_test.dart: shared Me surfaces and controls at 320.0 / 1.0
00:30 +1038 ~6: /Users/lute/project/momcozy-lab/app/test/shared/knowledge_article_design_test.dart: knowledge baby at 320.0 / 1.0
00:30 +1039 ~6: /Users/lute/project/momcozy-lab/app/test/shared/knowledge_article_design_test.dart: knowledge baby at 320.0 / 1.0
00:30 +1040 ~6: /Users/lute/project/momcozy-lab/app/test/shared/knowledge_article_design_test.dart: knowledge baby at 320.0 / 1.0
00:30 +1041 ~6: /Users/lute/project/momcozy-lab/app/test/features/onboarding/onboarding_design_test.dart: onboarding profile forms at 430.0 / 1.0
00:30 +1042 ~6: /Users/lute/project/momcozy-lab/app/test/features/onboarding/onboarding_design_test.dart: onboarding profile forms at 430.0 / 1.0
00:30 +1043 ~6: /Users/lute/project/momcozy-lab/app/test/features/onboarding/onboarding_design_test.dart: onboarding profile forms at 430.0 / 1.0
00:30 +1044 ~6: /Users/lute/project/momcozy-lab/app/test/features/onboarding/onboarding_design_test.dart: onboarding profile forms at 430.0 / 1.0
00:30 +1045 ~6: /Users/lute/project/momcozy-lab/app/test/features/onboarding/onboarding_design_test.dart: onboarding profile forms at 430.0 / 1.0
00:30 +1046 ~6: /Users/lute/project/momcozy-lab/app/test/features/onboarding/onboarding_design_test.dart: onboarding profile forms at 430.0 / 1.0
00:30 +1047 ~6: /Users/lute/project/momcozy-lab/app/test/features/onboarding/onboarding_design_test.dart: onboarding profile forms at 430.0 / 1.0
00:30 +1048 ~6: /Users/lute/project/momcozy-lab/app/test/features/onboarding/onboarding_design_test.dart: onboarding profile forms at 430.0 / 1.0
00:30 +1049 ~6: /Users/lute/project/momcozy-lab/app/test/features/onboarding/onboarding_design_test.dart: onboarding profile forms at 430.0 / 1.0
00:30 +1050 ~6: /Users/lute/project/momcozy-lab/app/test/features/onboarding/onboarding_design_test.dart: onboarding profile forms at 430.0 / 1.0
00:30 +1051 ~6: /Users/lute/project/momcozy-lab/app/test/features/onboarding/onboarding_design_test.dart: onboarding profile forms at 430.0 / 1.0
00:30 +1052 ~6: /Users/lute/project/momcozy-lab/app/test/features/onboarding/onboarding_design_test.dart: onboarding profile forms at 430.0 / 1.0
00:30 +1053 ~6: /Users/lute/project/momcozy-lab/app/test/features/onboarding/onboarding_design_test.dart: onboarding profile forms at 430.0 / 1.0
00:30 +1054 ~6: /Users/lute/project/momcozy-lab/app/test/features/onboarding/onboarding_design_test.dart: onboarding profile forms at 430.0 / 1.0
00:30 +1055 ~6: /Users/lute/project/momcozy-lab/app/test/features/onboarding/onboarding_design_test.dart: onboarding profile forms at 430.0 / 1.0
00:30 +1056 ~6: /Users/lute/project/momcozy-lab/app/test/features/onboarding/onboarding_design_test.dart: onboarding profile forms at 430.0 / 1.0
00:30 +1057 ~6: /Users/lute/project/momcozy-lab/app/test/shared/choice_field_test.dart: exclusive selection and toggling work with chips
00:30 +1058 ~6: /Users/lute/project/momcozy-lab/app/test/shared/choice_field_test.dart: exclusive selection and toggling work with chips
00:30 +1059 ~6: /Users/lute/project/momcozy-lab/app/test/shared/choice_field_test.dart: exclusive selection and toggling work with chips
00:30 +1060 ~6: /Users/lute/project/momcozy-lab/app/test/shared/choice_field_test.dart: exclusive selection and toggling work with chips
00:30 +1061 ~6: /Users/lute/project/momcozy-lab/app/test/shared/choice_field_test.dart: exclusive selection and toggling work with chips
00:30 +1062 ~6: /Users/lute/project/momcozy-lab/app/test/shared/choice_field_test.dart: exclusive selection and toggling work with chips
00:30 +1063 ~6: /Users/lute/project/momcozy-lab/app/test/shared/choice_field_test.dart: exclusive selection and toggling work with chips
00:30 +1064 ~6: /Users/lute/project/momcozy-lab/app/test/shared/choice_field_test.dart: exclusive selection and toggling work with chips
00:30 +1065 ~6: /Users/lute/project/momcozy-lab/app/test/shared/choice_field_test.dart: exclusive selection and toggling work with chips
00:30 +1066 ~6: /Users/lute/project/momcozy-lab/app/test/shared/choice_field_test.dart: exclusive selection and toggling work with chips
00:30 +1067 ~6: /Users/lute/project/momcozy-lab/app/test/shared/choice_field_test.dart: exclusive selection and toggling work with chips
00:30 +1068 ~6: /Users/lute/project/momcozy-lab/app/test/shared/choice_field_test.dart: exclusive selection and toggling work with chips
00:30 +1069 ~6: /Users/lute/project/momcozy-lab/app/test/shared/choice_field_test.dart: exclusive selection and toggling work with chips
00:30 +1070 ~6: /Users/lute/project/momcozy-lab/app/test/shared/choice_field_test.dart: exclusive selection and toggling work with chips
00:30 +1071 ~6: /Users/lute/project/momcozy-lab/app/test/shared/choice_field_test.dart: exclusive selection and toggling work with chips
00:30 +1072 ~6: /Users/lute/project/momcozy-lab/app/test/shared/choice_field_test.dart: exclusive selection and toggling work with chips
00:30 +1073 ~6: /Users/lute/project/momcozy-lab/app/test/shared/choice_field_test.dart: exclusive selection and toggling work with chips
00:30 +1074 ~6: /Users/lute/project/momcozy-lab/app/test/shared/choice_field_test.dart: exclusive selection and toggling work with chips
00:30 +1075 ~6: /Users/lute/project/momcozy-lab/app/test/features/onboarding/onboarding_design_test.dart: onboarding avatar generating at 430.0 / 1.0
00:30 +1076 ~6: /Users/lute/project/momcozy-lab/app/test/features/onboarding/onboarding_design_test.dart: onboarding avatar generating at 430.0 / 1.0
00:30 +1077 ~6: /Users/lute/project/momcozy-lab/app/test/shared/choice_field_test.dart: exclusive selection and toggling work with warmTiles
00:30 +1078 ~6: /Users/lute/project/momcozy-lab/app/test/shared/choice_field_test.dart: exclusive selection and toggling work with warmTiles
00:30 +1079 ~6: /Users/lute/project/momcozy-lab/app/test/features/onboarding/onboarding_design_test.dart: onboarding avatar review at 430.0 / 1.0
00:30 +1080 ~6: /Users/lute/project/momcozy-lab/app/test/features/onboarding/onboarding_design_test.dart: onboarding avatar review at 430.0 / 1.0
00:30 +1081 ~6: /Users/lute/project/momcozy-lab/app/test/shared/choice_field_test.dart: exclusive selection and toggling work with warmSegmented
00:30 +1082 ~6: /Users/lute/project/momcozy-lab/app/test/features/media/media_design_test.dart: image loading failure retry and zoom 430.0 / 1.0
00:31 +1083 ~6: /Users/lute/project/momcozy-lab/app/test/features/media/media_design_test.dart: image loading failure retry and zoom 430.0 / 1.0
00:31 +1084 ~6: /Users/lute/project/momcozy-lab/app/test/features/onboarding/onboarding_design_test.dart: onboarding profile forms at 430.0 / 2.0
00:31 +1085 ~6: /Users/lute/project/momcozy-lab/app/test/features/onboarding/onboarding_design_test.dart: onboarding profile forms at 430.0 / 2.0
00:31 +1086 ~6: /Users/lute/project/momcozy-lab/app/test/features/onboarding/onboarding_design_test.dart: onboarding profile forms at 430.0 / 2.0
00:31 +1087 ~6: /Users/lute/project/momcozy-lab/app/test/features/onboarding/onboarding_design_test.dart: onboarding profile forms at 430.0 / 2.0
00:31 +1088 ~6: /Users/lute/project/momcozy-lab/app/test/features/onboarding/onboarding_design_test.dart: onboarding profile forms at 430.0 / 2.0
00:31 +1089 ~6: /Users/lute/project/momcozy-lab/app/test/features/onboarding/onboarding_design_test.dart: onboarding profile forms at 430.0 / 2.0
00:31 +1090 ~6: /Users/lute/project/momcozy-lab/app/test/shared/input_confirmation_test.dart: large input and confirmation remain usable above a keyboard
00:31 +1091 ~6: /Users/lute/project/momcozy-lab/app/test/shared/input_confirmation_test.dart: large input and confirmation remain usable above a keyboard
00:31 +1092 ~6: /Users/lute/project/momcozy-lab/app/test/shared/input_confirmation_test.dart: large input and confirmation remain usable above a keyboard
00:31 +1093 ~6: /Users/lute/project/momcozy-lab/app/test/shared/input_confirmation_test.dart: large input and confirmation remain usable above a keyboard
00:31 +1094 ~6: /Users/lute/project/momcozy-lab/app/test/shared/input_confirmation_test.dart: large input and confirmation remain usable above a keyboard
00:31 +1095 ~6: /Users/lute/project/momcozy-lab/app/test/shared/input_confirmation_test.dart: large input and confirmation remain usable above a keyboard
00:31 +1096 ~6: /Users/lute/project/momcozy-lab/app/test/shared/input_confirmation_test.dart: large input and confirmation remain usable above a keyboard
00:31 +1097 ~6: /Users/lute/project/momcozy-lab/app/test/shared/input_confirmation_test.dart: large input and confirmation remain usable above a keyboard
00:31 +1098 ~6: /Users/lute/project/momcozy-lab/app/test/shared/input_confirmation_test.dart: large input and confirmation remain usable above a keyboard
00:31 +1099 ~6: /Users/lute/project/momcozy-lab/app/test/shared/input_confirmation_test.dart: large input and confirmation remain usable above a keyboard
00:31 +1100 ~6: /Users/lute/project/momcozy-lab/app/test/shared/input_confirmation_test.dart: large input and confirmation remain usable above a keyboard
00:31 +1101 ~6: /Users/lute/project/momcozy-lab/app/test/shared/input_confirmation_test.dart: large input and confirmation remain usable above a keyboard
00:31 +1102 ~6: /Users/lute/project/momcozy-lab/app/test/shared/input_confirmation_test.dart: large input and confirmation remain usable above a keyboard
00:31 +1103 ~6: /Users/lute/project/momcozy-lab/app/test/shared/input_confirmation_test.dart: large input and confirmation remain usable above a keyboard
00:31 +1104 ~6: /Users/lute/project/momcozy-lab/app/test/shared/input_confirmation_test.dart: large input and confirmation remain usable above a keyboard
00:31 +1105 ~6: /Users/lute/project/momcozy-lab/app/test/shared/input_confirmation_test.dart: large input and confirmation remain usable above a keyboard
00:31 +1106 ~6: /Users/lute/project/momcozy-lab/app/test/shared/input_confirmation_test.dart: large input and confirmation remain usable above a keyboard
00:31 +1107 ~6: /Users/lute/project/momcozy-lab/app/test/shared/input_confirmation_test.dart: large input and confirmation remain usable above a keyboard
00:31 +1108 ~6: /Users/lute/project/momcozy-lab/app/test/shared/input_confirmation_test.dart: large input and confirmation remain usable above a keyboard
00:31 +1109 ~6: /Users/lute/project/momcozy-lab/app/test/shared/input_confirmation_test.dart: large input and confirmation remain usable above a keyboard
00:31 +1110 ~6: /Users/lute/project/momcozy-lab/app/test/shared/input_confirmation_test.dart: large input and confirmation remain usable above a keyboard
00:32 +1111 ~6: /Users/lute/project/momcozy-lab/app/test/shared/input_confirmation_test.dart: large input and confirmation remain usable above a keyboard
00:32 +1112 ~6: /Users/lute/project/momcozy-lab/app/test/shared/input_confirmation_test.dart: large input and confirmation remain usable above a keyboard
00:32 +1113 ~6: /Users/lute/project/momcozy-lab/app/test/shared/input_confirmation_test.dart: large input and confirmation remain usable above a keyboard
00:32 +1114 ~6: /Users/lute/project/momcozy-lab/app/test/shared/input_confirmation_test.dart: large input and confirmation remain usable above a keyboard
00:32 +1115 ~6: /Users/lute/project/momcozy-lab/app/test/shared/input_confirmation_test.dart: large input and confirmation remain usable above a keyboard
00:32 +1116 ~6: /Users/lute/project/momcozy-lab/app/test/modules/schedule/schedule_page_golden_test.dart: task menu writes progress with the current version at 320.0/1.0
00:32 +1117 ~6: /Users/lute/project/momcozy-lab/app/test/modules/schedule/schedule_page_golden_test.dart: task menu writes progress with the current version at 320.0/1.0
00:32 +1118 ~6: /Users/lute/project/momcozy-lab/app/test/modules/consultation/room_page_test.dart: consultation preparation at 320.0 / 1.0
00:32 +1119 ~6: /Users/lute/project/momcozy-lab/app/test/modules/consultation/room_page_test.dart: consultation preparation at 320.0 / 1.0
00:32 +1120 ~6: /Users/lute/project/momcozy-lab/app/test/modules/consultation/room_page_test.dart: consultation preparation at 320.0 / 1.0
00:32 +1121 ~6: /Users/lute/project/momcozy-lab/app/test/modules/consultation/user_video_test.dart: user waiting media controls and leave 320.0 / 1.0
00:33 +1122 ~6: /Users/lute/project/momcozy-lab/app/test/modules/consultation/user_video_test.dart: user waiting media controls and leave 320.0 / 1.0
00:33 +1123 ~6: /Users/lute/project/momcozy-lab/app/test/modules/consultation/user_video_test.dart: user waiting media controls and leave 320.0 / 1.0
00:33 +1124 ~6: /Users/lute/project/momcozy-lab/app/test/modules/consultation/user_video_test.dart: user waiting media controls and leave 320.0 / 1.0
00:33 +1125 ~6: /Users/lute/project/momcozy-lab/app/test/modules/consultation/user_video_test.dart: user waiting media controls and leave 320.0 / 1.0
00:33 +1126 ~6: /Users/lute/project/momcozy-lab/app/test/modules/consultation/user_video_test.dart: user waiting media controls and leave 320.0 / 1.0
00:33 +1127 ~6: /Users/lute/project/momcozy-lab/app/test/modules/consultation/user_video_test.dart: user waiting media controls and leave 320.0 / 1.0
00:33 +1128 ~6: /Users/lute/project/momcozy-lab/app/test/modules/consultation/user_video_test.dart: user waiting media controls and leave 320.0 / 1.0
00:33 +1129 ~6: /Users/lute/project/momcozy-lab/app/test/modules/schedule/personal_schedule_editor_test.dart: personal schedule create edit delete at 320.0/1.0
00:33 +1130 ~6: /Users/lute/project/momcozy-lab/app/test/modules/schedule/personal_schedule_editor_test.dart: personal schedule create edit delete at 320.0/1.0
00:33 +1131 ~6: /Users/lute/project/momcozy-lab/app/test/modules/schedule/personal_schedule_editor_test.dart: personal schedule create edit delete at 320.0/1.0
00:33 +1132 ~6: /Users/lute/project/momcozy-lab/app/test/modules/schedule/personal_schedule_editor_test.dart: personal schedule create edit delete at 320.0/1.0
00:33 +1133 ~6: /Users/lute/project/momcozy-lab/app/test/modules/schedule/personal_schedule_editor_test.dart: personal schedule create edit delete at 320.0/1.0
00:33 +1134 ~6: /Users/lute/project/momcozy-lab/app/test/modules/schedule/personal_schedule_editor_test.dart: personal schedule create edit delete at 320.0/1.0
00:33 +1135 ~6: /Users/lute/project/momcozy-lab/app/test/modules/schedule/personal_schedule_editor_test.dart: personal schedule create edit delete at 320.0/1.0
00:33 +1136 ~6: /Users/lute/project/momcozy-lab/app/test/modules/schedule/personal_schedule_editor_test.dart: personal schedule create edit delete at 320.0/1.0
00:33 +1137 ~6: /Users/lute/project/momcozy-lab/app/test/modules/schedule/personal_schedule_editor_test.dart: personal schedule create edit delete at 320.0/1.0
00:33 +1138 ~6: /Users/lute/project/momcozy-lab/app/test/modules/schedule/personal_schedule_editor_test.dart: personal schedule create edit delete at 320.0/1.0
00:33 +1139 ~6: /Users/lute/project/momcozy-lab/app/test/modules/schedule/personal_schedule_editor_test.dart: personal schedule create edit delete at 320.0/1.0
00:33 +1140 ~6: /Users/lute/project/momcozy-lab/app/test/modules/schedule/personal_schedule_editor_test.dart: personal schedule create edit delete at 320.0/1.0
00:33 +1141 ~6: /Users/lute/project/momcozy-lab/app/test/modules/schedule/personal_schedule_editor_test.dart: personal schedule create edit delete at 320.0/1.0
00:33 +1142 ~6: /Users/lute/project/momcozy-lab/app/test/modules/schedule/personal_schedule_editor_test.dart: personal schedule create edit delete at 320.0/1.0
00:34 +1143 ~6: /Users/lute/project/momcozy-lab/app/test/modules/schedule/personal_schedule_editor_test.dart: personal schedule create edit delete at 320.0/1.0
00:34 +1144 ~6: /Users/lute/project/momcozy-lab/app/test/modules/schedule/personal_schedule_editor_test.dart: personal schedule create edit delete at 320.0/1.0
00:34 +1145 ~6: /Users/lute/project/momcozy-lab/app/test/modules/schedule/personal_schedule_editor_test.dart: personal schedule create edit delete at 320.0/1.0
00:34 +1146 ~6: /Users/lute/project/momcozy-lab/app/test/modules/consultation/user_video_test.dart: user waiting media controls and leave 390.0 / 1.0
00:34 +1147 ~6: /Users/lute/project/momcozy-lab/app/test/shared/input_confirmation_test.dart: inputs and discard 390 at 1.0x
00:34 +1148 ~6: /Users/lute/project/momcozy-lab/app/test/shared/input_confirmation_test.dart: inputs and discard 390 at 1.0x
00:34 +1149 ~6: /Users/lute/project/momcozy-lab/app/test/shared/input_confirmation_test.dart: inputs and discard 390 at 1.0x
00:34 +1150 ~6: /Users/lute/project/momcozy-lab/app/test/shared/input_confirmation_test.dart: inputs and discard 390 at 1.0x
00:34 +1151 ~6: /Users/lute/project/momcozy-lab/app/test/shared/input_confirmation_test.dart: inputs and discard 390 at 1.0x
00:34 +1152 ~6: /Users/lute/project/momcozy-lab/app/test/shared/input_confirmation_test.dart: inputs and discard 390 at 1.0x
00:34 +1153 ~6: /Users/lute/project/momcozy-lab/app/test/modules/schedule/personal_schedule_editor_test.dart: personal schedule create edit delete at 320.0/2.0
00:34 +1154 ~6: /Users/lute/project/momcozy-lab/app/test/modules/schedule/personal_schedule_editor_test.dart: personal schedule create edit delete at 320.0/2.0
00:34 +1155 ~6: /Users/lute/project/momcozy-lab/app/test/modules/schedule/personal_schedule_editor_test.dart: personal schedule create edit delete at 320.0/2.0
00:34 +1156 ~6: /Users/lute/project/momcozy-lab/app/test/modules/schedule/personal_schedule_editor_test.dart: personal schedule create edit delete at 320.0/2.0
00:34 +1157 ~6: /Users/lute/project/momcozy-lab/app/test/modules/schedule/personal_schedule_editor_test.dart: personal schedule create edit delete at 320.0/2.0
00:34 +1158 ~6: /Users/lute/project/momcozy-lab/app/test/modules/schedule/personal_schedule_editor_test.dart: personal schedule create edit delete at 320.0/2.0
00:34 +1159 ~6: /Users/lute/project/momcozy-lab/app/test/modules/schedule/personal_schedule_editor_test.dart: personal schedule create edit delete at 320.0/2.0
00:34 +1160 ~6: /Users/lute/project/momcozy-lab/app/test/modules/schedule/personal_schedule_editor_test.dart: personal schedule create edit delete at 320.0/2.0
00:34 +1161 ~6: /Users/lute/project/momcozy-lab/app/test/modules/schedule/personal_schedule_editor_test.dart: personal schedule create edit delete at 320.0/2.0
00:34 +1162 ~6: /Users/lute/project/momcozy-lab/app/test/modules/consultation/consultation_preparation_test.dart: preparation time and requirements 320.0 / 1.0
00:34 +1163 ~6: /Users/lute/project/momcozy-lab/app/test/modules/consultation/consultation_preparation_test.dart: preparation time and requirements 320.0 / 1.0
00:35 +1164 ~6: /Users/lute/project/momcozy-lab/app/test/modules/consultation/consultation_preparation_test.dart: preparation time and requirements 320.0 / 1.0
00:35 +1165 ~6: /Users/lute/project/momcozy-lab/app/test/modules/consultation/consultation_preparation_test.dart: preparation time and requirements 320.0 / 1.0
00:35 +1166 ~6: /Users/lute/project/momcozy-lab/app/test/modules/consultation/consultation_preparation_test.dart: preparation time and requirements 320.0 / 1.0
00:35 +1167 ~6: /Users/lute/project/momcozy-lab/app/test/modules/consultation/consultation_preparation_test.dart: preparation time and requirements 320.0 / 1.0
00:35 +1168 ~6: /Users/lute/project/momcozy-lab/app/test/modules/consultation/consultation_preparation_test.dart: preparation time and requirements 320.0 / 1.0
00:35 +1169 ~6: /Users/lute/project/momcozy-lab/app/test/modules/consultation/consultation_preparation_test.dart: preparation time and requirements 320.0 / 1.0
00:35 +1170 ~6: /Users/lute/project/momcozy-lab/app/test/modules/consultation/consultation_preparation_test.dart: preparation time and requirements 320.0 / 1.0
00:35 +1171 ~6: /Users/lute/project/momcozy-lab/app/test/modules/schedule/personal_schedule_editor_test.dart: personal schedule create edit delete at 390.0/1.0
00:35 +1172 ~6: /Users/lute/project/momcozy-lab/app/test/modules/schedule/personal_schedule_editor_test.dart: personal schedule create edit delete at 390.0/1.0
00:35 +1173 ~6: /Users/lute/project/momcozy-lab/app/test/modules/consultation/device_check_test.dart: opening the device dialog requests once and releases tracks after the check
00:35 +1174 ~6: /Users/lute/project/momcozy-lab/app/test/modules/consultation/device_check_test.dart: opening the device dialog requests once and releases tracks after the check
00:35 +1175 ~6: /Users/lute/project/momcozy-lab/app/test/shared/input_confirmation_test.dart: inputs and discard 430 at 1.0x
00:35 +1176 ~6: /Users/lute/project/momcozy-lab/app/test/modules/consultation/consultation_preparation_test.dart: preparation time and requirements 320.0 / 2.0
00:35 +1177 ~6: /Users/lute/project/momcozy-lab/app/test/modules/consultation/consultation_preparation_test.dart: preparation time and requirements 320.0 / 2.0
00:35 +1178 ~6: /Users/lute/project/momcozy-lab/app/test/modules/consultation/consultation_preparation_test.dart: preparation time and requirements 320.0 / 2.0
00:35 +1179 ~6: /Users/lute/project/momcozy-lab/app/test/modules/consultation/consultation_preparation_test.dart: preparation time and requirements 320.0 / 2.0
00:36 +1180 ~6: /Users/lute/project/momcozy-lab/app/test/modules/consultation/consultation_preparation_test.dart: preparation time and requirements 320.0 / 2.0
00:36 +1181 ~6: /Users/lute/project/momcozy-lab/app/test/shared/input_confirmation_test.dart: inputs and discard 430 at 2.0x
00:36 +1182 ~6: /Users/lute/project/momcozy-lab/app/test/shared/input_confirmation_test.dart: inputs and discard 430 at 2.0x
00:36 +1183 ~6: /Users/lute/project/momcozy-lab/app/test/modules/consultation/consultation_start_test.dart: device consent region and enter 320.0 / 1.0
00:36 +1184 ~6: /Users/lute/project/momcozy-lab/app/test/modules/consultation/consultation_start_test.dart: device consent region and enter 320.0 / 1.0
00:36 +1185 ~6: /Users/lute/project/momcozy-lab/app/test/modules/consultation/consultation_start_test.dart: device consent region and enter 320.0 / 1.0
00:36 +1186 ~6: /Users/lute/project/momcozy-lab/app/test/modules/consultation/consultation_start_test.dart: device consent region and enter 320.0 / 1.0
00:36 +1187 ~6: /Users/lute/project/momcozy-lab/app/test/modules/consultation/consultation_start_test.dart: device consent region and enter 320.0 / 1.0
00:36 +1188 ~6: /Users/lute/project/momcozy-lab/app/test/modules/consultation/consultation_start_test.dart: device consent region and enter 320.0 / 1.0
00:36 +1189 ~6: /Users/lute/project/momcozy-lab/app/test/modules/consultation/consultation_start_test.dart: device consent region and enter 320.0 / 1.0
00:36 +1190 ~6: /Users/lute/project/momcozy-lab/app/test/modules/consultation/consultation_start_test.dart: device consent region and enter 320.0 / 1.0
00:36 +1191 ~6: /Users/lute/project/momcozy-lab/app/test/modules/consultation/consultation_start_test.dart: device consent region and enter 320.0 / 1.0
00:36 +1192 ~6: /Users/lute/project/momcozy-lab/app/test/modules/consultation/consultation_start_test.dart: device consent region and enter 320.0 / 1.0
00:36 +1193 ~6: /Users/lute/project/momcozy-lab/app/test/modules/consultation/consultation_start_test.dart: device consent region and enter 320.0 / 1.0
00:36 +1194 ~6: /Users/lute/project/momcozy-lab/app/test/modules/consultation/consultation_start_test.dart: device consent region and enter 320.0 / 1.0
00:36 +1195 ~6: /Users/lute/project/momcozy-lab/app/test/modules/consultation/consultation_start_test.dart: device consent region and enter 320.0 / 1.0
00:37 +1196 ~6: /Users/lute/project/momcozy-lab/app/test/modules/consultation/room_design_test.dart: device check states 320.0 / 1.0
00:37 +1197 ~6: /Users/lute/project/momcozy-lab/app/test/modules/consultation/room_design_test.dart: device check states 320.0 / 1.0
00:37 +1198 ~6: /Users/lute/project/momcozy-lab/app/test/modules/consultation/consultation_preparation_test.dart: preparation time and requirements 390.0 / 2.0
00:37 +1199 ~6: /Users/lute/project/momcozy-lab/app/test/modules/consultation/consultation_preparation_test.dart: preparation time and requirements 390.0 / 2.0
00:37 +1200 ~6: /Users/lute/project/momcozy-lab/app/test/modules/consultation/consultation_preparation_test.dart: preparation time and requirements 390.0 / 2.0
00:37 +1201 ~6: /Users/lute/project/momcozy-lab/app/test/modules/consultation/home_consultation_dialog_test.dart: home preparation closes, cancels and enters through existing checks 320.0/1.0
00:37 +1202 ~6: /Users/lute/project/momcozy-lab/app/test/modules/consultation/home_consultation_dialog_test.dart: home preparation closes, cancels and enters through existing checks 320.0/1.0
00:37 +1203 ~6: /Users/lute/project/momcozy-lab/app/test/modules/consultation/home_consultation_dialog_test.dart: home preparation closes, cancels and enters through existing checks 320.0/1.0
00:37 +1204 ~6: /Users/lute/project/momcozy-lab/app/test/modules/consultation/consultation_start_test.dart: device consent region and enter 320.0 / 2.0
00:37 +1205 ~6: /Users/lute/project/momcozy-lab/app/test/modules/consultation/room_leave_recovery_test.dart: leave recovery 320.0 / 1.0
00:37 +1206 ~6: /Users/lute/project/momcozy-lab/app/test/modules/consultation/room_leave_recovery_test.dart: leave recovery 320.0 / 1.0
00:37 +1207 ~6: /Users/lute/project/momcozy-lab/app/test/modules/consultation/room_leave_recovery_test.dart: leave recovery 320.0 / 1.0
00:37 +1208 ~6: /Users/lute/project/momcozy-lab/app/test/modules/consultation/room_leave_recovery_test.dart: leave recovery 320.0 / 1.0
00:37 +1209 ~6: /Users/lute/project/momcozy-lab/app/test/modules/consultation/room_leave_recovery_test.dart: leave recovery 320.0 / 1.0
00:37 +1210 ~6: /Users/lute/project/momcozy-lab/app/test/modules/consultation/home_consultation_dialog_test.dart: home preparation closes, cancels and enters through existing checks 320.0/2.0
00:37 +1211 ~6: /Users/lute/project/momcozy-lab/app/test/modules/consultation/home_consultation_dialog_test.dart: home preparation closes, cancels and enters through existing checks 320.0/2.0
00:37 +1212 ~6: /Users/lute/project/momcozy-lab/app/test/modules/consultation/home_consultation_dialog_test.dart: home preparation closes, cancels and enters through existing checks 320.0/2.0
00:38 +1213 ~6: /Users/lute/project/momcozy-lab/app/test/modules/consultation/home_consultation_dialog_test.dart: home preparation closes, cancels and enters through existing checks 320.0/2.0
00:38 +1214 ~6: /Users/lute/project/momcozy-lab/app/test/modules/consultation/home_consultation_dialog_test.dart: home preparation closes, cancels and enters through existing checks 320.0/2.0
00:38 +1215 ~6: /Users/lute/project/momcozy-lab/app/test/modules/consultation/home_consultation_dialog_test.dart: home preparation closes, cancels and enters through existing checks 320.0/2.0
00:38 +1216 ~6: /Users/lute/project/momcozy-lab/app/test/modules/consultation/home_consultation_dialog_test.dart: home preparation closes, cancels and enters through existing checks 320.0/2.0
00:38 +1217 ~6: /Users/lute/project/momcozy-lab/app/test/modules/consultation/home_consultation_dialog_test.dart: home preparation closes, cancels and enters through existing checks 320.0/2.0
00:38 +1218 ~6: /Users/lute/project/momcozy-lab/app/test/modules/consultation/consultation_start_test.dart: device consent region and enter 390.0 / 1.0
00:38 +1219 ~6: /Users/lute/project/momcozy-lab/app/test/modules/consultation/consultation_preparation_test.dart: preparation time and requirements 430.0 / 2.0
00:38 +1220 ~6: /Users/lute/project/momcozy-lab/app/test/modules/consultation/consultation_preparation_test.dart: preparation time and requirements 430.0 / 2.0
00:38 +1221 ~6: /Users/lute/project/momcozy-lab/app/test/modules/consultation/consultation_preparation_test.dart: preparation time and requirements 430.0 / 2.0
00:38 +1222 ~6: /Users/lute/project/momcozy-lab/app/test/modules/consultation/consultation_preparation_test.dart: preparation time and requirements 430.0 / 2.0
00:38 +1223 ~6: /Users/lute/project/momcozy-lab/app/test/modules/consultation/room_outcome_design_test.dart: unsuccessful room outcomes 320.0 / 1.0
00:38 +1224 ~6: /Users/lute/project/momcozy-lab/app/test/modules/consultation/room_outcome_design_test.dart: unsuccessful room outcomes 320.0 / 1.0
00:38 +1225 ~6: /Users/lute/project/momcozy-lab/app/test/modules/consultation/room_outcome_design_test.dart: unsuccessful room outcomes 320.0 / 1.0
00:38 +1226 ~6: /Users/lute/project/momcozy-lab/app/test/modules/consultation/room_outcome_design_test.dart: unsuccessful room outcomes 320.0 / 1.0
00:38 +1227 ~6: /Users/lute/project/momcozy-lab/app/test/modules/consultation/room_outcome_design_test.dart: unsuccessful room outcomes 320.0 / 1.0
00:38 +1228 ~6: /Users/lute/project/momcozy-lab/app/test/modules/consultation/room_outcome_design_test.dart: unsuccessful room outcomes 320.0 / 1.0
00:38 +1229 ~6: /Users/lute/project/momcozy-lab/app/test/modules/consultation/room_outcome_design_test.dart: unsuccessful room outcomes 320.0 / 1.0
00:38 +1230 ~6: /Users/lute/project/momcozy-lab/app/test/modules/consultation/home_consultation_dialog_test.dart: home preparation closes, cancels and enters through existing checks 390.0/1.0
00:38 +1231 ~6: /Users/lute/project/momcozy-lab/app/test/modules/consultation/home_consultation_dialog_test.dart: home preparation closes, cancels and enters through existing checks 390.0/1.0
00:38 +1232 ~6: /Users/lute/project/momcozy-lab/app/test/modules/consultation/consultation_start_test.dart: device consent region and enter 430.0 / 1.0
00:38 +1233 ~6: /Users/lute/project/momcozy-lab/app/test/modules/consultation/consultation_start_test.dart: device consent region and enter 430.0 / 1.0
00:38 +1234 ~6: /Users/lute/project/momcozy-lab/app/test/modules/consultation/consultation_start_test.dart: device consent region and enter 430.0 / 1.0
00:38 +1235 ~6: /Users/lute/project/momcozy-lab/app/test/modules/consultation/consultation_start_test.dart: device consent region and enter 430.0 / 1.0
00:38 +1236 ~6: /Users/lute/project/momcozy-lab/app/test/modules/consultation/consultation_start_test.dart: device consent region and enter 430.0 / 1.0
00:38 +1237 ~6: /Users/lute/project/momcozy-lab/app/test/modules/consultation/consultation_start_test.dart: device consent region and enter 430.0 / 1.0
00:38 +1238 ~6: /Users/lute/project/momcozy-lab/app/test/modules/consultation/consultation_start_test.dart: device consent region and enter 430.0 / 1.0
00:38 +1239 ~6: /Users/lute/project/momcozy-lab/app/test/modules/consultation/consultation_start_test.dart: device consent region and enter 430.0 / 1.0
00:38 +1240 ~6: /Users/lute/project/momcozy-lab/app/test/modules/consultation/consultation_start_test.dart: device consent region and enter 430.0 / 1.0
00:38 +1241 ~6: /Users/lute/project/momcozy-lab/app/test/modules/consultation/home_consultation_dialog_test.dart: home preparation closes, cancels and enters through existing checks 390.0/2.0
00:38 +1242 ~6: /Users/lute/project/momcozy-lab/app/test/modules/consultation/home_consultation_dialog_test.dart: home preparation closes, cancels and enters through existing checks 390.0/2.0
00:38 +1243 ~6: /Users/lute/project/momcozy-lab/app/test/modules/consultation/room_outcome_design_test.dart: unsuccessful room outcomes 430.0 / 1.0
00:38 +1244 ~6: /Users/lute/project/momcozy-lab/app/test/modules/consultation/consultation_start_test.dart: device consent region and enter 430.0 / 2.0
00:38 +1245 ~6: /Users/lute/project/momcozy-lab/app/test/modules/consultation/consultation_start_test.dart: device consent region and enter 430.0 / 2.0
00:39 +1246 ~6: /Users/lute/project/momcozy-lab/app/test/modules/consultation/consultation_start_test.dart: device consent region and enter 430.0 / 2.0
00:39 +1247 ~6: /Users/lute/project/momcozy-lab/app/test/modules/consultation/consultation_start_test.dart: device consent region and enter 430.0 / 2.0
00:39 +1248 ~6: /Users/lute/project/momcozy-lab/app/test/modules/consultation/consultation_start_test.dart: device consent region and enter 430.0 / 2.0
00:39 +1249 ~6: /Users/lute/project/momcozy-lab/app/test/modules/consultation/consultation_start_test.dart: device consent region and enter 430.0 / 2.0
00:39 +1250 ~6: /Users/lute/project/momcozy-lab/app/test/modules/consultation/consultation_start_test.dart: device consent region and enter 430.0 / 2.0
00:39 +1251 ~6: /Users/lute/project/momcozy-lab/app/test/modules/ibclc/documentation_page_test.dart: professional note editor at 1024.0
00:39 +1252 ~6: /Users/lute/project/momcozy-lab/app/test/modules/ibclc/documentation_page_test.dart: professional note editor at 1024.0
00:39 +1253 ~6: /Users/lute/project/momcozy-lab/app/test/modules/ibclc/documentation_page_test.dart: professional note editor at 1024.0
00:39 +1254 ~6: /Users/lute/project/momcozy-lab/app/test/modules/ibclc/documentation_page_test.dart: professional note editor at 1024.0
00:39 +1255 ~6: /Users/lute/project/momcozy-lab/app/test/modules/ibclc/documentation_page_test.dart: professional note editor at 1024.0
00:39 +1256 ~6: /Users/lute/project/momcozy-lab/app/test/modules/ibclc/documentation_page_test.dart: professional note editor at 1024.0
00:39 +1257 ~6: /Users/lute/project/momcozy-lab/app/test/modules/ibclc/documentation_page_test.dart: professional note editor at 1024.0
00:39 +1258 ~6: /Users/lute/project/momcozy-lab/app/test/modules/ibclc/documentation_page_test.dart: professional note editor at 1024.0
00:39 +1259 ~6: /Users/lute/project/momcozy-lab/app/test/modules/ibclc/documentation_page_test.dart: professional note editor at 1024.0
00:39 +1260 ~6: /Users/lute/project/momcozy-lab/app/test/modules/ibclc/documentation_page_test.dart: professional note editor at 1024.0
00:39 +1261 ~6: /Users/lute/project/momcozy-lab/app/test/modules/ibclc/documentation_page_test.dart: professional note editor at 1024.0
00:39 +1262 ~6: /Users/lute/project/momcozy-lab/app/test/modules/ibclc/documentation_page_test.dart: professional note editor at 1024.0
00:39 +1263 ~6: /Users/lute/project/momcozy-lab/app/test/modules/consultation/consultation_start_test.dart: short screen enlarged text keeps consent and region reachable
00:39 +1264 ~6: /Users/lute/project/momcozy-lab/app/test/modules/consultation/home_consultation_dialog_test.dart: home preparation closes, cancels and enters through existing checks 430.0/2.0
00:39 +1265 ~6: /Users/lute/project/momcozy-lab/app/test/modules/consultation/home_consultation_dialog_test.dart: home preparation closes, cancels and enters through existing checks 430.0/2.0
00:39 +1266 ~6: /Users/lute/project/momcozy-lab/app/test/modules/ibclc/documentation_page_test.dart: professional plan editor at 1024.0
00:39 +1267 ~6: /Users/lute/project/momcozy-lab/app/test/modules/ibclc/documentation_page_test.dart: professional plan editor at 1024.0
00:39 +1268 ~6: /Users/lute/project/momcozy-lab/app/test/modules/ibclc/documentation_page_test.dart: professional plan editor at 1024.0
00:39 +1269 ~6: /Users/lute/project/momcozy-lab/app/test/modules/consultation/room_design_test.dart: ended room destinations 430.0 / 2.0
00:39 +1270 ~6: /Users/lute/project/momcozy-lab/app/test/modules/consultation/consultation_start_test.dart: closing a preparing room cancels pending automatic join
00:39 +1271 ~6: /Users/lute/project/momcozy-lab/app/test/modules/consultation/consultation_start_test.dart: closing a preparing room cancels pending automatic join
00:39 +1272 ~6: /Users/lute/project/momcozy-lab/app/test/modules/ibclc/documentation_page_test.dart: professional plan editor at 1280.0
00:40 +1273 ~6: /Users/lute/project/momcozy-lab/app/test/modules/consultation/consultation_start_test.dart: location network failure retries without joining prematurely
00:40 +1274 ~6: /Users/lute/project/momcozy-lab/app/test/modules/ibclc/documentation_page_test.dart: published consultation summary at 320.0
00:40 +1275 ~6: /Users/lute/project/momcozy-lab/app/test/modules/consultation/consultation_start_test.dart: consent retry preserves video scope and original version
00:40 +1276 ~6: /Users/lute/project/momcozy-lab/app/test/modules/ibclc/documentation_page_test.dart: published consultation summary at 390.0
00:40 +1277 ~6: /Users/lute/project/momcozy-lab/app/test/modules/consultation/consultation_start_test.dart: a server approved region outside the design demo can enter
00:40 +1278 ~6: /Users/lute/project/momcozy-lab/app/test/modules/consultation/consultation_start_test.dart: a server approved region outside the design demo can enter
00:40 +1279 ~6: /Users/lute/project/momcozy-lab/app/test/modules/consultation/consultation_start_test.dart: a server approved region outside the design demo can enter
00:40 +1280 ~6: /Users/lute/project/momcozy-lab/app/test/modules/consultation/consultation_start_test.dart: a server approved region outside the design demo can enter
00:40 +1281 ~6: /Users/lute/project/momcozy-lab/app/test/modules/consultation/consultation_start_test.dart: a server approved region outside the design demo can enter
00:40 +1282 ~6: /Users/lute/project/momcozy-lab/app/test/modules/consultation/consultation_start_test.dart: a server approved region outside the design demo can enter
00:40 +1283 ~6: /Users/lute/project/momcozy-lab/app/test/modules/consultation/consultation_start_test.dart: a server approved region outside the design demo can enter
00:40 +1284 ~6: /Users/lute/project/momcozy-lab/app/test/modules/consultation/consultation_start_test.dart: a server approved region outside the design demo can enter
00:40 +1285 ~6: /Users/lute/project/momcozy-lab/app/test/modules/consultation/consultation_start_test.dart: a server approved region outside the design demo can enter
00:40 +1286 ~6: /Users/lute/project/momcozy-lab/app/test/modules/consultation/consultation_start_test.dart: a server approved region outside the design demo can enter
00:40 +1287 ~6: /Users/lute/project/momcozy-lab/app/test/modules/ibclc/reports_page_test.dart: report detail at 1024.0
00:40 +1288 ~6: /Users/lute/project/momcozy-lab/app/test/modules/ibclc/reports_page_test.dart: report detail at 1024.0
00:40 +1289 ~6: /Users/lute/project/momcozy-lab/app/test/modules/ibclc/reports_page_test.dart: report detail at 1024.0
00:40 +1290 ~6: /Users/lute/project/momcozy-lab/app/test/modules/ibclc/reports_page_test.dart: report detail at 1024.0
00:40 +1291 ~6: /Users/lute/project/momcozy-lab/app/test/modules/ibclc/reports_page_test.dart: report detail at 1024.0
00:40 +1292 ~6: /Users/lute/project/momcozy-lab/app/test/modules/ibclc/reports_page_test.dart: report detail at 1024.0
00:40 +1293 ~6: /Users/lute/project/momcozy-lab/app/test/modules/ibclc/reports_page_test.dart: report detail at 1024.0
00:40 +1294 ~6: /Users/lute/project/momcozy-lab/app/test/modules/ibclc/reports_page_test.dart: report detail at 1024.0
00:41 +1295 ~6: /Users/lute/project/momcozy-lab/app/test/modules/ibclc/reports_page_test.dart: report detail at 1024.0
00:41 +1296 ~6: /Users/lute/project/momcozy-lab/app/test/modules/ibclc/workbench_page_test.dart: independent workbench clients at 1024.0
00:41 +1297 ~6: /Users/lute/project/momcozy-lab/app/test/modules/ibclc/workbench_page_test.dart: independent workbench clients at 1024.0
00:41 +1298 ~6: /Users/lute/project/momcozy-lab/app/test/modules/ibclc/workbench_page_test.dart: independent workbench clients at 1024.0
00:41 +1299 ~6: /Users/lute/project/momcozy-lab/app/test/modules/ibclc/workbench_page_test.dart: independent workbench clients at 1024.0
00:41 +1300 ~6: /Users/lute/project/momcozy-lab/app/test/modules/ibclc/workbench_page_test.dart: independent workbench clients at 1024.0
00:41 +1301 ~6: /Users/lute/project/momcozy-lab/app/test/modules/ibclc/workbench_page_test.dart: independent workbench clients at 1024.0
00:41 +1302 ~6: /Users/lute/project/momcozy-lab/app/test/modules/ibclc/workbench_page_test.dart: independent workbench clients at 1024.0
00:41 +1303 ~6: /Users/lute/project/momcozy-lab/app/test/modules/ibclc/reports_page_test.dart: report detail at 1280.0
00:41 +1304 ~6: /Users/lute/project/momcozy-lab/app/test/modules/ibclc/reports_page_test.dart: report detail at 1280.0
00:41 +1305 ~6: /Users/lute/project/momcozy-lab/app/test/modules/ibclc/reports_page_test.dart: report detail at 1280.0
00:41 +1306 ~6: /Users/lute/project/momcozy-lab/app/test/modules/profile/privacy_test.dart: privacy scopes, revoke confirmation and notifications 320.0/1.0
00:41 +1307 ~6: /Users/lute/project/momcozy-lab/app/test/modules/profile/privacy_test.dart: privacy scopes, revoke confirmation and notifications 320.0/1.0
00:41 +1308 ~6: /Users/lute/project/momcozy-lab/app/test/modules/profile/privacy_test.dart: privacy scopes, revoke confirmation and notifications 320.0/1.0
00:42 +1309 ~6: /Users/lute/project/momcozy-lab/app/test/modules/profile/privacy_test.dart: privacy scopes, revoke confirmation and notifications 320.0/1.0
00:42 +1310 ~6: /Users/lute/project/momcozy-lab/app/test/modules/profile/privacy_test.dart: privacy scopes, revoke confirmation and notifications 320.0/1.0
00:42 +1311 ~6: /Users/lute/project/momcozy-lab/app/test/modules/profile/privacy_test.dart: privacy scopes, revoke confirmation and notifications 320.0/1.0
00:42 +1312 ~6: /Users/lute/project/momcozy-lab/app/test/modules/profile/privacy_test.dart: privacy scopes, revoke confirmation and notifications 320.0/1.0
00:42 +1313 ~6: /Users/lute/project/momcozy-lab/app/test/modules/profile/privacy_test.dart: privacy scopes, revoke confirmation and notifications 320.0/1.0
00:42 +1314 ~6: /Users/lute/project/momcozy-lab/app/test/modules/baby/baby_switcher_design_test.dart: switcher changes the selected baby and opens its profile at 320.0/1.0
00:42 +1315 ~6: /Users/lute/project/momcozy-lab/app/test/modules/baby/baby_switcher_design_test.dart: switcher changes the selected baby and opens its profile at 320.0/1.0
00:42 +1316 ~6: /Users/lute/project/momcozy-lab/app/test/modules/baby/baby_switcher_design_test.dart: switcher changes the selected baby and opens its profile at 320.0/1.0
00:42 +1317 ~6: /Users/lute/project/momcozy-lab/app/test/modules/baby/baby_switcher_design_test.dart: switcher changes the selected baby and opens its profile at 320.0/1.0
00:42 +1318 ~6: /Users/lute/project/momcozy-lab/app/test/modules/baby/baby_growth_empty_state_test.dart: missing birth growth profile at 320.0/1.0 is actionable without fabricated reference
00:42 +1319 ~6: /Users/lute/project/momcozy-lab/app/test/modules/baby/baby_growth_empty_state_test.dart: missing birth growth profile at 320.0/1.0 is actionable without fabricated reference
00:42 +1320 ~6: /Users/lute/project/momcozy-lab/app/test/modules/baby/baby_growth_empty_state_test.dart: missing birth growth profile at 320.0/1.0 is actionable without fabricated reference
00:42 +1321 ~6: /Users/lute/project/momcozy-lab/app/test/modules/baby/baby_growth_empty_state_test.dart: missing birth growth profile at 320.0/1.0 is actionable without fabricated reference
00:42 +1322 ~6: /Users/lute/project/momcozy-lab/app/test/modules/baby/baby_growth_empty_state_test.dart: missing birth growth profile at 320.0/1.0 is actionable without fabricated reference
00:42 +1323 ~6: /Users/lute/project/momcozy-lab/app/test/modules/baby/baby_growth_empty_state_test.dart: missing birth growth profile at 320.0/1.0 is actionable without fabricated reference
00:42 +1324 ~6: /Users/lute/project/momcozy-lab/app/test/modules/baby/baby_growth_empty_state_test.dart: missing birth growth profile at 320.0/1.0 is actionable without fabricated reference
00:42 +1325 ~6: /Users/lute/project/momcozy-lab/app/test/modules/baby/baby_growth_empty_state_test.dart: missing birth growth profile at 320.0/1.0 is actionable without fabricated reference
00:42 +1326 ~6: /Users/lute/project/momcozy-lab/app/test/modules/baby/baby_growth_empty_state_test.dart: missing birth growth profile at 320.0/1.0 is actionable without fabricated reference
00:42 +1327 ~6: /Users/lute/project/momcozy-lab/app/test/modules/baby/baby_growth_empty_state_test.dart: missing birth growth profile at 320.0/1.0 is actionable without fabricated reference
00:42 +1328 ~6: /Users/lute/project/momcozy-lab/app/test/modules/baby/baby_growth_empty_state_test.dart: missing birth growth profile at 320.0/1.0 is actionable without fabricated reference
00:42 +1329 ~6: /Users/lute/project/momcozy-lab/app/test/modules/baby/baby_growth_empty_state_test.dart: missing birth growth profile at 320.0/1.0 is actionable without fabricated reference
00:42 +1330 ~6: /Users/lute/project/momcozy-lab/app/test/modules/baby/baby_growth_empty_state_test.dart: missing birth growth profile at 320.0/1.0 is actionable without fabricated reference
00:42 +1331 ~6: /Users/lute/project/momcozy-lab/app/test/modules/baby/baby_growth_empty_state_test.dart: missing birth growth profile at 320.0/1.0 is actionable without fabricated reference
00:43 +1332 ~6: /Users/lute/project/momcozy-lab/app/test/modules/baby/baby_growth_empty_state_test.dart: missing birth growth profile at 320.0/1.0 is actionable without fabricated reference
00:43 +1333 ~6: /Users/lute/project/momcozy-lab/app/test/modules/baby/baby_growth_empty_state_test.dart: missing birth growth profile at 320.0/1.0 is actionable without fabricated reference
00:43 +1334 ~6: /Users/lute/project/momcozy-lab/app/test/modules/baby/baby_growth_empty_state_test.dart: missing birth growth profile at 320.0/1.0 is actionable without fabricated reference
00:43 +1335 ~6: /Users/lute/project/momcozy-lab/app/test/modules/baby/baby_growth_empty_state_test.dart: missing birth growth profile at 320.0/1.0 is actionable without fabricated reference
00:43 +1336 ~6: /Users/lute/project/momcozy-lab/app/test/modules/baby/baby_growth_empty_state_test.dart: missing birth growth profile at 320.0/1.0 is actionable without fabricated reference
00:43 +1337 ~6: /Users/lute/project/momcozy-lab/app/test/modules/baby/baby_growth_empty_state_test.dart: missing birth growth profile at 320.0/1.0 is actionable without fabricated reference
00:43 +1338 ~6: /Users/lute/project/momcozy-lab/app/test/modules/baby/baby_growth_empty_state_test.dart: missing birth growth profile at 320.0/1.0 is actionable without fabricated reference
00:43 +1339 ~6: /Users/lute/project/momcozy-lab/app/test/modules/baby/baby_growth_empty_state_test.dart: missing birth growth profile at 320.0/1.0 is actionable without fabricated reference
00:43 +1340 ~6: /Users/lute/project/momcozy-lab/app/test/modules/baby/baby_growth_empty_state_test.dart: missing birth growth profile at 320.0/1.0 is actionable without fabricated reference
00:43 +1341 ~6: /Users/lute/project/momcozy-lab/app/test/modules/baby/baby_growth_empty_state_test.dart: missing birth growth profile at 320.0/1.0 is actionable without fabricated reference
00:43 +1342 ~6: /Users/lute/project/momcozy-lab/app/test/modules/baby/baby_save_feedback_test.dart: feeding validation, save, uncertain undo and feedback at 320.0/1.0
00:43 +1343 ~6: /Users/lute/project/momcozy-lab/app/test/modules/baby/baby_save_feedback_test.dart: feeding validation, save, uncertain undo and feedback at 320.0/1.0
00:43 +1344 ~6: /Users/lute/project/momcozy-lab/app/test/modules/baby/baby_save_feedback_test.dart: feeding validation, save, uncertain undo and feedback at 320.0/1.0
00:43 +1345 ~6: /Users/lute/project/momcozy-lab/app/test/modules/baby/baby_save_feedback_test.dart: feeding validation, save, uncertain undo and feedback at 320.0/1.0
00:43 +1346 ~6: /Users/lute/project/momcozy-lab/app/test/modules/baby/baby_save_feedback_test.dart: feeding validation, save, uncertain undo and feedback at 320.0/1.0
00:43 +1347 ~6: /Users/lute/project/momcozy-lab/app/test/modules/baby/baby_save_feedback_test.dart: feeding validation, save, uncertain undo and feedback at 320.0/1.0
00:43 +1348 ~6: /Users/lute/project/momcozy-lab/app/test/modules/baby/baby_save_feedback_test.dart: feeding validation, save, uncertain undo and feedback at 320.0/1.0
00:43 +1349 ~6: /Users/lute/project/momcozy-lab/app/test/modules/baby/baby_save_feedback_test.dart: feeding validation, save, uncertain undo and feedback at 320.0/1.0
00:43 +1350 ~6: /Users/lute/project/momcozy-lab/app/test/modules/baby/baby_save_feedback_test.dart: feeding validation, save, uncertain undo and feedback at 320.0/1.0
00:43 +1351 ~6: /Users/lute/project/momcozy-lab/app/test/modules/baby/baby_save_feedback_test.dart: feeding validation, save, uncertain undo and feedback at 320.0/1.0
00:43 +1352 ~6: /Users/lute/project/momcozy-lab/app/test/modules/baby/baby_save_feedback_test.dart: feeding validation, save, uncertain undo and feedback at 320.0/1.0
00:43 +1353 ~6: /Users/lute/project/momcozy-lab/app/test/modules/baby/baby_save_feedback_test.dart: feeding validation, save, uncertain undo and feedback at 320.0/1.0
00:43 +1354 ~6: /Users/lute/project/momcozy-lab/app/test/modules/baby/baby_save_feedback_test.dart: feeding validation, save, uncertain undo and feedback at 320.0/1.0
00:43 +1355 ~6: /Users/lute/project/momcozy-lab/app/test/modules/baby/baby_save_feedback_test.dart: feeding validation, save, uncertain undo and feedback at 320.0/1.0
00:43 +1356 ~6: /Users/lute/project/momcozy-lab/app/test/modules/baby/baby_save_feedback_test.dart: feeding validation, save, uncertain undo and feedback at 320.0/1.0
00:43 +1357 ~6: /Users/lute/project/momcozy-lab/app/test/modules/baby/baby_save_feedback_test.dart: feeding validation, save, uncertain undo and feedback at 320.0/1.0
00:43 +1358 ~6: /Users/lute/project/momcozy-lab/app/test/modules/baby/baby_save_feedback_test.dart: feeding validation, save, uncertain undo and feedback at 320.0/1.0
00:43 +1359 ~6: /Users/lute/project/momcozy-lab/app/test/modules/baby/baby_save_feedback_test.dart: feeding validation, save, uncertain undo and feedback at 320.0/1.0
00:43 +1360 ~6: /Users/lute/project/momcozy-lab/app/test/modules/baby/baby_save_feedback_test.dart: feeding validation, save, uncertain undo and feedback at 320.0/1.0
00:43 +1361 ~6: /Users/lute/project/momcozy-lab/app/test/modules/baby/baby_save_feedback_test.dart: feeding validation, save, uncertain undo and feedback at 320.0/1.0
00:44 +1362 ~6: /Users/lute/project/momcozy-lab/app/test/modules/baby/baby_save_feedback_test.dart: feeding validation, save, uncertain undo and feedback at 320.0/1.0
00:44 +1363 ~6: /Users/lute/project/momcozy-lab/app/test/modules/baby/baby_save_feedback_test.dart: feeding validation, save, uncertain undo and feedback at 320.0/1.0
00:44 +1364 ~6: /Users/lute/project/momcozy-lab/app/test/modules/baby/baby_save_feedback_test.dart: feeding validation, save, uncertain undo and feedback at 320.0/1.0
00:44 +1365 ~6: /Users/lute/project/momcozy-lab/app/test/modules/baby/baby_save_feedback_test.dart: feeding validation, save, uncertain undo and feedback at 320.0/1.0
00:44 +1366 ~6: /Users/lute/project/momcozy-lab/app/test/modules/baby/baby_growth_empty_state_test.dart: missing sex growth profile at 320.0/2.0 is actionable without fabricated reference
00:44 +1367 ~6: /Users/lute/project/momcozy-lab/app/test/modules/baby/baby_growth_empty_state_test.dart: missing sex growth profile at 320.0/2.0 is actionable without fabricated reference
00:44 +1368 ~6: /Users/lute/project/momcozy-lab/app/test/modules/ibclc/workbench_page_test.dart: small workbench with large text keeps navigation and appointment actions usable
00:44 +1369 ~6: /Users/lute/project/momcozy-lab/app/test/modules/ibclc/workbench_page_test.dart: small workbench with large text keeps navigation and appointment actions usable
00:44 +1370 ~6: /Users/lute/project/momcozy-lab/app/test/modules/ibclc/workbench_page_test.dart: small workbench with large text keeps navigation and appointment actions usable
00:44 +1371 ~6: /Users/lute/project/momcozy-lab/app/test/modules/ibclc/workbench_page_test.dart: small workbench with large text keeps navigation and appointment actions usable
00:44 +1372 ~6: /Users/lute/project/momcozy-lab/app/test/modules/ibclc/workbench_page_test.dart: small workbench with large text keeps navigation and appointment actions usable
00:44 +1373 ~6: /Users/lute/project/momcozy-lab/app/test/modules/ibclc/workbench_page_test.dart: small workbench with large text keeps navigation and appointment actions usable
00:44 +1374 ~6: /Users/lute/project/momcozy-lab/app/test/modules/ibclc/workbench_page_test.dart: small workbench with large text keeps navigation and appointment actions usable
00:44 +1375 ~6: /Users/lute/project/momcozy-lab/app/test/modules/profile/privacy_test.dart: pending save locks edits and read retry can resolve uncertain result
00:44 +1376 ~6: /Users/lute/project/momcozy-lab/app/test/modules/baby/baby_editor_states_test.dart: nursing keeps its primary action visible at 320.0/1.0
00:44 +1377 ~6: /Users/lute/project/momcozy-lab/app/test/modules/baby/baby_editor_states_test.dart: nursing keeps its primary action visible at 320.0/1.0
00:44 +1378 ~6: /Users/lute/project/momcozy-lab/app/test/modules/baby/baby_save_feedback_test.dart: feeding validation, save, uncertain undo and feedback at 320.0/2.0
00:44 +1379 ~6: /Users/lute/project/momcozy-lab/app/test/modules/baby/baby_save_feedback_test.dart: feeding validation, save, uncertain undo and feedback at 320.0/2.0
00:44 +1380 ~6: /Users/lute/project/momcozy-lab/app/test/modules/baby/baby_save_feedback_test.dart: feeding validation, save, uncertain undo and feedback at 320.0/2.0
00:44 +1381 ~6: /Users/lute/project/momcozy-lab/app/test/modules/baby/baby_save_feedback_test.dart: feeding validation, save, uncertain undo and feedback at 320.0/2.0
00:44 +1382 ~6: /Users/lute/project/momcozy-lab/app/test/modules/baby/baby_save_feedback_test.dart: feeding validation, save, uncertain undo and feedback at 320.0/2.0
00:44 +1383 ~6: /Users/lute/project/momcozy-lab/app/test/modules/baby/baby_save_feedback_test.dart: feeding validation, save, uncertain undo and feedback at 320.0/2.0
00:44 +1384 ~6: /Users/lute/project/momcozy-lab/app/test/modules/ibclc/workbench_page_test.dart: consultation intake values are available to screen readers
00:44 +1385 ~6: /Users/lute/project/momcozy-lab/app/test/modules/ibclc/workbench_page_test.dart: consultation intake values are available to screen readers
00:44 +1386 ~6: /Users/lute/project/momcozy-lab/app/test/modules/baby/baby_editor_states_test.dart: sleep-active keeps its primary action visible at 320.0/1.0
00:44 +1387 ~6: /Users/lute/project/momcozy-lab/app/test/modules/baby/baby_editor_states_test.dart: sleep-active keeps its primary action visible at 320.0/1.0
00:44 +1388 ~6: /Users/lute/project/momcozy-lab/app/test/modules/baby/baby_growth_empty_state_test.dart: missing birth growth profile at 390.0/1.0 is actionable without fabricated reference
00:44 +1389 ~6: /Users/lute/project/momcozy-lab/app/test/modules/baby/baby_save_feedback_test.dart: feeding validation, save, uncertain undo and feedback at 390.0/1.0
00:44 +1390 ~6: /Users/lute/project/momcozy-lab/app/test/modules/baby/baby_save_feedback_test.dart: feeding validation, save, uncertain undo and feedback at 390.0/1.0
00:44 +1391 ~6: /Users/lute/project/momcozy-lab/app/test/modules/baby/baby_save_feedback_test.dart: feeding validation, save, uncertain undo and feedback at 390.0/1.0
00:44 +1392 ~6: /Users/lute/project/momcozy-lab/app/test/modules/baby/baby_save_feedback_test.dart: feeding validation, save, uncertain undo and feedback at 390.0/1.0
00:44 +1393 ~6: /Users/lute/project/momcozy-lab/app/test/modules/baby/baby_save_feedback_test.dart: feeding validation, save, uncertain undo and feedback at 390.0/1.0
00:44 +1394 ~6: /Users/lute/project/momcozy-lab/app/test/modules/baby/baby_save_feedback_test.dart: feeding validation, save, uncertain undo and feedback at 390.0/1.0
00:44 +1395 ~6: /Users/lute/project/momcozy-lab/app/test/modules/baby/baby_growth_empty_state_test.dart: missing sex growth profile at 390.0/1.0 is actionable without fabricated reference
00:44 +1396 ~6: /Users/lute/project/momcozy-lab/app/test/modules/baby/baby_editor_states_test.dart: sleep-start keeps its primary action visible at 320.0/2.0
00:44 +1397 ~6: /Users/lute/project/momcozy-lab/app/test/modules/baby/baby_editor_states_test.dart: sleep-start keeps its primary action visible at 320.0/2.0
00:44 +1398 ~6: /Users/lute/project/momcozy-lab/app/test/modules/baby/baby_save_feedback_test.dart: feeding validation, save, uncertain undo and feedback at 390.0/2.0
00:44 +1399 ~6: /Users/lute/project/momcozy-lab/app/test/modules/baby/baby_save_feedback_test.dart: feeding validation, save, uncertain undo and feedback at 390.0/2.0
00:44 +1400 ~6: /Users/lute/project/momcozy-lab/app/test/modules/baby/baby_save_feedback_test.dart: feeding validation, save, uncertain undo and feedback at 390.0/2.0
00:44 +1401 ~6: /Users/lute/project/momcozy-lab/app/test/modules/baby/baby_save_feedback_test.dart: feeding validation, save, uncertain undo and feedback at 390.0/2.0
00:45 +1402 ~6: /Users/lute/project/momcozy-lab/app/test/modules/baby/baby_save_feedback_test.dart: feeding validation, save, uncertain undo and feedback at 390.0/2.0
00:45 +1403 ~6: /Users/lute/project/momcozy-lab/app/test/modules/baby/baby_growth_empty_state_test.dart: missing birth growth profile at 390.0/2.0 is actionable without fabricated reference
00:45 +1404 ~6: /Users/lute/project/momcozy-lab/app/test/modules/baby/baby_growth_empty_state_test.dart: missing birth growth profile at 390.0/2.0 is actionable without fabricated reference
00:45 +1405 ~6: /Users/lute/project/momcozy-lab/app/test/modules/baby/baby_growth_empty_state_test.dart: missing birth growth profile at 390.0/2.0 is actionable without fabricated reference
00:45 +1406 ~6: /Users/lute/project/momcozy-lab/app/test/modules/baby/baby_growth_empty_state_test.dart: missing birth growth profile at 390.0/2.0 is actionable without fabricated reference
00:45 +1407 ~6: /Users/lute/project/momcozy-lab/app/test/modules/baby/baby_growth_empty_state_test.dart: missing birth growth profile at 390.0/2.0 is actionable without fabricated reference
00:45 +1408 ~6: /Users/lute/project/momcozy-lab/app/test/modules/baby/baby_growth_empty_state_test.dart: missing birth growth profile at 390.0/2.0 is actionable without fabricated reference
00:45 +1409 ~6: /Users/lute/project/momcozy-lab/app/test/modules/baby/baby_growth_empty_state_test.dart: missing birth growth profile at 390.0/2.0 is actionable without fabricated reference
00:45 +1410 ~6: /Users/lute/project/momcozy-lab/app/test/modules/baby/baby_growth_empty_state_test.dart: missing birth growth profile at 390.0/2.0 is actionable without fabricated reference
00:45 +1411 ~6: /Users/lute/project/momcozy-lab/app/test/modules/baby/baby_growth_empty_state_test.dart: missing birth growth profile at 390.0/2.0 is actionable without fabricated reference
00:45 +1412 ~6: /Users/lute/project/momcozy-lab/app/test/modules/baby/baby_growth_empty_state_test.dart: missing birth growth profile at 390.0/2.0 is actionable without fabricated reference
00:45 +1413 ~6: /Users/lute/project/momcozy-lab/app/test/modules/baby/baby_growth_empty_state_test.dart: missing birth growth profile at 390.0/2.0 is actionable without fabricated reference
00:45 +1414 ~6: /Users/lute/project/momcozy-lab/app/test/modules/baby/baby_save_feedback_test.dart: feeding validation, save, uncertain undo and feedback at 430.0/1.0
00:45 +1415 ~6: /Users/lute/project/momcozy-lab/app/test/modules/baby/baby_save_feedback_test.dart: feeding validation, save, uncertain undo and feedback at 430.0/1.0
00:45 +1416 ~6: /Users/lute/project/momcozy-lab/app/test/modules/baby/baby_save_feedback_test.dart: feeding validation, save, uncertain undo and feedback at 430.0/1.0
00:45 +1417 ~6: /Users/lute/project/momcozy-lab/app/test/modules/baby/baby_save_feedback_test.dart: feeding validation, save, uncertain undo and feedback at 430.0/1.0
00:45 +1418 ~6: /Users/lute/project/momcozy-lab/app/test/modules/baby/baby_save_feedback_test.dart: feeding validation, save, uncertain undo and feedback at 430.0/1.0
00:45 +1419 ~6: /Users/lute/project/momcozy-lab/app/test/modules/baby/baby_save_feedback_test.dart: feeding validation, save, uncertain undo and feedback at 430.0/1.0
00:45 +1420 ~6: /Users/lute/project/momcozy-lab/app/test/modules/baby/baby_save_feedback_test.dart: feeding validation, save, uncertain undo and feedback at 430.0/1.0
00:45 +1421 ~6: /Users/lute/project/momcozy-lab/app/test/modules/baby/baby_save_feedback_test.dart: feeding validation, save, uncertain undo and feedback at 430.0/1.0
00:45 +1422 ~6: /Users/lute/project/momcozy-lab/app/test/modules/baby/baby_save_feedback_test.dart: feeding validation, save, uncertain undo and feedback at 430.0/1.0
00:45 +1423 ~6: /Users/lute/project/momcozy-lab/app/test/modules/baby/baby_editor_states_test.dart: sleep-active keeps its primary action visible at 390.0/1.0
00:45 +1424 ~6: /Users/lute/project/momcozy-lab/app/test/modules/baby/baby_pages_test.dart: history edits and restores the same baby record at 320.0 / 1.0
00:45 +1425 ~6: /Users/lute/project/momcozy-lab/app/test/modules/baby/baby_pages_test.dart: history edits and restores the same baby record at 320.0 / 1.0
00:45 +1426 ~6: /Users/lute/project/momcozy-lab/app/test/modules/baby/baby_pages_test.dart: history edits and restores the same baby record at 320.0 / 1.0
00:45 +1427 ~6: /Users/lute/project/momcozy-lab/app/test/modules/baby/baby_pages_test.dart: history edits and restores the same baby record at 320.0 / 1.0
00:45 +1428 ~6: /Users/lute/project/momcozy-lab/app/test/modules/baby/baby_pages_test.dart: history edits and restores the same baby record at 320.0 / 1.0
00:45 +1429 ~6: /Users/lute/project/momcozy-lab/app/test/modules/baby/baby_pages_test.dart: history edits and restores the same baby record at 320.0 / 1.0
00:45 +1430 ~6: /Users/lute/project/momcozy-lab/app/test/modules/baby/baby_growth_empty_state_test.dart: missing birth growth profile at 430.0/1.0 is actionable without fabricated reference
00:45 +1431 ~6: /Users/lute/project/momcozy-lab/app/test/modules/baby/baby_editor_states_test.dart: sleep-active keeps its primary action visible at 390.0/2.0
00:45 +1432 ~6: /Users/lute/project/momcozy-lab/app/test/modules/baby/baby_pages_test.dart: history edits and restores the same baby record at 320.0 / 2.0
00:45 +1433 ~6: /Users/lute/project/momcozy-lab/app/test/modules/baby/baby_pages_test.dart: history edits and restores the same baby record at 320.0 / 2.0
00:45 +1434 ~6: /Users/lute/project/momcozy-lab/app/test/modules/baby/baby_pages_test.dart: history edits and restores the same baby record at 320.0 / 2.0
00:45 +1435 ~6: /Users/lute/project/momcozy-lab/app/test/modules/baby/baby_editor_states_test.dart: nursing keeps its primary action visible at 430.0/1.0
00:45 +1436 ~6: /Users/lute/project/momcozy-lab/app/test/modules/baby/baby_growth_empty_state_test.dart: missing both growth profile at 430.0/1.0 is actionable without fabricated reference
00:45 +1437 ~6: /Users/lute/project/momcozy-lab/app/test/modules/baby/baby_growth_empty_state_test.dart: missing both growth profile at 430.0/1.0 is actionable without fabricated reference
00:45 +1438 ~6: /Users/lute/project/momcozy-lab/app/test/modules/baby/baby_pages_test.dart: history edits and restores the same baby record at 390.0 / 1.0
00:46 +1439 ~6: /Users/lute/project/momcozy-lab/app/test/modules/baby/baby_pages_test.dart: history edits and restores the same baby record at 390.0 / 1.0
00:46 +1440 ~6: /Users/lute/project/momcozy-lab/app/test/modules/baby/baby_growth_empty_state_test.dart: missing birth growth profile at 430.0/2.0 is actionable without fabricated reference
00:46 +1441 ~6: /Users/lute/project/momcozy-lab/app/test/modules/baby/baby_growth_empty_state_test.dart: missing birth growth profile at 430.0/2.0 is actionable without fabricated reference
00:46 +1442 ~6: /Users/lute/project/momcozy-lab/app/test/modules/baby/baby_growth_empty_state_test.dart: missing birth growth profile at 430.0/2.0 is actionable without fabricated reference
00:46 +1443 ~6: /Users/lute/project/momcozy-lab/app/test/modules/services/booking_test.dart: precheck waits for availability without allowing a second submit or back
00:46 +1444 ~6: /Users/lute/project/momcozy-lab/app/test/modules/services/booking_test.dart: precheck waits for availability without allowing a second submit or back
00:46 +1445 ~6: /Users/lute/project/momcozy-lab/app/test/modules/services/booking_test.dart: precheck waits for availability without allowing a second submit or back
00:46 +1446 ~6: /Users/lute/project/momcozy-lab/app/test/modules/services/booking_test.dart: precheck waits for availability without allowing a second submit or back
00:46 +1447 ~6: /Users/lute/project/momcozy-lab/app/test/modules/services/booking_test.dart: precheck waits for availability without allowing a second submit or back
00:46 +1448 ~6: /Users/lute/project/momcozy-lab/app/test/modules/services/booking_test.dart: precheck waits for availability without allowing a second submit or back
00:46 +1449 ~6: /Users/lute/project/momcozy-lab/app/test/modules/services/booking_test.dart: precheck waits for availability without allowing a second submit or back
00:46 +1450 ~6: /Users/lute/project/momcozy-lab/app/test/modules/services/booking_test.dart: precheck waits for availability without allowing a second submit or back
00:46 +1451 ~6: /Users/lute/project/momcozy-lab/app/test/modules/services/booking_test.dart: precheck waits for availability without allowing a second submit or back
00:46 +1452 ~6: /Users/lute/project/momcozy-lab/app/test/modules/services/booking_test.dart: precheck waits for availability without allowing a second submit or back
00:46 +1453 ~6: /Users/lute/project/momcozy-lab/app/test/modules/services/booking_test.dart: precheck waits for availability without allowing a second submit or back
00:46 +1454 ~6: /Users/lute/project/momcozy-lab/app/test/modules/services/booking_test.dart: precheck waits for availability without allowing a second submit or back
00:46 +1455 ~6: /Users/lute/project/momcozy-lab/app/test/modules/services/booking_test.dart: precheck waits for availability without allowing a second submit or back
00:46 +1456 ~6: /Users/lute/project/momcozy-lab/app/test/modules/services/booking_test.dart: precheck waits for availability without allowing a second submit or back
00:46 +1457 ~6: /Users/lute/project/momcozy-lab/app/test/modules/services/booking_test.dart: precheck waits for availability without allowing a second submit or back
00:46 +1458 ~6: /Users/lute/project/momcozy-lab/app/test/modules/services/service_catalog_states_test.dart: four catalog packages open the matching detail and purchase confirmation 320.0/1.0
00:47 +1459 ~6: /Users/lute/project/momcozy-lab/app/test/modules/services/service_catalog_states_test.dart: four catalog packages open the matching detail and purchase confirmation 320.0/1.0
00:47 +1460 ~6: /Users/lute/project/momcozy-lab/app/test/modules/services/service_catalog_states_test.dart: four catalog packages open the matching detail and purchase confirmation 320.0/1.0
00:47 +1461 ~6: /Users/lute/project/momcozy-lab/app/test/modules/services/service_catalog_states_test.dart: four catalog packages open the matching detail and purchase confirmation 320.0/1.0
00:47 +1462 ~6: /Users/lute/project/momcozy-lab/app/test/modules/services/service_catalog_states_test.dart: four catalog packages open the matching detail and purchase confirmation 320.0/1.0
00:47 +1463 ~6: /Users/lute/project/momcozy-lab/app/test/modules/services/service_catalog_states_test.dart: four catalog packages open the matching detail and purchase confirmation 320.0/1.0
00:47 +1464 ~6: /Users/lute/project/momcozy-lab/app/test/modules/services/service_catalog_states_test.dart: four catalog packages open the matching detail and purchase confirmation 320.0/1.0
00:47 +1465 ~6: /Users/lute/project/momcozy-lab/app/test/modules/services/service_catalog_states_test.dart: four catalog packages open the matching detail and purchase confirmation 320.0/1.0
00:47 +1466 ~6: /Users/lute/project/momcozy-lab/app/test/modules/services/service_catalog_states_test.dart: four catalog packages open the matching detail and purchase confirmation 320.0/1.0
00:47 +1467 ~6: /Users/lute/project/momcozy-lab/app/test/modules/services/service_catalog_states_test.dart: four catalog packages open the matching detail and purchase confirmation 320.0/1.0
00:47 +1468 ~6: /Users/lute/project/momcozy-lab/app/test/modules/services/intake_test.dart: intake design disclosures consent and save at 320.0 / 1.0
00:47 +1469 ~6: /Users/lute/project/momcozy-lab/app/test/modules/services/intake_test.dart: intake design disclosures consent and save at 320.0 / 1.0
00:47 +1470 ~6: /Users/lute/project/momcozy-lab/app/test/modules/services/intake_test.dart: intake design disclosures consent and save at 320.0 / 1.0
00:47 +1471 ~6: /Users/lute/project/momcozy-lab/app/test/modules/services/intake_test.dart: intake design disclosures consent and save at 320.0 / 1.0
00:47 +1472 ~6: /Users/lute/project/momcozy-lab/app/test/modules/services/intake_test.dart: intake design disclosures consent and save at 320.0 / 1.0
00:47 +1473 ~6: /Users/lute/project/momcozy-lab/app/test/modules/services/intake_test.dart: intake design disclosures consent and save at 320.0 / 1.0
00:47 +1474 ~6: /Users/lute/project/momcozy-lab/app/test/modules/services/intake_test.dart: intake design disclosures consent and save at 320.0 / 1.0
00:47 +1475 ~6: /Users/lute/project/momcozy-lab/app/test/modules/services/intake_test.dart: intake design disclosures consent and save at 320.0 / 1.0
00:47 +1476 ~6: /Users/lute/project/momcozy-lab/app/test/modules/services/intake_test.dart: intake design disclosures consent and save at 320.0 / 1.0
00:48 +1477 ~6: /Users/lute/project/momcozy-lab/app/test/modules/services/intake_test.dart: intake design disclosures consent and save at 320.0 / 1.0
00:48 +1478 ~6: /Users/lute/project/momcozy-lab/app/test/modules/services/intake_test.dart: intake design disclosures consent and save at 320.0 / 1.0
00:48 +1479 ~6: /Users/lute/project/momcozy-lab/app/test/modules/services/intake_test.dart: intake design disclosures consent and save at 320.0 / 1.0
00:48 +1480 ~6: /Users/lute/project/momcozy-lab/app/test/modules/services/intake_test.dart: intake design disclosures consent and save at 320.0 / 1.0
00:48 +1481 ~6: /Users/lute/project/momcozy-lab/app/test/modules/services/intake_test.dart: intake design disclosures consent and save at 320.0 / 1.0
00:48 +1482 ~6: /Users/lute/project/momcozy-lab/app/test/modules/services/intake_test.dart: intake design disclosures consent and save at 320.0 / 1.0
00:48 +1483 ~6: /Users/lute/project/momcozy-lab/app/test/modules/services/intake_test.dart: intake design disclosures consent and save at 320.0 / 1.0
00:48 +1484 ~6: /Users/lute/project/momcozy-lab/app/test/modules/services/intake_test.dart: intake design disclosures consent and save at 320.0 / 1.0
00:48 +1485 ~6: /Users/lute/project/momcozy-lab/app/test/modules/services/service_catalog_states_test.dart: four catalog packages open the matching detail and purchase confirmation 390.0/1.0
00:48 +1486 ~6: /Users/lute/project/momcozy-lab/app/test/modules/services/service_catalog_states_test.dart: four catalog packages open the matching detail and purchase confirmation 390.0/1.0
00:48 +1487 ~6: /Users/lute/project/momcozy-lab/app/test/modules/services/service_catalog_states_test.dart: four catalog packages open the matching detail and purchase confirmation 390.0/1.0
00:48 +1488 ~6: /Users/lute/project/momcozy-lab/app/test/modules/services/booking_test.dart: booking precheck and held dialog flow at 390.0 / 1.0
00:48 +1489 ~6: /Users/lute/project/momcozy-lab/app/test/modules/services/booking_test.dart: booking precheck and held dialog flow at 390.0 / 1.0
00:49 +1490 ~6: /Users/lute/project/momcozy-lab/app/test/modules/services/appointment_detail_test.dart: short screen and safe areas keep cancellation actions reachable
00:49 +1491 ~6: /Users/lute/project/momcozy-lab/app/test/modules/services/appointment_detail_test.dart: short screen and safe areas keep cancellation actions reachable
00:49 +1492 ~6: /Users/lute/project/momcozy-lab/app/test/modules/services/appointment_detail_test.dart: short screen and safe areas keep cancellation actions reachable
00:49 +1493 ~6: /Users/lute/project/momcozy-lab/app/test/modules/services/appointment_detail_test.dart: short screen and safe areas keep cancellation actions reachable
00:49 +1494 ~6: /Users/lute/project/momcozy-lab/app/test/modules/services/appointment_detail_test.dart: short screen and safe areas keep cancellation actions reachable
00:49 +1495 ~6: /Users/lute/project/momcozy-lab/app/test/modules/services/intake_test.dart: intake design disclosures consent and save at 320.0 / 2.0
00:49 +1496 ~6: /Users/lute/project/momcozy-lab/app/test/modules/services/intake_test.dart: intake design disclosures consent and save at 320.0 / 2.0
00:49 +1497 ~6: /Users/lute/project/momcozy-lab/app/test/modules/services/service_catalog_states_test.dart: four catalog packages open the matching detail and purchase confirmation 390.0/2.0
00:49 +1498 ~6: /Users/lute/project/momcozy-lab/app/test/modules/services/booking_test.dart: booking precheck and held dialog flow at 390.0 / 2.0
00:49 +1499 ~6: /Users/lute/project/momcozy-lab/app/test/modules/services/booking_test.dart: booking precheck and held dialog flow at 390.0 / 2.0
00:49 +1500 ~6: /Users/lute/project/momcozy-lab/app/test/modules/services/appointment_detail_test.dart: appointment keep and cancel at 320.0 / 1.0
00:49 +1501 ~6: /Users/lute/project/momcozy-lab/app/test/modules/services/appointment_detail_test.dart: appointment keep and cancel at 320.0 / 1.0
00:49 +1502 ~6: /Users/lute/project/momcozy-lab/app/test/modules/services/appointment_detail_test.dart: appointment keep and cancel at 320.0 / 1.0
00:49 +1503 ~6: /Users/lute/project/momcozy-lab/app/test/modules/services/appointment_detail_test.dart: appointment keep and cancel at 320.0 / 1.0
00:49 +1504 ~6: /Users/lute/project/momcozy-lab/app/test/modules/services/appointment_detail_test.dart: appointment keep and cancel at 320.0 / 1.0
00:49 +1505 ~6: /Users/lute/project/momcozy-lab/app/test/modules/services/intake_test.dart: intake design disclosures consent and save at 390.0 / 1.0
00:49 +1506 ~6: /Users/lute/project/momcozy-lab/app/test/modules/services/intake_test.dart: intake design disclosures consent and save at 390.0 / 1.0
00:49 +1507 ~6: /Users/lute/project/momcozy-lab/app/test/modules/services/intake_test.dart: intake design disclosures consent and save at 390.0 / 1.0
00:49 +1508 ~6: /Users/lute/project/momcozy-lab/app/test/modules/services/intake_test.dart: intake design disclosures consent and save at 390.0 / 1.0
00:49 +1509 ~6: /Users/lute/project/momcozy-lab/app/test/modules/services/intake_test.dart: intake design disclosures consent and save at 390.0 / 1.0
00:49 +1510 ~6: /Users/lute/project/momcozy-lab/app/test/modules/services/intake_test.dart: intake design disclosures consent and save at 390.0 / 1.0
00:49 +1511 ~6: /Users/lute/project/momcozy-lab/app/test/modules/services/intake_test.dart: intake design disclosures consent and save at 390.0 / 1.0
00:49 +1512 ~6: /Users/lute/project/momcozy-lab/app/test/modules/services/intake_test.dart: intake design disclosures consent and save at 390.0 / 1.0
00:50 +1513 ~6: /Users/lute/project/momcozy-lab/app/test/modules/services/intake_test.dart: intake design disclosures consent and save at 390.0 / 1.0
00:50 +1514 ~6: /Users/lute/project/momcozy-lab/app/test/modules/services/intake_test.dart: intake design disclosures consent and save at 390.0 / 1.0
00:50 +1515 ~6: /Users/lute/project/momcozy-lab/app/test/modules/services/intake_test.dart: intake design disclosures consent and save at 390.0 / 1.0
00:50 +1516 ~6: /Users/lute/project/momcozy-lab/app/test/modules/services/intake_test.dart: intake design disclosures consent and save at 390.0 / 1.0
00:50 +1517 ~6: /Users/lute/project/momcozy-lab/app/test/modules/services/intake_test.dart: intake design disclosures consent and save at 390.0 / 1.0
00:50 +1518 ~6: /Users/lute/project/momcozy-lab/app/test/modules/services/intake_test.dart: intake design disclosures consent and save at 390.0 / 1.0
00:50 +1519 ~6: /Users/lute/project/momcozy-lab/app/test/modules/services/intake_test.dart: intake design disclosures consent and save at 390.0 / 1.0
00:50 +1520 ~6: /Users/lute/project/momcozy-lab/app/test/modules/services/intake_test.dart: intake design disclosures consent and save at 390.0 / 1.0
00:50 +1521 ~6: /Users/lute/project/momcozy-lab/app/test/modules/services/booking_test.dart: booking precheck and held dialog flow at 430.0 / 1.0
00:50 +1522 ~6: /Users/lute/project/momcozy-lab/app/test/modules/services/service_design_test.dart: home keeps booking disabled until appointment status is known
00:50 +1523 ~6: /Users/lute/project/momcozy-lab/app/test/modules/services/service_design_test.dart: home keeps booking disabled until appointment status is known
00:50 +1524 ~6: /Users/lute/project/momcozy-lab/app/test/modules/services/service_design_test.dart: home keeps booking disabled until appointment status is known
00:50 +1525 ~6: /Users/lute/project/momcozy-lab/app/test/modules/services/service_design_test.dart: home keeps booking disabled until appointment status is known
00:50 +1526 ~6: /Users/lute/project/momcozy-lab/app/test/modules/services/service_design_test.dart: home keeps booking disabled until appointment status is known
00:50 +1527 ~6: /Users/lute/project/momcozy-lab/app/test/modules/services/service_design_test.dart: home keeps booking disabled until appointment status is known
00:50 +1528 ~6: /Users/lute/project/momcozy-lab/app/test/modules/services/service_design_test.dart: home keeps booking disabled until appointment status is known
00:50 +1529 ~6: /Users/lute/project/momcozy-lab/app/test/modules/services/service_catalog_states_test.dart: four catalog packages open the matching detail and purchase confirmation 430.0/2.0
00:50 +1530 ~6: /Users/lute/project/momcozy-lab/app/test/modules/services/service_catalog_states_test.dart: four catalog packages open the matching detail and purchase confirmation 430.0/2.0
00:50 +1531 ~6: /Users/lute/project/momcozy-lab/app/test/modules/services/service_catalog_states_test.dart: four catalog packages open the matching detail and purchase confirmation 430.0/2.0
00:50 +1532 ~6: /Users/lute/project/momcozy-lab/app/test/modules/services/service_catalog_states_test.dart: four catalog packages open the matching detail and purchase confirmation 430.0/2.0
00:50 +1533 ~6: /Users/lute/project/momcozy-lab/app/test/modules/services/service_catalog_states_test.dart: four catalog packages open the matching detail and purchase confirmation 430.0/2.0
00:50 +1534 ~6: /Users/lute/project/momcozy-lab/app/test/modules/services/service_catalog_states_test.dart: four catalog packages open the matching detail and purchase confirmation 430.0/2.0
00:50 +1535 ~6: /Users/lute/project/momcozy-lab/app/test/modules/services/intake_test.dart: intake design disclosures consent and save at 390.0 / 2.0
00:50 +1536 ~6: /Users/lute/project/momcozy-lab/app/test/modules/services/appointment_detail_test.dart: appointment keep and cancel at 430.0 / 1.0
00:50 +1537 ~6: /Users/lute/project/momcozy-lab/app/test/modules/services/booking_test.dart: held confirmation blocks back, retries original version then opens intake once
00:50 +1538 ~6: /Users/lute/project/momcozy-lab/app/test/modules/services/booking_test.dart: held confirmation blocks back, retries original version then opens intake once
00:50 +1539 ~6: /Users/lute/project/momcozy-lab/app/test/modules/services/service_design_test.dart: appointment detail at 320.0 / 1.0
00:50 +1540 ~6: /Users/lute/project/momcozy-lab/app/test/modules/services/service_design_test.dart: appointment detail at 320.0 / 1.0
00:50 +1541 ~6: /Users/lute/project/momcozy-lab/app/test/modules/services/service_design_test.dart: appointment detail at 320.0 / 1.0
00:50 +1542 ~6: /Users/lute/project/momcozy-lab/app/test/modules/services/service_design_test.dart: appointment detail at 320.0 / 1.0
00:50 +1543 ~6: /Users/lute/project/momcozy-lab/app/test/modules/services/service_design_test.dart: appointment detail at 320.0 / 1.0
00:50 +1544 ~6: /Users/lute/project/momcozy-lab/app/test/modules/services/service_design_test.dart: appointment detail at 320.0 / 1.0
00:50 +1545 ~6: /Users/lute/project/momcozy-lab/app/test/modules/services/service_design_test.dart: appointment detail at 320.0 / 1.0
00:50 +1546 ~6: /Users/lute/project/momcozy-lab/app/test/modules/services/service_design_test.dart: appointment detail at 320.0 / 1.0
00:50 +1547 ~6: /Users/lute/project/momcozy-lab/app/test/modules/services/intake_test.dart: intake design disclosures consent and save at 430.0 / 1.0
00:51 +1548 ~6: /Users/lute/project/momcozy-lab/app/test/modules/services/intake_test.dart: intake design disclosures consent and save at 430.0 / 1.0
00:51 +1549 ~6: /Users/lute/project/momcozy-lab/app/test/modules/services/intake_test.dart: intake design disclosures consent and save at 430.0 / 1.0
00:51 +1550 ~6: /Users/lute/project/momcozy-lab/app/test/modules/services/intake_test.dart: intake design disclosures consent and save at 430.0 / 1.0
00:51 +1551 ~6: /Users/lute/project/momcozy-lab/app/test/modules/services/intake_test.dart: intake design disclosures consent and save at 430.0 / 1.0
00:51 +1552 ~6: /Users/lute/project/momcozy-lab/app/test/modules/services/intake_test.dart: intake design disclosures consent and save at 430.0 / 1.0
00:51 +1553 ~6: /Users/lute/project/momcozy-lab/app/test/modules/services/intake_test.dart: intake design disclosures consent and save at 430.0 / 1.0
00:51 +1554 ~6: /Users/lute/project/momcozy-lab/app/test/modules/services/intake_test.dart: intake design disclosures consent and save at 430.0 / 1.0
00:51 +1555 ~6: /Users/lute/project/momcozy-lab/app/test/modules/services/service_renew_test.dart: renew selection opens existing eligibility flow 320.0/1.0
00:51 +1556 ~6: /Users/lute/project/momcozy-lab/app/test/modules/services/service_renew_test.dart: renew selection opens existing eligibility flow 320.0/1.0
00:51 +1557 ~6: /Users/lute/project/momcozy-lab/app/test/modules/services/service_renew_test.dart: renew selection opens existing eligibility flow 320.0/1.0
00:51 +1558 ~6: /Users/lute/project/momcozy-lab/app/test/modules/services/service_renew_test.dart: renew selection opens existing eligibility flow 320.0/1.0
00:51 +1559 ~6: /Users/lute/project/momcozy-lab/app/test/modules/services/service_renew_test.dart: renew selection opens existing eligibility flow 320.0/1.0
00:51 +1560 ~6: /Users/lute/project/momcozy-lab/app/test/modules/services/service_renew_test.dart: renew selection opens existing eligibility flow 320.0/1.0
00:51 +1561 ~6: /Users/lute/project/momcozy-lab/app/test/modules/services/service_renew_test.dart: renew selection opens existing eligibility flow 320.0/1.0
00:51 +1562 ~6: /Users/lute/project/momcozy-lab/app/test/modules/services/service_renew_test.dart: renew selection opens existing eligibility flow 320.0/1.0
00:51 +1563 ~6: /Users/lute/project/momcozy-lab/app/test/modules/services/service_renew_test.dart: renew selection opens existing eligibility flow 320.0/1.0
00:51 +1564 ~6: /Users/lute/project/momcozy-lab/app/test/modules/services/service_renew_test.dart: renew selection opens existing eligibility flow 320.0/1.0
00:51 +1565 ~6: /Users/lute/project/momcozy-lab/app/test/modules/services/service_renew_test.dart: renew selection opens existing eligibility flow 320.0/1.0
00:51 +1566 ~6: /Users/lute/project/momcozy-lab/app/test/modules/services/service_renew_test.dart: renew selection opens existing eligibility flow 320.0/1.0
00:51 +1567 ~6: /Users/lute/project/momcozy-lab/app/test/modules/services/service_renew_test.dart: renew selection opens existing eligibility flow 320.0/1.0
00:51 +1568 ~6: /Users/lute/project/momcozy-lab/app/test/modules/services/service_renew_test.dart: renew selection opens existing eligibility flow 320.0/1.0
00:51 +1569 ~6: /Users/lute/project/momcozy-lab/app/test/modules/services/service_renew_test.dart: renew selection opens existing eligibility flow 320.0/1.0
00:51 +1570 ~6: /Users/lute/project/momcozy-lab/app/test/modules/services/service_renew_test.dart: renew selection opens existing eligibility flow 320.0/1.0
00:51 +1571 ~6: /Users/lute/project/momcozy-lab/app/test/modules/services/service_renew_test.dart: renew selection opens existing eligibility flow 320.0/1.0
00:51 +1572 ~6: /Users/lute/project/momcozy-lab/app/test/modules/services/service_renew_test.dart: renew selection opens existing eligibility flow 320.0/1.0
00:51 +1573 ~6: /Users/lute/project/momcozy-lab/app/test/modules/services/service_renew_test.dart: renew selection opens existing eligibility flow 320.0/1.0
00:51 +1574 ~6: /Users/lute/project/momcozy-lab/app/test/modules/services/service_renew_test.dart: renew selection opens existing eligibility flow 320.0/1.0
00:51 +1575 ~6: /Users/lute/project/momcozy-lab/app/test/modules/services/service_renew_test.dart: renew selection opens existing eligibility flow 320.0/1.0
00:51 +1576 ~6: /Users/lute/project/momcozy-lab/app/test/modules/services/service_renew_test.dart: renew selection opens existing eligibility flow 320.0/1.0
00:51 +1577 ~6: /Users/lute/project/momcozy-lab/app/test/modules/services/intake_test.dart: intake uncertain save locks fields and retries identical snapshot
00:51 +1578 ~6: /Users/lute/project/momcozy-lab/app/test/modules/services/intake_test.dart: intake uncertain save locks fields and retries identical snapshot
00:51 +1579 ~6: /Users/lute/project/momcozy-lab/app/test/modules/services/consultation_summary_test.dart: summary content task and destinations 320.0 / 1.0
00:52 +1580 ~6: /Users/lute/project/momcozy-lab/app/test/modules/services/consultation_summary_test.dart: summary content task and destinations 320.0 / 1.0
00:52 +1581 ~6: /Users/lute/project/momcozy-lab/app/test/modules/services/consultation_summary_test.dart: summary content task and destinations 320.0 / 1.0
00:52 +1582 ~6: /Users/lute/project/momcozy-lab/app/test/modules/services/consultation_summary_test.dart: summary content task and destinations 320.0 / 1.0
00:52 +1583 ~6: /Users/lute/project/momcozy-lab/app/test/modules/services/consultation_summary_test.dart: summary content task and destinations 320.0 / 1.0
00:52 +1584 ~6: /Users/lute/project/momcozy-lab/app/test/modules/services/consultation_summary_test.dart: summary content task and destinations 320.0 / 1.0
00:52 +1585 ~6: /Users/lute/project/momcozy-lab/app/test/modules/services/consultation_summary_test.dart: summary content task and destinations 320.0 / 1.0
00:52 +1586 ~6: /Users/lute/project/momcozy-lab/app/test/modules/services/consultation_summary_test.dart: summary content task and destinations 320.0 / 1.0
00:52 +1587 ~6: /Users/lute/project/momcozy-lab/app/test/modules/services/consultation_summary_test.dart: summary content task and destinations 320.0 / 1.0
00:52 +1588 ~6: /Users/lute/project/momcozy-lab/app/test/modules/services/consultation_summary_test.dart: summary content task and destinations 320.0 / 1.0
00:52 +1589 ~6: /Users/lute/project/momcozy-lab/app/test/modules/services/consultation_summary_test.dart: summary content task and destinations 320.0 / 1.0
00:52 +1590 ~6: /Users/lute/project/momcozy-lab/app/test/modules/services/consultation_summary_test.dart: summary content task and destinations 320.0 / 1.0
00:52 +1591 ~6: /Users/lute/project/momcozy-lab/app/test/modules/services/consultation_summary_test.dart: summary content task and destinations 320.0 / 1.0
00:52 +1592 ~6: /Users/lute/project/momcozy-lab/app/test/modules/services/consultation_summary_test.dart: summary content task and destinations 320.0 / 1.0
00:52 +1593 ~6: /Users/lute/project/momcozy-lab/app/test/modules/services/consultation_summary_test.dart: summary content task and destinations 320.0 / 1.0
00:52 +1594 ~6: /Users/lute/project/momcozy-lab/app/test/modules/services/consultation_summary_test.dart: summary content task and destinations 320.0 / 1.0
00:52 +1595 ~6: /Users/lute/project/momcozy-lab/app/test/modules/services/consultation_summary_test.dart: summary content task and destinations 320.0 / 1.0
00:52 +1596 ~6: /Users/lute/project/momcozy-lab/app/test/modules/services/consultation_summary_test.dart: summary content task and destinations 320.0 / 1.0
00:52 +1597 ~6: /Users/lute/project/momcozy-lab/app/test/modules/services/consultation_summary_test.dart: summary content task and destinations 320.0 / 1.0
00:52 +1598 ~6: /Users/lute/project/momcozy-lab/app/test/modules/services/consultation_summary_test.dart: summary content task and destinations 320.0 / 1.0
00:52 +1599 ~6: /Users/lute/project/momcozy-lab/app/test/modules/services/consultation_summary_test.dart: summary content task and destinations 320.0 / 1.0
00:52 +1600 ~6: /Users/lute/project/momcozy-lab/app/test/modules/services/consultation_summary_test.dart: summary content task and destinations 320.0 / 1.0
00:52 +1601 ~6: /Users/lute/project/momcozy-lab/app/test/modules/services/consultation_summary_test.dart: summary content task and destinations 320.0 / 1.0
00:52 +1602 ~6: /Users/lute/project/momcozy-lab/app/test/modules/services/consultation_summary_test.dart: summary content task and destinations 320.0 / 1.0
00:52 +1603 ~6: /Users/lute/project/momcozy-lab/app/test/modules/services/consultation_summary_test.dart: summary content task and destinations 320.0 / 1.0
00:52 +1604 ~6: /Users/lute/project/momcozy-lab/app/test/modules/services/consultation_summary_test.dart: summary content task and destinations 320.0 / 1.0
00:52 +1605 ~6: /Users/lute/project/momcozy-lab/app/test/modules/services/consultation_summary_test.dart: summary content task and destinations 320.0 / 1.0
00:52 +1606 ~6: /Users/lute/project/momcozy-lab/app/test/modules/services/consultation_summary_test.dart: summary content task and destinations 320.0 / 1.0
00:52 +1607 ~6: /Users/lute/project/momcozy-lab/app/test/modules/mom/mother_diary_states_test.dart: diary optional and conditional fields save without stale values 320.0/1.0
00:52 +1608 ~6: /Users/lute/project/momcozy-lab/app/test/modules/mom/mother_diary_states_test.dart: diary optional and conditional fields save without stale values 320.0/1.0
00:52 +1609 ~6: /Users/lute/project/momcozy-lab/app/test/modules/mom/mother_diary_states_test.dart: diary optional and conditional fields save without stale values 320.0/1.0
00:53 +1610 ~6: /Users/lute/project/momcozy-lab/app/test/modules/mom/mother_diary_states_test.dart: diary optional and conditional fields save without stale values 320.0/1.0
00:53 +1611 ~6: /Users/lute/project/momcozy-lab/app/test/modules/mom/mother_diary_states_test.dart: diary optional and conditional fields save without stale values 320.0/1.0
00:53 +1612 ~6: /Users/lute/project/momcozy-lab/app/test/modules/mom/mother_diary_states_test.dart: diary optional and conditional fields save without stale values 320.0/1.0
00:53 +1613 ~6: /Users/lute/project/momcozy-lab/app/test/modules/mom/mother_diary_states_test.dart: diary optional and conditional fields save without stale values 320.0/1.0
00:53 +1614 ~6: /Users/lute/project/momcozy-lab/app/test/modules/mom/mother_diary_states_test.dart: diary optional and conditional fields save without stale values 320.0/1.0
00:53 +1615 ~6: /Users/lute/project/momcozy-lab/app/test/modules/mom/mother_diary_states_test.dart: diary optional and conditional fields save without stale values 320.0/1.0
00:53 +1616 ~6: /Users/lute/project/momcozy-lab/app/test/modules/mom/mother_diary_states_test.dart: diary optional and conditional fields save without stale values 320.0/1.0
00:53 +1617 ~6: /Users/lute/project/momcozy-lab/app/test/modules/mom/mother_diary_states_test.dart: diary optional and conditional fields save without stale values 320.0/1.0
00:53 +1618 ~6: /Users/lute/project/momcozy-lab/app/test/modules/mom/mother_diary_states_test.dart: diary optional and conditional fields save without stale values 320.0/1.0
00:53 +1619 ~6: /Users/lute/project/momcozy-lab/app/test/modules/mom/mother_diary_states_test.dart: diary optional and conditional fields save without stale values 320.0/1.0
00:53 +1620 ~6: /Users/lute/project/momcozy-lab/app/test/modules/mom/mother_diary_states_test.dart: diary optional and conditional fields save without stale values 320.0/1.0
00:53 +1621 ~6: /Users/lute/project/momcozy-lab/app/test/modules/mom/mother_diary_states_test.dart: diary optional and conditional fields save without stale values 320.0/1.0
00:53 +1622 ~6: /Users/lute/project/momcozy-lab/app/test/modules/mom/mother_diary_states_test.dart: diary optional and conditional fields save without stale values 320.0/1.0
00:53 +1623 ~6: /Users/lute/project/momcozy-lab/app/test/modules/mom/mother_diary_states_test.dart: diary optional and conditional fields save without stale values 320.0/1.0
00:53 +1624 ~6: /Users/lute/project/momcozy-lab/app/test/modules/mom/mother_diary_states_test.dart: diary optional and conditional fields save without stale values 320.0/1.0
00:53 +1625 ~6: /Users/lute/project/momcozy-lab/app/test/modules/mom/mother_diary_states_test.dart: diary optional and conditional fields save without stale values 320.0/1.0
00:53 +1626 ~6: /Users/lute/project/momcozy-lab/app/test/modules/mom/lactation_states_test.dart: lactation states validate, retry, edit and undo 320.0/1.0
00:53 +1627 ~6: /Users/lute/project/momcozy-lab/app/test/modules/mom/lactation_states_test.dart: lactation states validate, retry, edit and undo 320.0/1.0
00:53 +1628 ~6: /Users/lute/project/momcozy-lab/app/test/modules/mom/lactation_states_test.dart: lactation states validate, retry, edit and undo 320.0/1.0
00:53 +1629 ~6: /Users/lute/project/momcozy-lab/app/test/modules/mom/lactation_states_test.dart: lactation states validate, retry, edit and undo 320.0/1.0
00:53 +1630 ~6: /Users/lute/project/momcozy-lab/app/test/modules/mom/lactation_states_test.dart: lactation states validate, retry, edit and undo 320.0/1.0
00:53 +1631 ~6: /Users/lute/project/momcozy-lab/app/test/modules/mom/lactation_states_test.dart: lactation states validate, retry, edit and undo 320.0/1.0
00:53 +1632 ~6: /Users/lute/project/momcozy-lab/app/test/modules/mom/lactation_states_test.dart: lactation states validate, retry, edit and undo 320.0/1.0
00:54 +1633 ~6: /Users/lute/project/momcozy-lab/app/test/modules/mom/lactation_states_test.dart: lactation states validate, retry, edit and undo 320.0/1.0
00:54 +1634 ~6: /Users/lute/project/momcozy-lab/app/test/modules/mom/lactation_states_test.dart: lactation states validate, retry, edit and undo 320.0/1.0
00:54 +1635 ~6: /Users/lute/project/momcozy-lab/app/test/modules/mom/mother_diary_states_test.dart: diary optional and conditional fields save without stale values 320.0/2.0
00:54 +1636 ~6: /Users/lute/project/momcozy-lab/app/test/modules/mom/mother_diary_states_test.dart: diary optional and conditional fields save without stale values 320.0/2.0
00:54 +1637 ~6: /Users/lute/project/momcozy-lab/app/test/modules/mom/mother_diary_states_test.dart: diary optional and conditional fields save without stale values 320.0/2.0
00:54 +1638 ~6: /Users/lute/project/momcozy-lab/app/test/modules/mom/mother_diary_states_test.dart: diary optional and conditional fields save without stale values 320.0/2.0
00:54 +1639 ~6: /Users/lute/project/momcozy-lab/app/test/modules/mom/mother_diary_states_test.dart: diary optional and conditional fields save without stale values 320.0/2.0
00:54 +1640 ~6: /Users/lute/project/momcozy-lab/app/test/modules/mom/mother_diary_states_test.dart: diary optional and conditional fields save without stale values 320.0/2.0
00:54 +1641 ~6: /Users/lute/project/momcozy-lab/app/test/modules/mom/mother_diary_states_test.dart: diary optional and conditional fields save without stale values 320.0/2.0
00:54 +1642 ~6: /Users/lute/project/momcozy-lab/app/test/modules/mom/mother_diary_states_test.dart: diary optional and conditional fields save without stale values 320.0/2.0
00:54 +1643 ~6: /Users/lute/project/momcozy-lab/app/test/modules/mom/mother_diary_states_test.dart: diary optional and conditional fields save without stale values 320.0/2.0
00:54 +1644 ~6: /Users/lute/project/momcozy-lab/app/test/modules/mom/mother_diary_states_test.dart: diary optional and conditional fields save without stale values 320.0/2.0
00:54 +1645 ~6: /Users/lute/project/momcozy-lab/app/test/modules/mom/mother_diary_states_test.dart: diary optional and conditional fields save without stale values 320.0/2.0
00:54 +1646 ~6: /Users/lute/project/momcozy-lab/app/test/modules/mom/mother_diary_states_test.dart: diary optional and conditional fields save without stale values 320.0/2.0
00:54 +1647 ~6: /Users/lute/project/momcozy-lab/app/test/modules/mom/mother_diary_states_test.dart: diary optional and conditional fields save without stale values 320.0/2.0
00:54 +1648 ~6: /Users/lute/project/momcozy-lab/app/test/modules/mom/mom_home_handoff_test.dart: quick mood starts a draft; save preserves other groups and refreshes home
00:54 +1649 ~6: /Users/lute/project/momcozy-lab/app/test/modules/mom/mom_home_handoff_test.dart: quick mood starts a draft; save preserves other groups and refreshes home
00:54 +1650 ~6: /Users/lute/project/momcozy-lab/app/test/modules/mom/mom_home_handoff_test.dart: quick mood starts a draft; save preserves other groups and refreshes home
00:54 +1651 ~6: /Users/lute/project/momcozy-lab/app/test/modules/mom/mom_home_handoff_test.dart: quick mood starts a draft; save preserves other groups and refreshes home
00:54 +1652 ~6: /Users/lute/project/momcozy-lab/app/test/modules/mom/mom_home_handoff_test.dart: quick mood starts a draft; save preserves other groups and refreshes home
00:54 +1653 ~6: /Users/lute/project/momcozy-lab/app/test/modules/mom/mom_home_handoff_test.dart: quick mood starts a draft; save preserves other groups and refreshes home
00:54 +1654 ~6: /Users/lute/project/momcozy-lab/app/test/modules/mom/mother_home_test.dart: default home opens grouped diary, saves and refreshes only current API data
00:54 +1655 ~6: /Users/lute/project/momcozy-lab/app/test/modules/mom/mother_home_test.dart: default home opens grouped diary, saves and refreshes only current API data
00:54 +1656 ~6: /Users/lute/project/momcozy-lab/app/test/modules/mom/mother_home_test.dart: default home opens grouped diary, saves and refreshes only current API data
00:55 +1657 ~6: /Users/lute/project/momcozy-lab/app/test/modules/mom/mother_home_test.dart: default home opens grouped diary, saves and refreshes only current API data
00:55 +1658 ~6: /Users/lute/project/momcozy-lab/app/test/modules/mom/mother_home_test.dart: default home opens grouped diary, saves and refreshes only current API data
00:55 +1659 ~6: /Users/lute/project/momcozy-lab/app/test/modules/mom/mother_home_test.dart: default home opens grouped diary, saves and refreshes only current API data
00:55 +1660 ~6: /Users/lute/project/momcozy-lab/app/test/modules/mom/mother_home_test.dart: default home opens grouped diary, saves and refreshes only current API data
00:55 +1661 ~6: /Users/lute/project/momcozy-lab/app/test/modules/mom/mother_home_test.dart: default home opens grouped diary, saves and refreshes only current API data
00:55 +1662 ~6: /Users/lute/project/momcozy-lab/app/test/modules/mom/mother_home_test.dart: default home opens grouped diary, saves and refreshes only current API data
00:55 +1663 ~6: /Users/lute/project/momcozy-lab/app/test/modules/mom/mother_home_test.dart: default home opens grouped diary, saves and refreshes only current API data
00:55 +1664 ~6: /Users/lute/project/momcozy-lab/app/test/modules/mom/mother_home_test.dart: default home opens grouped diary, saves and refreshes only current API data
00:55 +1665 ~6: /Users/lute/project/momcozy-lab/app/test/modules/mom/mother_home_test.dart: default home opens grouped diary, saves and refreshes only current API data
00:55 +1666 ~6: /Users/lute/project/momcozy-lab/app/test/modules/mom/mother_diary_states_test.dart: diary optional and conditional fields save without stale values 390.0/1.0
00:55 +1667 ~6: /Users/lute/project/momcozy-lab/app/test/modules/mom/mother_diary_states_test.dart: diary optional and conditional fields save without stale values 390.0/1.0
00:55 +1668 ~6: /Users/lute/project/momcozy-lab/app/test/modules/services/consultation_summary_test.dart: superseded plan reloads before accepting another task update
00:55 +1669 ~6: /Users/lute/project/momcozy-lab/app/test/modules/services/consultation_summary_test.dart: superseded plan reloads before accepting another task update
00:55 +1670 ~6: /Users/lute/project/momcozy-lab/app/test/modules/mom/mother_forms_design_test.dart: diary rest dialog at 320.0 / 1.0
00:55 +1671 ~6: /Users/lute/project/momcozy-lab/app/test/modules/mom/mother_forms_design_test.dart: diary rest dialog at 320.0 / 1.0
00:55 +1672 ~6: /Users/lute/project/momcozy-lab/app/test/modules/mom/mother_forms_design_test.dart: diary rest dialog at 320.0 / 1.0
00:55 +1673 ~6: /Users/lute/project/momcozy-lab/app/test/modules/mom/mother_forms_design_test.dart: diary rest dialog at 320.0 / 1.0
00:55 +1674 ~6: /Users/lute/project/momcozy-lab/app/test/modules/mom/mother_forms_design_test.dart: diary rest dialog at 320.0 / 1.0
00:55 +1675 ~6: /Users/lute/project/momcozy-lab/app/test/modules/mom/mother_forms_design_test.dart: diary rest dialog at 320.0 / 1.0
00:55 +1676 ~6: /Users/lute/project/momcozy-lab/app/test/modules/mom/mother_forms_design_test.dart: diary rest dialog at 320.0 / 1.0
00:55 +1677 ~6: /Users/lute/project/momcozy-lab/app/test/modules/mom/mother_forms_design_test.dart: diary rest dialog at 320.0 / 1.0
00:55 +1678 ~6: /Users/lute/project/momcozy-lab/app/test/modules/mom/mother_forms_design_test.dart: diary rest dialog at 320.0 / 1.0
00:55 +1679 ~6: /Users/lute/project/momcozy-lab/app/test/modules/mom/mother_forms_design_test.dart: diary rest dialog at 320.0 / 1.0
00:55 +1680 ~6: /Users/lute/project/momcozy-lab/app/test/modules/mom/mother_forms_design_test.dart: diary rest dialog at 320.0 / 1.0
00:55 +1681 ~6: /Users/lute/project/momcozy-lab/app/test/modules/mom/mother_forms_design_test.dart: diary rest dialog at 320.0 / 1.0
00:55 +1682 ~6: /Users/lute/project/momcozy-lab/app/test/modules/mom/mother_forms_design_test.dart: diary rest dialog at 320.0 / 1.0
00:55 +1683 ~6: /Users/lute/project/momcozy-lab/app/test/modules/mom/mother_forms_design_test.dart: diary rest dialog at 320.0 / 1.0
00:55 +1684 ~6: /Users/lute/project/momcozy-lab/app/test/modules/mom/mother_forms_design_test.dart: diary rest dialog at 320.0 / 1.0
00:55 +1685 ~6: /Users/lute/project/momcozy-lab/app/test/modules/mom/mother_forms_design_test.dart: diary rest dialog at 320.0 / 1.0
00:56 +1686 ~6: /Users/lute/project/momcozy-lab/app/test/modules/mom/mother_forms_design_test.dart: diary rest dialog at 320.0 / 1.0
00:56 +1687 ~6: /Users/lute/project/momcozy-lab/app/test/modules/mom/mother_forms_design_test.dart: diary rest dialog at 320.0 / 1.0
00:56 +1688 ~6: /Users/lute/project/momcozy-lab/app/test/modules/mom/mother_forms_design_test.dart: diary rest dialog at 320.0 / 1.0
00:56 +1689 ~6: /Users/lute/project/momcozy-lab/app/test/modules/mom/mother_forms_design_test.dart: diary rest dialog at 320.0 / 1.0
00:56 +1690 ~6: /Users/lute/project/momcozy-lab/app/test/modules/mom/lactation_states_test.dart: lactation states validate, retry, edit and undo 430.0/1.0
00:56 +1691 ~6: /Users/lute/project/momcozy-lab/app/test/modules/mom/lactation_states_test.dart: lactation states validate, retry, edit and undo 430.0/1.0
00:56 +1692 ~6: /Users/lute/project/momcozy-lab/app/test/modules/mom/lactation_states_test.dart: lactation states validate, retry, edit and undo 430.0/1.0
00:56 +1693 ~6: /Users/lute/project/momcozy-lab/app/test/modules/mom/lactation_states_test.dart: lactation states validate, retry, edit and undo 430.0/1.0
00:56 +1694 ~6: /Users/lute/project/momcozy-lab/app/test/modules/mom/lactation_states_test.dart: lactation states validate, retry, edit and undo 430.0/1.0
00:56 +1695 ~6: /Users/lute/project/momcozy-lab/app/test/modules/mom/mother_diary_states_test.dart: diary optional and conditional fields save without stale values 430.0/1.0
00:56 +1696 ~6: /Users/lute/project/momcozy-lab/app/test/modules/mom/mother_diary_states_test.dart: diary optional and conditional fields save without stale values 430.0/1.0
00:56 +1697 ~6: /Users/lute/project/momcozy-lab/app/test/modules/mom/mother_diary_states_test.dart: diary optional and conditional fields save without stale values 430.0/1.0
00:56 +1698 ~6: /Users/lute/project/momcozy-lab/app/test/modules/mom/mother_forms_design_test.dart: diary body dialog at 320.0 / 1.0
00:56 +1699 ~6: /Users/lute/project/momcozy-lab/app/test/modules/mom/mother_forms_design_test.dart: diary body dialog at 320.0 / 1.0
00:56 +1700 ~6: /Users/lute/project/momcozy-lab/app/test/modules/mom/mother_diary_page_test.dart: independent diary uses shared sections, preserves draft and saves 320.0/1.0
00:56 +1701 ~6: /Users/lute/project/momcozy-lab/app/test/modules/mom/mother_diary_page_test.dart: independent diary uses shared sections, preserves draft and saves 320.0/1.0
00:56 +1702 ~6: /Users/lute/project/momcozy-lab/app/test/modules/mom/mother_diary_page_test.dart: independent diary uses shared sections, preserves draft and saves 320.0/1.0
00:56 +1703 ~6: /Users/lute/project/momcozy-lab/app/test/modules/mom/mother_diary_page_test.dart: independent diary uses shared sections, preserves draft and saves 320.0/1.0
00:56 +1704 ~6: /Users/lute/project/momcozy-lab/app/test/modules/mom/mother_diary_page_test.dart: independent diary uses shared sections, preserves draft and saves 320.0/1.0
00:57 +1705 ~6: /Users/lute/project/momcozy-lab/app/test/modules/mom/mother_diary_page_test.dart: independent diary uses shared sections, preserves draft and saves 320.0/1.0
00:57 +1706 ~6: /Users/lute/project/momcozy-lab/app/test/modules/mom/mother_diary_page_test.dart: independent diary uses shared sections, preserves draft and saves 320.0/1.0
00:57 +1707 ~6: /Users/lute/project/momcozy-lab/app/test/modules/mom/mother_diary_page_test.dart: independent diary uses shared sections, preserves draft and saves 320.0/1.0
00:57 +1708 ~6: /Users/lute/project/momcozy-lab/app/test/modules/mom/mother_diary_page_test.dart: independent diary uses shared sections, preserves draft and saves 320.0/1.0
00:57 +1709 ~6: /Users/lute/project/momcozy-lab/app/test/modules/mom/mother_diary_page_test.dart: independent diary uses shared sections, preserves draft and saves 320.0/1.0
00:57 +1710 ~6: /Users/lute/project/momcozy-lab/app/test/modules/mom/mother_diary_page_test.dart: independent diary uses shared sections, preserves draft and saves 320.0/1.0
00:57 +1711 ~6: /Users/lute/project/momcozy-lab/app/test/modules/mom/mother_diary_page_test.dart: independent diary uses shared sections, preserves draft and saves 320.0/1.0
00:57 +1712 ~6: /Users/lute/project/momcozy-lab/app/test/modules/mom/mother_diary_page_test.dart: independent diary uses shared sections, preserves draft and saves 320.0/1.0
00:57 +1713 ~6: /Users/lute/project/momcozy-lab/app/test/modules/mom/mother_diary_page_test.dart: independent diary uses shared sections, preserves draft and saves 320.0/1.0
00:57 +1714 ~6: /Users/lute/project/momcozy-lab/app/test/modules/mom/mother_diary_page_test.dart: independent diary uses shared sections, preserves draft and saves 320.0/1.0
00:57 +1715 ~6: /Users/lute/project/momcozy-lab/app/test/modules/mom/mother_diary_page_test.dart: independent diary uses shared sections, preserves draft and saves 320.0/1.0
00:57 +1716 ~6: /Users/lute/project/momcozy-lab/app/test/modules/mom/mother_diary_page_test.dart: independent diary uses shared sections, preserves draft and saves 320.0/1.0
00:57 +1717 ~6: /Users/lute/project/momcozy-lab/app/test/modules/mom/mother_diary_page_test.dart: independent diary uses shared sections, preserves draft and saves 320.0/1.0
00:57 +1718 ~6: /Users/lute/project/momcozy-lab/app/test/modules/mom/mother_diary_page_test.dart: independent diary uses shared sections, preserves draft and saves 320.0/1.0
00:57 +1719 ~6: /Users/lute/project/momcozy-lab/app/test/modules/mom/mother_diary_page_test.dart: independent diary uses shared sections, preserves draft and saves 320.0/1.0
00:57 +1720 ~6: /Users/lute/project/momcozy-lab/app/test/modules/mom/mother_diary_page_test.dart: independent diary uses shared sections, preserves draft and saves 320.0/1.0
00:57 +1721 ~6: /Users/lute/project/momcozy-lab/app/test/modules/mom/mother_diary_page_test.dart: independent diary uses shared sections, preserves draft and saves 320.0/1.0
00:57 +1722 ~6: /Users/lute/project/momcozy-lab/app/test/modules/mom/mother_diary_page_test.dart: independent diary uses shared sections, preserves draft and saves 320.0/1.0
00:57 +1723 ~6: /Users/lute/project/momcozy-lab/app/test/modules/mom/mother_diary_page_test.dart: independent diary uses shared sections, preserves draft and saves 320.0/1.0
00:57 +1724 ~6: /Users/lute/project/momcozy-lab/app/test/modules/mom/mother_diary_page_test.dart: independent diary uses shared sections, preserves draft and saves 320.0/1.0
00:57 +1725 ~6: /Users/lute/project/momcozy-lab/app/test/modules/mom/mother_diary_page_test.dart: independent diary uses shared sections, preserves draft and saves 320.0/1.0
00:57 +1726 ~6: /Users/lute/project/momcozy-lab/app/test/modules/mom/mother_diary_page_test.dart: independent diary uses shared sections, preserves draft and saves 320.0/1.0
00:57 +1727 ~6: /Users/lute/project/momcozy-lab/app/test/modules/mom/mother_diary_page_test.dart: independent diary uses shared sections, preserves draft and saves 320.0/1.0
00:57 +1728 ~6: /Users/lute/project/momcozy-lab/app/test/modules/mom/mother_diary_page_test.dart: independent diary uses shared sections, preserves draft and saves 320.0/1.0
00:57 +1729 ~6: /Users/lute/project/momcozy-lab/app/test/modules/mom/mother_diary_page_test.dart: independent diary uses shared sections, preserves draft and saves 320.0/1.0
00:57 +1730 ~6: /Users/lute/project/momcozy-lab/app/test/modules/mom/mother_diary_page_test.dart: independent diary uses shared sections, preserves draft and saves 320.0/1.0
00:57 +1731 ~6: /Users/lute/project/momcozy-lab/app/test/modules/mom/mother_diary_page_test.dart: independent diary uses shared sections, preserves draft and saves 320.0/1.0
00:57 +1732 ~6: /Users/lute/project/momcozy-lab/app/test/modules/mom/mother_diary_page_test.dart: independent diary uses shared sections, preserves draft and saves 320.0/1.0
00:57 +1733 ~6: /Users/lute/project/momcozy-lab/app/test/modules/mom/mother_diary_page_test.dart: independent diary uses shared sections, preserves draft and saves 320.0/1.0
00:57 +1734 ~6: /Users/lute/project/momcozy-lab/app/test/modules/mom/mother_diary_page_test.dart: independent diary uses shared sections, preserves draft and saves 320.0/1.0
00:57 +1735 ~6: /Users/lute/project/momcozy-lab/app/test/modules/mom/mother_diary_page_test.dart: independent diary uses shared sections, preserves draft and saves 320.0/1.0
00:57 +1736 ~6: /Users/lute/project/momcozy-lab/app/test/modules/mom/mom_home_handoff_test.dart: handoff purchased 393.0/1.0
00:57 +1737 ~6: /Users/lute/project/momcozy-lab/app/test/modules/mom/mother_forms_design_test.dart: diary body dialog at 390.0 / 1.0
00:57 +1738 ~6: /Users/lute/project/momcozy-lab/app/test/modules/mom/mother_forms_design_test.dart: diary body dialog at 390.0 / 1.0
00:58 +1739 ~6: /Users/lute/project/momcozy-lab/app/test/modules/mom/mother_forms_design_test.dart: diary body dialog at 390.0 / 1.0
00:58 +1740 ~6: /Users/lute/project/momcozy-lab/app/test/modules/mom/mother_diary_test.dart: app router opens the selected diary section with the current API
00:58 +1741 ~6: /Users/lute/project/momcozy-lab/app/test/modules/mom/mother_diary_test.dart: app router opens the selected diary section with the current API
00:58 +1742 ~6: /Users/lute/project/momcozy-lab/app/test/modules/mom/mother_diary_test.dart: app router opens the selected diary section with the current API
00:58 +1743 ~6: /Users/lute/project/momcozy-lab/app/test/modules/mom/mother_diary_test.dart: app router opens the selected diary section with the current API
00:58 +1744 ~6: /Users/lute/project/momcozy-lab/app/test/modules/mom/mother_diary_test.dart: app router opens the selected diary section with the current API
00:58 +1745 ~6: /Users/lute/project/momcozy-lab/app/test/modules/mom/mother_diary_test.dart: app router opens the selected diary section with the current API
00:58 +1746 ~6: /Users/lute/project/momcozy-lab/app/test/modules/mom/mother_diary_test.dart: app router opens the selected diary section with the current API
00:58 +1747 ~6: /Users/lute/project/momcozy-lab/app/test/modules/mom/mother_diary_page_test.dart: independent diary uses shared sections, preserves draft and saves 390.0/1.0
00:58 +1748 ~6: /Users/lute/project/momcozy-lab/app/test/modules/mom/mother_diary_page_test.dart: independent diary uses shared sections, preserves draft and saves 390.0/1.0
00:58 +1749 ~6: /Users/lute/project/momcozy-lab/app/test/modules/mom/mother_diary_page_test.dart: independent diary uses shared sections, preserves draft and saves 390.0/1.0
00:58 +1750 ~6: /Users/lute/project/momcozy-lab/app/test/modules/mom/mother_diary_page_test.dart: independent diary uses shared sections, preserves draft and saves 390.0/1.0
00:58 +1751 ~6: /Users/lute/project/momcozy-lab/app/test/modules/mom/mother_diary_page_test.dart: independent diary uses shared sections, preserves draft and saves 390.0/1.0
00:58 +1752 ~6: /Users/lute/project/momcozy-lab/app/test/modules/mom/mother_forms_design_test.dart: diary rest dialog at 430.0 / 1.0
00:58 +1753 ~6: /Users/lute/project/momcozy-lab/app/test/modules/mom/mother_diary_test.dart: three tabs preserve choices and saving shows a durable result
00:58 +1754 ~6: /Users/lute/project/momcozy-lab/app/test/modules/mom/mother_diary_page_test.dart: independent diary uses shared sections, preserves draft and saves 390.0/2.0
00:58 +1755 ~6: /Users/lute/project/momcozy-lab/app/test/modules/mom/mother_diary_page_test.dart: independent diary uses shared sections, preserves draft and saves 390.0/2.0
00:58 +1756 ~6: /Users/lute/project/momcozy-lab/app/test/modules/mom/mother_diary_page_test.dart: independent diary uses shared sections, preserves draft and saves 390.0/2.0
00:58 +1757 ~6: /Users/lute/project/momcozy-lab/app/test/modules/mom/mother_diary_page_test.dart: independent diary uses shared sections, preserves draft and saves 390.0/2.0
00:58 +1758 ~6: /Users/lute/project/momcozy-lab/app/test/modules/mom/mother_forms_design_test.dart: diary mood dialog at 430.0 / 1.0
00:59 +1759 ~6: /Users/lute/project/momcozy-lab/app/test/modules/mom/mother_diary_test.dart: diary renders at 390px
00:59 +1760 ~6: /Users/lute/project/momcozy-lab/app/test/modules/mom/mother_diary_page_test.dart: independent diary uses shared sections, preserves draft and saves 430.0/1.0
00:59 +1761 ~6: /Users/lute/project/momcozy-lab/app/test/modules/mom/mother_diary_page_test.dart: independent diary uses shared sections, preserves draft and saves 430.0/1.0
00:59 +1762 ~6: /Users/lute/project/momcozy-lab/app/test/modules/mom/mother_diary_page_test.dart: independent diary uses shared sections, preserves draft and saves 430.0/1.0
00:59 +1763 ~6: /Users/lute/project/momcozy-lab/app/test/modules/mom/mother_diary_page_test.dart: independent diary uses shared sections, preserves draft and saves 430.0/1.0
00:59 +1764 ~6: /Users/lute/project/momcozy-lab/app/test/modules/mom/mother_diary_page_test.dart: independent diary uses shared sections, preserves draft and saves 430.0/1.0
00:59 +1765 ~6: /Users/lute/project/momcozy-lab/app/test/modules/mom/mother_diary_page_test.dart: independent diary uses shared sections, preserves draft and saves 430.0/2.0
00:59 +1766 ~6: /Users/lute/project/momcozy-lab/app/test/modules/mom/mother_diary_page_test.dart: short diary keeps note and save reachable with keyboard and large text
00:59 +1767 ~6: All tests passed!
