Resolving dependencies...
Downloading packages...
  archive 4.0.9 (4.2.0 available)
  clock 1.1.2 (1.1.3 available)
  code_assets 1.2.1 (2.0.0 available)
  cross_file 0.3.5+4 (0.3.5+5 available)
  dart_webrtc 1.8.1 (1.8.2 available)
  file_selector_android 0.5.2+8 (0.5.2+10 available)
  file_selector_ios 0.5.3+5 (0.5.3+6 available)
  file_selector_linux 0.9.4 (0.9.4+1 available)
  file_selector_macos 0.9.5 (0.9.5+1 available)
  file_selector_windows 0.9.3+5 (0.9.3+6 available)
  flutter_markdown_plus 1.0.11 (1.0.12 available)
  flutter_secure_storage 10.3.1 (11.1.0 available)
  flutter_secure_storage_darwin 0.3.2 (0.4.1 available)
  flutter_secure_storage_linux 3.0.1 (3.0.2 available)
  flutter_secure_storage_platform_interface 2.0.1 (2.1.0 available)
  flutter_webrtc 1.6.0 (1.6.2+hotfix.1 available)
  go_router 17.3.0 (18.0.1 available)
  hooks 2.0.2 (2.2.0 available)
  html 0.15.6 (0.15.7 available)
  image 4.9.1 (4.9.2 available)
  image_picker_android 0.8.13+19 (0.8.13+22 available)
  image_picker_ios 0.8.13+6 (0.8.13+7 available)
  intl 0.20.2 (0.20.3 available)
  jni 1.0.0 (1.0.3 available)
  jni_flutter 1.0.1 (1.0.3 available)
  logger 2.7.0 (2.8.0 available)
  matcher 0.12.19 (0.12.20 available)
  material_color_utilities 0.13.0 (0.13.1 available)
  meta 1.18.0 (1.19.0 available)
  mime 2.0.0 (2.1.0 available)
  objective_c 9.4.1 (9.6.0 available)
  package_config 2.2.0 (3.0.0 available)
  pdfium_dart 0.1.3 (0.3.0 available)
  pdfium_flutter 0.1.9 (0.3.0 available)
  pdfrx 2.2.24 (2.6.1 available)
  pdfrx_engine 0.3.9 (0.6.0 available)
  platform 3.1.6 (3.2.0 available)
  posix 6.5.0 (6.5.2 available)
  process 5.0.5 (5.0.6 available)
  pub_semver 2.2.0 (2.2.1 available)
  record_use 0.6.0 (1.1.1 available)
  share_plus 13.2.0 (13.3.0 available)
  share_plus_platform_interface 7.1.0 (7.2.0 available)
  stack_trace 1.12.1 (1.12.2 available)
  synchronized 3.4.1 (3.4.2 available)
  test_api 0.7.11 (0.7.14 available)
  url_launcher_android 6.3.32 (6.3.33 available)
  url_launcher_ios 6.4.1 (6.4.2 available)
  url_launcher_linux 3.2.2 (3.2.3 available)
  url_launcher_macos 3.2.5 (3.2.6 available)
  url_launcher_windows 3.1.5 (3.1.6 available)
  uuid 4.5.3 (4.6.0 available)
  vector_math 2.2.0 (2.4.2 available)
  video_player 2.11.1 (2.14.0 available)
  video_player_android 2.10.0 (2.12.2 available)
  video_player_avfoundation 2.10.0 (2.12.0 available)
  vm_service 15.2.0 (15.3.0 available)
  webdriver 3.1.0 (3.2.0 available)
  win32 6.3.0 (6.4.0 available)
  yaml 3.1.3 (3.1.4 available)
Got dependencies!
60 packages have newer versions incompatible with dependency constraints.
Try `flutter pub outdated` for more information.
00:00 +0: loading /Users/lute/project/momcozy-lab/app/test/core/preferences/volume_unit_preference_test.dart
00:00 +0: /Users/lute/project/momcozy-lab/app/test/core/privacy/log_redactor_test.dart: log redactor redacts sensitive keys inside nested maps and lists
00:00 +1: /Users/lute/project/momcozy-lab/app/test/core/privacy/log_redactor_test.dart: log redactor redacts sensitive query parameters in log URLs
00:00 +2: /Users/lute/project/momcozy-lab/app/test/core/privacy/log_redactor_test.dart: log redactor leaves non-sensitive values readable for diagnostics
00:00 +3: /Users/lute/project/momcozy-lab/app/test/core/privacy/log_redactor_test.dart: log redactor redacts full health data containers while keeping scalar diagnostics
00:00 +4: /Users/lute/project/momcozy-lab/app/test/core/privacy/log_redactor_test.dart: log redactor builds crash reports without sensitive context fields
00:00 +5: /Users/lute/project/momcozy-lab/app/test/core/ble/ble_protocol_test.dart: BLE protocol fixtures encode request packets aligned with golden and boundary hex
00:00 +6: /Users/lute/project/momcozy-lab/app/test/core/ble/ble_protocol_test.dart: BLE protocol fixtures keep standalone hex files aligned with structured golden fixtures
00:00 +7: /Users/lute/project/momcozy-lab/app/test/core/ble/ble_protocol_test.dart: BLE protocol fixtures parse valid frames into stable domain values
00:00 +8: /Users/lute/project/momcozy-lab/app/test/core/ble/ble_protocol_test.dart: BLE protocol fixtures keep standalone E1 status fixture aligned with parser output
00:00 +9: /Users/lute/project/momcozy-lab/app/test/core/ble/ble_protocol_test.dart: BLE protocol fixtures reject invalid frames and parser edge cases with null
00:00 +10: /Users/lute/project/momcozy-lab/app/test/core/ble/ble_protocol_test.dart: BLE protocol fixtures match cross-platform parity cases for packets and parsers
00:00 +11: /Users/lute/project/momcozy-lab/app/test/core/ble/ble_protocol_test.dart: BLE protocol fixtures resolve packet side from paired device id without mutating the other side
00:00 +12: /Users/lute/project/momcozy-lab/app/test/core/privacy/fixture_privacy_test.dart: fixture privacy audit test fixtures and future goldens use synthetic data only
00:00 +13: /Users/lute/project/momcozy-lab/app/test/core/privacy/fixture_privacy_test.dart: fixture privacy audit test fixtures and future goldens use synthetic data only
00:00 +14: /Users/lute/project/momcozy-lab/app/test/core/privacy/fixture_privacy_test.dart: fixture privacy audit test fixtures and future goldens use synthetic data only
00:00 +15: /Users/lute/project/momcozy-lab/app/test/core/privacy/fixture_privacy_test.dart: fixture privacy audit test fixtures and future goldens use synthetic data only
00:00 +16: /Users/lute/project/momcozy-lab/app/test/core/privacy/fixture_privacy_test.dart: fixture privacy audit test fixtures and future goldens use synthetic data only
00:00 +17: /Users/lute/project/momcozy-lab/app/test/core/privacy/fixture_privacy_test.dart: fixture privacy audit test fixtures and future goldens use synthetic data only
00:00 +18: /Users/lute/project/momcozy-lab/app/test/core/privacy/fixture_privacy_test.dart: fixture privacy audit test fixtures and future goldens use synthetic data only
00:00 +19: /Users/lute/project/momcozy-lab/app/test/core/privacy/fixture_privacy_test.dart: fixture privacy audit test fixtures and future goldens use synthetic data only
00:00 +20: /Users/lute/project/momcozy-lab/app/test/core/privacy/fixture_privacy_test.dart: fixture privacy audit test fixtures and future goldens use synthetic data only
00:00 +21: /Users/lute/project/momcozy-lab/app/test/core/privacy/fixture_privacy_test.dart: fixture privacy audit test fixtures and future goldens use synthetic data only
00:00 +22: /Users/lute/project/momcozy-lab/app/test/core/privacy/fixture_privacy_test.dart: fixture privacy audit test fixtures and future goldens use synthetic data only
00:00 +23: /Users/lute/project/momcozy-lab/app/test/core/privacy/fixture_privacy_test.dart: fixture privacy audit test fixtures and future goldens use synthetic data only
00:00 +24: /Users/lute/project/momcozy-lab/app/test/core/privacy/fixture_privacy_test.dart: fixture privacy audit test fixtures and future goldens use synthetic data only
00:00 +25: /Users/lute/project/momcozy-lab/app/test/core/privacy/fixture_privacy_test.dart: fixture privacy audit test fixtures and future goldens use synthetic data only
00:00 +26: /Users/lute/project/momcozy-lab/app/test/core/privacy/fixture_privacy_test.dart: fixture privacy audit test fixtures and future goldens use synthetic data only
00:00 +27: /Users/lute/project/momcozy-lab/app/test/core/config/momcozy_app_capabilities_test.dart: release reset is active only when onboarding and reset are enabled
00:00 +28: /Users/lute/project/momcozy-lab/app/test/core/update/app_release_lifecycle_test.dart: same release is idempotent and completion is user scoped
00:00 +29: /Users/lute/project/momcozy-lab/app/test/core/update/app_release_lifecycle_test.dart: first install also establishes a clean onboarding release
00:00 +30: /Users/lute/project/momcozy-lab/app/test/core/auth/flutter_secure_momcozy_session_store_test.dart: writes one atomic payload and verifies the stored session
00:00 +31: /Users/lute/project/momcozy-lab/app/test/core/auth/flutter_secure_momcozy_session_store_test.dart: fails closed when the atomic payload cannot be verified
00:00 +32: /Users/lute/project/momcozy-lab/app/test/core/auth/flutter_secure_momcozy_session_store_test.dart: drops a malformed atomic payload instead of restoring it
00:00 +33: /Users/lute/project/momcozy-lab/app/test/core/auth/momcozy_auth_api_test.dart: MomCozyAuthApiRepository login posts production auth body and maps token response
00:00 +34: /Users/lute/project/momcozy-lab/app/test/core/auth/momcozy_auth_api_test.dart: MomCozyAuthApiRepository register sends mailbox verification request without profile fields
00:00 +35: /Users/lute/project/momcozy-lab/app/test/core/auth/momcozy_auth_api_test.dart: MomCozyAuthApiRepository invite login posts invite code and device id
00:00 +36: /Users/lute/project/momcozy-lab/app/test/core/auth/momcozy_auth_api_test.dart: MomCozyAuthApiRepository accepts empty or missing display name as non-auth metadata
00:00 +37: /Users/lute/project/momcozy-lab/app/test/core/auth/momcozy_auth_api_test.dart: MomCozyAuthApiRepository refresh sends refresh token in the body only
00:00 +38: /Users/lute/project/momcozy-lab/app/test/core/auth/momcozy_auth_api_test.dart: MomCozyAuthApiRepository logout uses the production logout endpoint
00:00 +39: /Users/lute/project/momcozy-lab/app/test/core/auth/momcozy_auth_api_test.dart: MomCozyAuthApiRepository rejects malformed token responses
00:00 +40: /Users/lute/project/momcozy-lab/app/test/core/auth/momcozy_auth_api_test.dart: MomCozySessionRefreshCoordinator concurrent refresh calls share one backend request
00:00 +41: /Users/lute/project/momcozy-lab/app/test/core/auth/momcozy_auth_api_test.dart: MomCozySessionRefreshCoordinator missing refresh token expires the stored session
00:00 +42: /Users/lute/project/momcozy-lab/app/test/core/auth/momcozy_auth_api_test.dart: MomCozySessionRefreshCoordinator keeps session publication inside the shared refresh operation
00:00 +43: /Users/lute/project/momcozy-lab/app/test/core/auth/momcozy_auth_api_test.dart: AuthenticatedApiJsonTransport refreshes on 401 and retries the original request once
00:00 +44: /Users/lute/project/momcozy-lab/app/test/core/auth/momcozy_auth_api_test.dart: AuthenticatedApiJsonTransport shares one refresh request across concurrent 401 responses
00:00 +45: /Users/lute/project/momcozy-lab/app/test/core/auth/momcozy_auth_api_test.dart: AuthenticatedApiJsonTransport retries a stale 401 with the latest access token without refreshing
00:00 +46: /Users/lute/project/momcozy-lab/app/test/core/auth/momcozy_auth_api_test.dart: AuthenticatedApiJsonTransport does not refresh non-auth HTTP failures
00:00 +47: /Users/lute/project/momcozy-lab/app/test/core/auth/momcozy_auth_api_test.dart: AuthenticatedApiJsonTransport refreshes authenticated PUT, PATCH, and DELETE mutations once
00:00 +48: /Users/lute/project/momcozy-lab/app/test/core/auth/momcozy_auth_api_test.dart: AuthenticatedApiJsonTransport refreshes multipart uploads and retries with the new token
00:01 +49: /Users/lute/project/momcozy-lab/app/test/core/network/transport_security_policy_test.dart: TransportSecurityPolicy allows HTTPS and WSS remote endpoints
00:01 +50: /Users/lute/project/momcozy-lab/app/test/core/network/workbench_transport_test.dart: empty 204 acknowledgements succeed while empty JSON responses are rejected
00:01 +51: /Users/lute/project/momcozy-lab/app/test/core/network/workbench_transport_test.dart: empty 204 acknowledgements succeed while empty JSON responses are rejected
00:01 +52: /Users/lute/project/momcozy-lab/app/test/core/network/workbench_transport_test.dart: empty 204 acknowledgements succeed while empty JSON responses are rejected
00:01 +53: /Users/lute/project/momcozy-lab/app/test/core/network/workbench_transport_test.dart: empty 204 acknowledgements succeed while empty JSON responses are rejected
00:01 +54: /Users/lute/project/momcozy-lab/app/test/core/network/workbench_transport_test.dart: empty 204 acknowledgements succeed while empty JSON responses are rejected
00:01 +55: /Users/lute/project/momcozy-lab/app/test/core/network/workbench_transport_test.dart: empty 204 acknowledgements succeed while empty JSON responses are rejected
00:01 +56: /Users/lute/project/momcozy-lab/app/test/core/network/workbench_transport_test.dart: empty 204 acknowledgements succeed while empty JSON responses are rejected
00:01 +57: /Users/lute/project/momcozy-lab/app/test/core/network/test_certificate_trust_test.dart: test certificate trust only enables the two exact test HTTPS endpoints
00:01 +58: /Users/lute/project/momcozy-lab/app/test/core/network/test_certificate_trust_test.dart: test certificate trust only enables the two exact test HTTPS endpoints
00:01 +59: /Users/lute/project/momcozy-lab/app/test/core/network/test_certificate_trust_test.dart: test certificate trust only enables the two exact test HTTPS endpoints
00:01 +60: /Users/lute/project/momcozy-lab/app/test/core/network/test_certificate_trust_test.dart: test certificate trust only enables the two exact test HTTPS endpoints
00:01 +61: /Users/lute/project/momcozy-lab/app/test/core/network/test_certificate_trust_test.dart: test certificate trust only enables the two exact test HTTPS endpoints
00:01 +62: /Users/lute/project/momcozy-lab/app/test/core/auth/momcozy_session_test.dart: MomCozySession environment bootstrap is anonymous without tokens
00:01 +63: /Users/lute/project/momcozy-lab/app/test/core/auth/momcozy_session_test.dart: MomCozySession environment bootstrap is anonymous without tokens
00:01 +64: /Users/lute/project/momcozy-lab/app/test/core/network/api_json_transport_test.dart: IoApiJsonTransport HTTP connector sends non-ASCII JSON bodies as UTF-8
00:01 +65: /Users/lute/project/momcozy-lab/app/test/core/network/api_json_transport_test.dart: IoApiJsonTransport HTTP connector sends non-ASCII JSON bodies as UTF-8
00:01 +66: /Users/lute/project/momcozy-lab/app/test/core/network/api_json_transport_test.dart: IoApiJsonTransport HTTP connector sends non-ASCII JSON bodies as UTF-8
00:01 +67: /Users/lute/project/momcozy-lab/app/test/core/network/api_json_transport_test.dart: IoApiJsonTransport HTTP connector sends non-ASCII JSON bodies as UTF-8
00:01 +68: /Users/lute/project/momcozy-lab/app/test/core/network/api_json_transport_test.dart: IoApiJsonTransport HTTP connector sends non-ASCII JSON bodies as UTF-8
00:01 +69: /Users/lute/project/momcozy-lab/app/test/core/network/api_json_transport_test.dart: IoApiJsonTransport HTTP connector sends non-ASCII JSON bodies as UTF-8
00:01 +70: /Users/lute/project/momcozy-lab/app/test/core/network/api_json_transport_test.dart: IoApiJsonTransport HTTP connector sends non-ASCII JSON bodies as UTF-8
00:01 +71: /Users/lute/project/momcozy-lab/app/test/core/network/api_json_transport_test.dart: IoApiJsonTransport HTTP connector sends non-ASCII JSON bodies as UTF-8
00:01 +72: /Users/lute/project/momcozy-lab/app/test/core/network/api_json_transport_test.dart: IoApiJsonTransport HTTP connector sends non-ASCII JSON bodies as UTF-8
00:01 +73: /Users/lute/project/momcozy-lab/app/test/core/network/api_json_transport_test.dart: IoApiJsonTransport HTTP connector sends non-ASCII JSON bodies as UTF-8
00:01 +74: /Users/lute/project/momcozy-lab/app/test/core/network/api_json_transport_test.dart: IoApiJsonTransport HTTP connector sends non-ASCII JSON bodies as UTF-8
00:01 +75: /Users/lute/project/momcozy-lab/app/test/core/network/api_json_transport_test.dart: IoApiJsonTransport throws typed exceptions for HTTP and malformed bodies
00:01 +76: /Users/lute/project/momcozy-lab/app/test/core/network/api_json_transport_test.dart: IoApiJsonTransport omits missing tokens and surfaces expired-token HTTP status
00:01 +77: /Users/lute/project/momcozy-lab/app/test/core/network/api_json_transport_test.dart: IoApiMultipartTransport sends query parameters separately from the upload path
00:01 +78: /Users/lute/project/momcozy-lab/app/test/core/network/api_json_transport_test.dart: IoApiMultipartTransport reuses the default HTTP connection across JSON and multipart requests
00:01 +79: /Users/lute/project/momcozy-lab/app/test/core/network/api_json_transport_test.dart: IoApiMultipartTransport streams file bytes and reports monotonic upload progress
00:01 +80: /Users/lute/project/momcozy-lab/app/test/core/auth/account_session_lifecycle_test.dart: restart restores and persists rotated tokens; revoked refresh expires session
00:01 +81: /Users/lute/project/momcozy-lab/app/test/core/auth/account_session_lifecycle_test.dart: logout prevents an in-flight refresh write from restoring credentials
00:01 +82: /Users/lute/project/momcozy-lab/app/test/core/auth/account_session_lifecycle_test.dart: late login persistence cannot revive a session after logout
00:02 +83: /Users/lute/project/momcozy-lab/app/test/core/agent_stream/agent_work_status_projection_test.dart: projectAgentWorkStatus keeps active user work ahead of generic progress
00:02 +84: /Users/lute/project/momcozy-lab/app/test/core/agent_stream/agent_stream_run_state_test.dart: AgentStreamRunState withdrawal clears text and integrity state, survives reconnect and ignores late deltas
00:02 +85: /Users/lute/project/momcozy-lab/app/test/core/agent_stream/agent_stream_run_state_test.dart: AgentStreamRunState withdrawal clears text and integrity state, survives reconnect and ignores late deltas
00:02 +86: /Users/lute/project/momcozy-lab/app/test/core/agent_stream/agent_stream_run_state_test.dart: AgentStreamRunState withdrawal clears text and integrity state, survives reconnect and ignores late deltas
00:02 +87: /Users/lute/project/momcozy-lab/app/test/core/agent_stream/agent_stream_run_state_test.dart: AgentStreamRunState withdrawal clears text and integrity state, survives reconnect and ignores late deltas
00:02 +88: /Users/lute/project/momcozy-lab/app/test/core/agent_stream/agent_stream_io_transport_test.dart: Agent stream IO transports production SSE transport creates run and follows event stream
00:02 +89: /Users/lute/project/momcozy-lab/app/test/core/agent_stream/agent_stream_event_test.dart: Agent stream fixtures parse the same logical text stream from JSONL and SSE frames
00:02 +90: /Users/lute/project/momcozy-lab/app/test/core/agent_stream/agent_stream_event_test.dart: Agent stream fixtures parse the same logical text stream from JSONL and SSE frames
00:02 +91: /Users/lute/project/momcozy-lab/app/test/core/agent_stream/agent_stream_event_test.dart: Agent stream fixtures parse the same logical text stream from JSONL and SSE frames
00:02 +92: /Users/lute/project/momcozy-lab/app/test/core/agent_stream/agent_stream_run_state_test.dart: AgentStreamRunState accumulates streamed text and finishes on terminal events
00:02 +93: /Users/lute/project/momcozy-lab/app/test/core/agent_stream/agent_stream_run_state_test.dart: AgentStreamRunState accumulates streamed text and finishes on terminal events
00:02 +94: /Users/lute/project/momcozy-lab/app/test/core/agent_stream/agent_stream_event_test.dart: Agent stream fixtures cover the required domain event types and stable merge keys
00:02 +95: /Users/lute/project/momcozy-lab/app/test/core/agent_stream/agent_stream_event_test.dart: Agent stream fixtures cover the required domain event types and stable merge keys
00:02 +96: /Users/lute/project/momcozy-lab/app/test/core/agent_stream/agent_stream_event_test.dart: Agent stream fixtures cover the required domain event types and stable merge keys
00:02 +97: /Users/lute/project/momcozy-lab/app/test/core/agent_stream/agent_stream_event_test.dart: Agent stream fixtures cover the required domain event types and stable merge keys
00:02 +98: /Users/lute/project/momcozy-lab/app/test/core/agent_stream/agent_stream_run_state_test.dart: AgentStreamRunState releases received artifacts after text or a successful terminal signal
00:02 +99: /Users/lute/project/momcozy-lab/app/test/core/agent_stream/agent_stream_io_transport_test.dart: Agent stream IO transports production SSE transport classifies connector failures as retryable
00:02 +100: /Users/lute/project/momcozy-lab/app/test/core/agent_stream/agent_stream_io_transport_test.dart: Agent stream IO transports production SSE transport classifies connector failures as retryable
00:02 +101: /Users/lute/project/momcozy-lab/app/test/core/agent_stream/agent_stream_io_transport_test.dart: Agent stream IO transports production SSE transport classifies connector failures as retryable
00:02 +102: /Users/lute/project/momcozy-lab/app/test/core/agent_stream/agent_stream_io_transport_test.dart: Agent stream IO transports production SSE transport classifies connector failures as retryable
00:02 +103: /Users/lute/project/momcozy-lab/app/test/core/agent_stream/agent_stream_io_transport_test.dart: Agent stream IO transports production SSE transport classifies connector failures as retryable
00:02 +104: /Users/lute/project/momcozy-lab/app/test/core/agent_stream/agent_stream_io_transport_test.dart: Agent stream IO transports production SSE transport classifies connector failures as retryable
00:02 +105: /Users/lute/project/momcozy-lab/app/test/core/agent_stream/agent_stream_io_transport_test.dart: Agent stream IO transports production SSE transport classifies connector failures as retryable
00:02 +106: /Users/lute/project/momcozy-lab/app/test/core/agent_stream/agent_run_create_context_test.dart: loads an IANA timezone and a local RFC 3339 message timestamp
00:02 +107: /Users/lute/project/momcozy-lab/app/test/core/agent_stream/agent_run_create_context_test.dart: loads an IANA timezone and a local RFC 3339 message timestamp
00:02 +108: /Users/lute/project/momcozy-lab/app/test/core/agent_stream/agent_run_create_context_test.dart: loads an IANA timezone and a local RFC 3339 message timestamp
00:02 +109: /Users/lute/project/momcozy-lab/app/test/core/agent_stream/agent_run_create_context_test.dart: loads an IANA timezone and a local RFC 3339 message timestamp
00:02 +110: /Users/lute/project/momcozy-lab/app/test/core/agent_stream/agent_run_create_context_test.dart: loads an IANA timezone and a local RFC 3339 message timestamp
00:02 +111: /Users/lute/project/momcozy-lab/app/test/core/agent_stream/agent_run_create_context_test.dart: loads an IANA timezone and a local RFC 3339 message timestamp
00:02 +112: /Users/lute/project/momcozy-lab/app/test/core/agent_stream/agent_run_create_context_test.dart: loads an IANA timezone and a local RFC 3339 message timestamp
00:02 +113: /Users/lute/project/momcozy-lab/app/test/core/agent_stream/agent_run_create_context_test.dart: loads an IANA timezone and a local RFC 3339 message timestamp
00:02 +114: /Users/lute/project/momcozy-lab/app/test/core/agent_stream/agent_run_create_context_test.dart: loads an IANA timezone and a local RFC 3339 message timestamp
00:02 +115: /Users/lute/project/momcozy-lab/app/test/core/agent_stream/agent_stream_payload_test.dart: Agent run payload builds the text-only production run create contract
00:02 +116: /Users/lute/project/momcozy-lab/app/test/core/agent_stream/agent_stream_io_transport_test.dart: Agent stream IO transports production SSE transport times out run creation as retryable
00:02 +117: /Users/lute/project/momcozy-lab/app/test/core/agent_stream/agent_stream_io_transport_test.dart: Agent stream IO transports production SSE transport times out run creation as retryable
00:02 +118: /Users/lute/project/momcozy-lab/app/test/core/agent_stream/agent_stream_io_transport_test.dart: Agent stream IO transports production SSE transport times out run creation as retryable
00:02 +119: /Users/lute/project/momcozy-lab/app/test/core/agent_stream/agent_stream_io_transport_test.dart: Agent stream IO transports production SSE transport times out run creation as retryable
00:02 +120: /Users/lute/project/momcozy-lab/app/test/core/agent_stream/agent_stream_io_transport_test.dart: Agent stream IO transports production SSE transport times out run creation as retryable
00:02 +121: /Users/lute/project/momcozy-lab/app/test/core/agent_stream/agent_stream_io_transport_test.dart: Agent stream IO transports production SSE transport times out run creation as retryable
00:02 +122: /Users/lute/project/momcozy-lab/app/test/core/agent_stream/agent_stream_io_transport_test.dart: Agent stream IO transports production SSE transport times out run creation as retryable
00:02 +123: /Users/lute/project/momcozy-lab/app/test/core/agent_stream/agent_stream_io_transport_test.dart: Agent stream IO transports production SSE transport times out run creation as retryable
00:02 +124: /Users/lute/project/momcozy-lab/app/test/core/agent_stream/agent_stream_io_transport_test.dart: Agent stream IO transports production SSE transport times out run creation as retryable
00:02 +125: /Users/lute/project/momcozy-lab/app/test/core/agent_stream/agent_stream_io_transport_test.dart: Agent stream IO transports production SSE transport times out run creation as retryable
00:02 +126: /Users/lute/project/momcozy-lab/app/test/core/agent_stream/agent_stream_io_transport_test.dart: Agent stream IO transports production SSE transport times out run creation as retryable
00:02 +127: /Users/lute/project/momcozy-lab/app/test/core/agent_stream/agent_stream_io_transport_test.dart: Agent stream IO transports production SSE transport times out run creation as retryable
00:02 +128: /Users/lute/project/momcozy-lab/app/test/core/agent_stream/agent_stream_io_transport_test.dart: Agent stream IO transports production SSE transport times out run creation as retryable
00:02 +129: /Users/lute/project/momcozy-lab/app/test/core/agent_stream/agent_stream_io_transport_test.dart: Agent stream IO transports production SSE transport times out run creation as retryable
00:02 +130: /Users/lute/project/momcozy-lab/app/test/core/agent_stream/agent_stream_io_transport_test.dart: Agent stream IO transports production SSE transport times out run creation as retryable
00:02 +131: /Users/lute/project/momcozy-lab/app/test/core/agent_stream/agent_stream_io_transport_test.dart: Agent stream IO transports production SSE transport times out run creation as retryable
00:02 +132: /Users/lute/project/momcozy-lab/app/test/core/agent_stream/agent_stream_io_transport_test.dart: Agent stream IO transports production SSE transport times out run creation as retryable
00:02 +133: /Users/lute/project/momcozy-lab/app/test/core/agent_stream/agent_stream_io_transport_test.dart: Agent stream IO transports production SSE transport times out run creation as retryable
00:02 +134: /Users/lute/project/momcozy-lab/app/test/core/agent_stream/agent_stream_io_transport_test.dart: Agent stream IO transports production SSE transport times out run creation as retryable
00:02 +135: /Users/lute/project/momcozy-lab/app/test/core/agent_stream/agent_stream_payload_test.dart: Agent run payload rejects an image whose object-storage upload is incomplete
00:02 +136: /Users/lute/project/momcozy-lab/app/test/core/agent_stream/agent_stream_run_state_test.dart: AgentStreamRunState keeps transient delta replay keys without growing event history
00:02 +137: /Users/lute/project/momcozy-lab/app/test/core/agent_stream/agent_stream_run_state_test.dart: AgentStreamRunState keeps transient delta replay keys without growing event history
00:02 +138: /Users/lute/project/momcozy-lab/app/test/core/agent_stream/agent_stream_run_state_test.dart: AgentStreamRunState keeps transient delta replay keys without growing event history
00:02 +139: /Users/lute/project/momcozy-lab/app/test/core/agent_stream/agent_stream_run_state_test.dart: AgentStreamRunState keeps transient delta replay keys without growing event history
00:02 +140: /Users/lute/project/momcozy-lab/app/test/core/agent_stream/agent_stream_io_transport_test.dart: Agent stream IO transports production SSE transport treats an idle stream as retryable
00:02 +141: /Users/lute/project/momcozy-lab/app/test/core/agent_stream/agent_stream_io_transport_test.dart: Agent stream IO transports production SSE transport treats an idle stream as retryable
00:02 +142: /Users/lute/project/momcozy-lab/app/test/core/agent_stream/agent_stream_io_transport_test.dart: Agent stream IO transports production SSE transport treats an idle stream as retryable
00:02 +143: /Users/lute/project/momcozy-lab/app/test/core/agent_stream/agent_stream_io_transport_test.dart: Agent stream IO transports production SSE transport treats an idle stream as retryable
00:02 +144: /Users/lute/project/momcozy-lab/app/test/core/agent_stream/agent_stream_io_transport_test.dart: Agent stream IO transports production SSE transport treats an idle stream as retryable
00:02 +145: /Users/lute/project/momcozy-lab/app/test/core/agent_stream/agent_stream_io_transport_test.dart: Agent stream IO transports production SSE transport treats an idle stream as retryable
00:02 +146: /Users/lute/project/momcozy-lab/app/test/core/agent_stream/agent_stream_io_transport_test.dart: Agent stream IO transports production SSE transport treats an idle stream as retryable
00:02 +147: /Users/lute/project/momcozy-lab/app/test/core/agent_stream/agent_stream_io_transport_test.dart: Agent stream IO transports production SSE transport treats an idle stream as retryable
00:02 +148: /Users/lute/project/momcozy-lab/app/test/core/agent_stream/agent_stream_io_transport_test.dart: Agent stream IO transports production SSE transport treats an idle stream as retryable
00:02 +149: /Users/lute/project/momcozy-lab/app/test/core/agent_stream/agent_stream_io_transport_test.dart: Agent stream IO transports production SSE transport treats an idle stream as retryable
00:02 +150: /Users/lute/project/momcozy-lab/app/test/core/observability/momcozy_observability_test.dart: MomCozyObservability records redacted route, feature, agent, and non-fatal events
00:02 +151: /Users/lute/project/momcozy-lab/app/test/core/observability/momcozy_observability_test.dart: MomCozyObservability records redacted route, feature, agent, and non-fatal events
00:02 +152: /Users/lute/project/momcozy-lab/app/test/core/observability/momcozy_observability_test.dart: MomCozyObservability records redacted route, feature, agent, and non-fatal events
00:02 +153: /Users/lute/project/momcozy-lab/app/test/core/observability/momcozy_observability_test.dart: MomCozyObservability records redacted route, feature, agent, and non-fatal events
00:02 +154: /Users/lute/project/momcozy-lab/app/test/core/observability/momcozy_observability_test.dart: MomCozyObservability records redacted route, feature, agent, and non-fatal events
00:02 +155: /Users/lute/project/momcozy-lab/app/test/core/observability/momcozy_observability_test.dart: MomCozyObservability records redacted route, feature, agent, and non-fatal events
00:02 +156: /Users/lute/project/momcozy-lab/app/test/core/observability/momcozy_observability_test.dart: MomCozyObservability records redacted route, feature, agent, and non-fatal events
00:02 +157: /Users/lute/project/momcozy-lab/app/test/core/observability/momcozy_observability_test.dart: MomCozyObservability records redacted route, feature, agent, and non-fatal events
00:02 +158: /Users/lute/project/momcozy-lab/app/test/core/observability/momcozy_observability_test.dart: MomCozyObservability records redacted route, feature, agent, and non-fatal events
00:02 +159: /Users/lute/project/momcozy-lab/app/test/core/agent_stream/agent_stream_io_transport_test.dart: Agent stream IO transports control connector sends non-ASCII JSON bodies as UTF-8
00:02 +160: /Users/lute/project/momcozy-lab/app/test/core/agent_stream/agent_stream_io_transport_test.dart: Agent stream IO transports control connector sends non-ASCII JSON bodies as UTF-8
00:02 +161: /Users/lute/project/momcozy-lab/app/test/core/agent_stream/agent_stream_io_transport_test.dart: Agent stream IO transports control connector sends non-ASCII JSON bodies as UTF-8
00:02 +162: /Users/lute/project/momcozy-lab/app/test/core/agent_stream/agent_stream_io_transport_test.dart: Agent stream IO transports control connector sends non-ASCII JSON bodies as UTF-8
00:02 +163: /Users/lute/project/momcozy-lab/app/test/core/agent_stream/agent_stream_io_transport_test.dart: Agent stream IO transports cancel client posts production run-scoped cancel and accepts 2xx or 404
00:02 +164: /Users/lute/project/momcozy-lab/app/test/core/agent_stream/agent_stream_io_transport_test.dart: Agent stream IO transports cancel client reports failures without throwing
00:02 +165: /Users/lute/project/momcozy-lab/app/test/core/agent_stream/agent_stream_io_transport_test.dart: Agent stream IO transports cancel client refreshes authorization once after 401
00:02 +166: /Users/lute/project/momcozy-lab/app/test/core/agent_stream/agent_stream_io_transport_test.dart: Agent stream IO transports cancel client keeps 401 unacknowledged when refresh fails
00:02 +167: /Users/lute/project/momcozy-lab/app/test/core/agent_stream/agent_stream_io_transport_test.dart: Agent stream IO transports action client posts confirmation and rejection to action-scoped endpoints
00:02 +168: /Users/lute/project/momcozy-lab/app/test/core/agent_stream/agent_stream_io_transport_test.dart: Agent stream IO transports action client refreshes once and preserves confirmation idempotency
00:02 +169: /Users/lute/project/momcozy-lab/app/test/core/agent_stream/agent_stream_io_transport_test.dart: Agent stream IO transports action client returns the 401 when refresh fails
00:02 +170: /Users/lute/project/momcozy-lab/app/test/core/agent_stream/agent_stream_io_transport_test.dart: Agent stream IO transports client event client records safe local events without user authority
00:02 +171: /Users/lute/project/momcozy-lab/app/test/core/agent_stream/agent_stream_io_transport_test.dart: Agent stream IO transports client event client posts run-scoped events to backend
00:02 +172: /Users/lute/project/momcozy-lab/app/test/core/agent_stream/agent_stream_io_transport_test.dart: Agent stream IO transports client event client refreshes authorization once after 401
00:02 +173: /Users/lute/project/momcozy-lab/app/test/core/agent_stream/agent_stream_io_transport_test.dart: Agent stream IO transports client event client reports 401 when refresh fails
00:02 +174: /Users/lute/project/momcozy-lab/app/test/core/agent_stream/agent_stream_io_transport_test.dart: Agent stream IO transports client event client reports guard and local recorder failures
00:03 +175: /Users/lute/project/momcozy-lab/app/test/app/typography_design_test.dart: (setUpAll)
00:03 +175: /Users/lute/project/momcozy-lab/app/test/app/typography_design_test.dart: title hierarchy at 320.0 / 1.0
00:03 +176: /Users/lute/project/momcozy-lab/app/test/app/typography_design_test.dart: title hierarchy at 320.0 / 1.0
00:03 +177: /Users/lute/project/momcozy-lab/app/test/app/typography_design_test.dart: title hierarchy at 320.0 / 1.0
00:03 +178: /Users/lute/project/momcozy-lab/app/test/app/typography_design_test.dart: title hierarchy at 320.0 / 1.0
00:03 +179: /Users/lute/project/momcozy-lab/app/test/app/typography_design_test.dart: title hierarchy at 320.0 / 1.0
00:03 +180: /Users/lute/project/momcozy-lab/app/test/app/typography_design_test.dart: title hierarchy at 320.0 / 1.0
00:03 +181: /Users/lute/project/momcozy-lab/app/test/app/typography_design_test.dart: title hierarchy at 320.0 / 1.0
00:03 +182: /Users/lute/project/momcozy-lab/app/test/app/typography_design_test.dart: title hierarchy at 320.0 / 1.0
00:03 +183: /Users/lute/project/momcozy-lab/app/test/app/typography_design_test.dart: title hierarchy at 320.0 / 1.0
00:03 +184: /Users/lute/project/momcozy-lab/app/test/app/typography_design_test.dart: title hierarchy at 320.0 / 1.0
00:03 +185: /Users/lute/project/momcozy-lab/app/test/app/typography_design_test.dart: title hierarchy at 320.0 / 1.0
00:03 +186: /Users/lute/project/momcozy-lab/app/test/app/typography_design_test.dart: title hierarchy at 320.0 / 1.0
00:03 +187: /Users/lute/project/momcozy-lab/app/test/app/typography_design_test.dart: title hierarchy at 320.0 / 1.0
00:03 +188: /Users/lute/project/momcozy-lab/app/test/app/typography_design_test.dart: title hierarchy at 320.0 / 1.0
00:03 +189: /Users/lute/project/momcozy-lab/app/test/app/typography_design_test.dart: title hierarchy at 320.0 / 1.0
00:03 +190: /Users/lute/project/momcozy-lab/app/test/app/typography_design_test.dart: title hierarchy at 320.0 / 1.0
00:03 +191: /Users/lute/project/momcozy-lab/app/test/app/typography_design_test.dart: title hierarchy at 320.0 / 1.0
00:03 +192: /Users/lute/project/momcozy-lab/app/test/app/typography_design_test.dart: title hierarchy at 320.0 / 1.0
00:03 +193: /Users/lute/project/momcozy-lab/app/test/app/typography_design_test.dart: title hierarchy at 320.0 / 1.0
00:03 +194: /Users/lute/project/momcozy-lab/app/test/app/typography_design_test.dart: title hierarchy at 320.0 / 1.0
00:03 +195: /Users/lute/project/momcozy-lab/app/test/app/typography_design_test.dart: title hierarchy at 320.0 / 1.0
00:03 +196: /Users/lute/project/momcozy-lab/app/test/app/typography_design_test.dart: title hierarchy at 320.0 / 1.0
00:03 +197: /Users/lute/project/momcozy-lab/app/test/app/typography_design_test.dart: title hierarchy at 320.0 / 1.0
00:03 +198: /Users/lute/project/momcozy-lab/app/test/app/typography_design_test.dart: title hierarchy at 320.0 / 1.0
00:03 +199: /Users/lute/project/momcozy-lab/app/test/app/typography_design_test.dart: title hierarchy at 320.0 / 1.0
00:03 +200: /Users/lute/project/momcozy-lab/app/test/app/typography_design_test.dart: title hierarchy at 320.0 / 1.0
00:03 +201: /Users/lute/project/momcozy-lab/app/test/app/typography_design_test.dart: title hierarchy at 320.0 / 1.0
00:03 +202: /Users/lute/project/momcozy-lab/app/test/app/typography_design_test.dart: title hierarchy at 320.0 / 1.0
00:03 +203: /Users/lute/project/momcozy-lab/app/test/app/typography_design_test.dart: title hierarchy at 320.0 / 1.0
00:03 +204: /Users/lute/project/momcozy-lab/app/test/app/typography_design_test.dart: title hierarchy at 320.0 / 1.0
00:03 +205: /Users/lute/project/momcozy-lab/app/test/app/typography_design_test.dart: title hierarchy at 320.0 / 1.0
00:03 +206: /Users/lute/project/momcozy-lab/app/test/app/typography_design_test.dart: title hierarchy at 320.0 / 1.0
00:03 +207: /Users/lute/project/momcozy-lab/app/test/app/typography_design_test.dart: title hierarchy at 320.0 / 1.0
00:03 +208: /Users/lute/project/momcozy-lab/app/test/app/typography_design_test.dart: title hierarchy at 320.0 / 1.0
00:03 +209: /Users/lute/project/momcozy-lab/app/test/app/typography_design_test.dart: title hierarchy at 320.0 / 1.0
00:03 +210: /Users/lute/project/momcozy-lab/app/test/app/typography_design_test.dart: title hierarchy at 320.0 / 1.0
00:03 +211: /Users/lute/project/momcozy-lab/app/test/app/typography_design_test.dart: title hierarchy at 320.0 / 1.0
00:03 +212: /Users/lute/project/momcozy-lab/app/test/app/mom_navigation_test.dart: (setUpAll)
00:03 +212: /Users/lute/project/momcozy-lab/app/test/app/typography_design_test.dart: title hierarchy at 320.0 / 2.0
00:03 +213: /Users/lute/project/momcozy-lab/app/test/app/mom_navigation_test.dart: navigation reference at 320.0 with all selected states
00:03 +214: /Users/lute/project/momcozy-lab/app/test/app/mom_navigation_test.dart: navigation reference at 320.0 with all selected states
00:03 +215: /Users/lute/project/momcozy-lab/app/test/app/mom_navigation_test.dart: navigation reference at 320.0 with all selected states
00:04 +216: /Users/lute/project/momcozy-lab/app/test/app/mom_navigation_test.dart: navigation reference at 320.0 with all selected states
00:04 +217: /Users/lute/project/momcozy-lab/app/test/app/more_design_test.dart: More navigation and privacy at 320.0 / 1.0
00:04 +218: /Users/lute/project/momcozy-lab/app/test/app/more_design_test.dart: More navigation and privacy at 320.0 / 1.0
00:04 +219: /Users/lute/project/momcozy-lab/app/test/app/more_design_test.dart: More navigation and privacy at 320.0 / 1.0
00:04 +220: /Users/lute/project/momcozy-lab/app/test/app/more_design_test.dart: More navigation and privacy at 320.0 / 1.0
00:04 +221: /Users/lute/project/momcozy-lab/app/test/app/more_design_test.dart: More navigation and privacy at 320.0 / 1.0
00:04 +222: /Users/lute/project/momcozy-lab/app/test/app/mom_navigation_test.dart: navigation reference at 430.0 with all selected states
00:04 +223: /Users/lute/project/momcozy-lab/app/test/app/more_design_test.dart: More navigation and privacy at 320.0 / 2.0
00:04 +224: /Users/lute/project/momcozy-lab/app/test/app/more_design_test.dart: More navigation and privacy at 320.0 / 2.0
00:04 +225: /Users/lute/project/momcozy-lab/app/test/app/more_design_test.dart: More navigation and privacy at 390.0 / 1.0
00:04 +226: /Users/lute/project/momcozy-lab/app/test/app/more_design_test.dart: More navigation and privacy at 390.0 / 2.0
00:04 +227: /Users/lute/project/momcozy-lab/app/test/app/more_design_test.dart: More navigation and privacy at 430.0 / 1.0
00:04 +228: /Users/lute/project/momcozy-lab/app/test/app/more_design_test.dart: More navigation and privacy at 430.0 / 2.0
00:04 +229: /Users/lute/project/momcozy-lab/app/test/app/more_design_test.dart: (tearDownAll)
00:05 +229: /Users/lute/project/momcozy-lab/app/test/app/momcozy_native_launch_config_test.dart: app display name is Momcozy Lab across Flutter and Android flavors
00:05 +230: /Users/lute/project/momcozy-lab/app/test/app/me_theme_test.dart: workbench retains its existing typography
00:05 +231: /Users/lute/project/momcozy-lab/app/test/app/me_theme_test.dart: workbench retains its existing typography
00:05 +232: /Users/lute/project/momcozy-lab/app/test/app/me_theme_test.dart: workbench retains its existing typography
00:05 +233: /Users/lute/project/momcozy-lab/app/test/app/me_theme_test.dart: all native control families inherit the current Me visual language
00:05 +234: /Users/lute/project/momcozy-lab/app/test/app/me_theme_test.dart: Me-themed form remains usable at 320.0 with large text and keyboard
00:05 +235: /Users/lute/project/momcozy-lab/app/test/app/me_theme_test.dart: Me-themed form remains usable at 390.0 with large text and keyboard
00:05 +236: /Users/lute/project/momcozy-lab/app/test/app/reading_typography_test.dart: reading leading is scoped to user paragraphs: workbench=false
00:05 +237: /Users/lute/project/momcozy-lab/app/test/app/reading_typography_test.dart: reading leading is scoped to user paragraphs: workbench=false
00:05 +238: /Users/lute/project/momcozy-lab/app/test/app/reading_typography_test.dart: reading leading is scoped to user paragraphs: workbench=false
00:05 +239: /Users/lute/project/momcozy-lab/app/test/app/reading_typography_test.dart: reading leading is scoped to user paragraphs: workbench=false
00:05 +240: /Users/lute/project/momcozy-lab/app/test/app/reading_typography_test.dart: reading leading is scoped to user paragraphs: workbench=false
00:05 +241: /Users/lute/project/momcozy-lab/app/test/app/reading_typography_test.dart: reading leading is scoped to user paragraphs: workbench=false
00:05 +242: /Users/lute/project/momcozy-lab/app/test/app/reading_typography_test.dart: reading leading is scoped to user paragraphs: workbench=false
00:05 +243: /Users/lute/project/momcozy-lab/app/test/app/reading_typography_test.dart: reading leading is scoped to user paragraphs: workbench=false
00:05 +244: /Users/lute/project/momcozy-lab/app/test/app/reading_typography_test.dart: reading leading is scoped to user paragraphs: workbench=false
00:05 +245: /Users/lute/project/momcozy-lab/app/test/app/reading_typography_test.dart: reading leading is scoped to user paragraphs: workbench=false
00:05 +246: /Users/lute/project/momcozy-lab/app/test/app/reading_typography_test.dart: reading leading is scoped to user paragraphs: workbench=false
00:05 +247: /Users/lute/project/momcozy-lab/app/test/app/reading_typography_test.dart: reading leading is scoped to user paragraphs: workbench=false
00:05 +248: /Users/lute/project/momcozy-lab/app/test/app/reading_typography_test.dart: reading leading is scoped to user paragraphs: workbench=false
00:05 +249: /Users/lute/project/momcozy-lab/app/test/app/reading_typography_test.dart: reading leading is scoped to user paragraphs: workbench=false
00:05 +250: /Users/lute/project/momcozy-lab/app/test/app/reading_typography_test.dart: reading leading is scoped to user paragraphs: workbench=false
00:05 +251: /Users/lute/project/momcozy-lab/app/test/app/reading_typography_test.dart: reading leading is scoped to user paragraphs: workbench=false
00:06 +252: /Users/lute/project/momcozy-lab/app/test/app/notification_runtime_test.dart: baby changes and token refresh preserve notification login identity
00:06 +253: /Users/lute/project/momcozy-lab/app/test/app/notification_runtime_test.dart: baby changes and token refresh preserve notification login identity
00:06 +254: /Users/lute/project/momcozy-lab/app/test/app/notification_runtime_test.dart: baby changes and token refresh preserve notification login identity
00:06 +255: /Users/lute/project/momcozy-lab/app/test/app/status_card_accessibility_test.dart: mother and baby status cards expose a semantic tap action
00:06 +256: /Users/lute/project/momcozy-lab/app/test/app/momcozy_route_shell_contract_test.dart: primary navigation is hidden on secondary pages
00:06 +257: /Users/lute/project/momcozy-lab/app/test/app/not_found_design_test.dart: unknown route shows a recoverable page at 320.0/1.0
00:06 +258: /Users/lute/project/momcozy-lab/app/test/app/not_found_design_test.dart: unknown route shows a recoverable page at 320.0/1.0
00:06 +259: /Users/lute/project/momcozy-lab/app/test/app/not_found_design_test.dart: unknown route shows a recoverable page at 320.0/1.0
00:06 +260: /Users/lute/project/momcozy-lab/app/test/app/not_found_design_test.dart: unknown route shows a recoverable page at 320.0/1.0
00:06 +261: /Users/lute/project/momcozy-lab/app/test/app/not_found_design_test.dart: unknown route shows a recoverable page at 320.0/2.0
00:06 +262: /Users/lute/project/momcozy-lab/app/test/app/not_found_design_test.dart: unknown route shows a recoverable page at 390.0/1.0
00:06 +263: /Users/lute/project/momcozy-lab/app/test/app/not_found_design_test.dart: unknown route shows a recoverable page at 390.0/2.0
00:06 +264: /Users/lute/project/momcozy-lab/app/test/app/not_found_design_test.dart: unknown route shows a recoverable page at 430.0/1.0
00:06 +265: /Users/lute/project/momcozy-lab/app/test/app/not_found_design_test.dart: unknown route shows a recoverable page at 430.0/1.0
00:06 +266: /Users/lute/project/momcozy-lab/app/test/app/not_found_design_test.dart: unknown route shows a recoverable page at 430.0/1.0
00:06 +267: /Users/lute/project/momcozy-lab/app/test/app/not_found_design_test.dart: unknown route shows a recoverable page at 430.0/1.0
00:06 +268: /Users/lute/project/momcozy-lab/app/test/app/not_found_design_test.dart: unknown route shows a recoverable page at 430.0/1.0
00:06 +269: /Users/lute/project/momcozy-lab/app/test/app/not_found_design_test.dart: unknown route shows a recoverable page at 430.0/1.0
00:06 +270: /Users/lute/project/momcozy-lab/app/test/native/pump_device_snapshot_binding_test.dart: pump device snapshot binding consumes BLE notification frames
00:06 +271: /Users/lute/project/momcozy-lab/app/test/native/android_voice_pcm_threading_test.dart: Android PCM playback stays off the platform main thread
00:06 +272: /Users/lute/project/momcozy-lab/app/test/app/not_found_design_test.dart: unknown route shows a recoverable page at 430.0/2.0
00:06 +273: /Users/lute/project/momcozy-lab/app/test/app/not_found_design_test.dart: unknown route shows a recoverable page at 430.0/2.0
00:06 +274: /Users/lute/project/momcozy-lab/app/test/app/not_found_design_test.dart: unknown route shows a recoverable page at 430.0/2.0
00:06 +275: /Users/lute/project/momcozy-lab/app/test/app/not_found_design_test.dart: unknown route shows a recoverable page at 430.0/2.0
00:06 +276: /Users/lute/project/momcozy-lab/app/test/app/not_found_design_test.dart: unknown route shows a recoverable page at 430.0/2.0
00:06 +277: /Users/lute/project/momcozy-lab/app/test/app/not_found_design_test.dart: unknown route shows a recoverable page at 430.0/2.0
00:06 +278: /Users/lute/project/momcozy-lab/app/test/app/not_found_design_test.dart: unknown route shows a recoverable page at 430.0/2.0
00:06 +279: /Users/lute/project/momcozy-lab/app/test/native/media_pdf_design_test.dart: (setUpAll)
00:06 +280: /Users/lute/project/momcozy-lab/app/test/native/media_pdf_design_test.dart: (setUpAll)
00:06 +281: /Users/lute/project/momcozy-lab/app/test/native/media_pdf_design_test.dart: (setUpAll)
00:06 +282: /Users/lute/project/momcozy-lab/app/test/native/media_pdf_design_test.dart: (setUpAll)
00:06 +283: /Users/lute/project/momcozy-lab/app/test/native/media_pdf_design_test.dart: (setUpAll)
00:06 +284: /Users/lute/project/momcozy-lab/app/test/native/media_pdf_design_test.dart: (setUpAll)
00:06 +284: /Users/lute/project/momcozy-lab/app/test/app/not_found_design_test.dart: an unauthenticated unknown route cannot bypass login
00:06 +285: /Users/lute/project/momcozy-lab/app/test/app/not_found_design_test.dart: an unauthenticated unknown route cannot bypass login
00:07 +286: /Users/lute/project/momcozy-lab/app/test/native/media_pdf_design_test.dart: native PDF preview, scroll and zoom 320.0 / 1.0
PdfDocument initial load: PdfDocumentRefKey(local-pdf) (198 ms)
00:07 +287: /Users/lute/project/momcozy-lab/app/test/native/media_pdf_design_test.dart: native PDF preview, scroll and zoom 320.0 / 1.0
00:07 +288: /Users/lute/project/momcozy-lab/app/test/native/media_pdf_design_test.dart: native PDF preview, scroll and zoom 320.0 / 1.0
00:07 +289: /Users/lute/project/momcozy-lab/app/test/native/media_pdf_design_test.dart: native PDF preview, scroll and zoom 320.0 / 1.0
00:07 +290: /Users/lute/project/momcozy-lab/app/test/native/media_pdf_design_test.dart: native PDF preview, scroll and zoom 320.0 / 1.0
00:07 +291: /Users/lute/project/momcozy-lab/app/test/native/media_pdf_design_test.dart: native PDF preview, scroll and zoom 320.0 / 1.0
00:07 +292: /Users/lute/project/momcozy-lab/app/test/native/media_pdf_design_test.dart: native PDF preview, scroll and zoom 320.0 / 1.0
00:07 +293: /Users/lute/project/momcozy-lab/app/test/native/media_pdf_design_test.dart: native PDF preview, scroll and zoom 320.0 / 1.0
00:07 +294: /Users/lute/project/momcozy-lab/app/test/native/media_pdf_design_test.dart: native PDF preview, scroll and zoom 320.0 / 1.0
00:07 +295: /Users/lute/project/momcozy-lab/app/test/native/media_pdf_design_test.dart: native PDF preview, scroll and zoom 320.0 / 1.0
00:07 +296: /Users/lute/project/momcozy-lab/app/test/native/media_pdf_design_test.dart: native PDF preview, scroll and zoom 320.0 / 1.0
00:07 +297: /Users/lute/project/momcozy-lab/app/test/native/media_pdf_design_test.dart: native PDF preview, scroll and zoom 320.0 / 1.0
00:07 +298: /Users/lute/project/momcozy-lab/app/test/native/media_pdf_design_test.dart: native PDF preview, scroll and zoom 320.0 / 1.0
00:07 +299: /Users/lute/project/momcozy-lab/app/test/native/media_pdf_design_test.dart: native PDF preview, scroll and zoom 320.0 / 1.0
00:07 +300: /Users/lute/project/momcozy-lab/app/test/native/media_pdf_design_test.dart: native PDF preview, scroll and zoom 320.0 / 1.0
00:07 +301: /Users/lute/project/momcozy-lab/app/test/native/media_pdf_design_test.dart: native PDF preview, scroll and zoom 320.0 / 1.0
00:07 +302: /Users/lute/project/momcozy-lab/app/test/native/media_pdf_design_test.dart: native PDF preview, scroll and zoom 320.0 / 1.0
00:07 +303: /Users/lute/project/momcozy-lab/app/test/native/media_pdf_design_test.dart: native PDF preview, scroll and zoom 320.0 / 1.0
00:07 +304: /Users/lute/project/momcozy-lab/app/test/native/media_pdf_design_test.dart: native PDF preview, scroll and zoom 320.0 / 1.0
00:07 +305: /Users/lute/project/momcozy-lab/app/test/native/media_pdf_design_test.dart: native PDF preview, scroll and zoom 320.0 / 1.0
00:07 +306: /Users/lute/project/momcozy-lab/app/test/native/media_pdf_design_test.dart: native PDF preview, scroll and zoom 320.0 / 1.0
00:07 +307: /Users/lute/project/momcozy-lab/app/test/native/media_pdf_design_test.dart: native PDF preview, scroll and zoom 320.0 / 1.0
00:07 +308: /Users/lute/project/momcozy-lab/app/test/native/media_pdf_design_test.dart: native PDF preview, scroll and zoom 320.0 / 1.0
00:07 +309: /Users/lute/project/momcozy-lab/app/test/native/media_pdf_design_test.dart: native PDF preview, scroll and zoom 320.0 / 1.0
PdfViewer: Loaded page 2 of 2 in 77 ms
00:08 +310: /Users/lute/project/momcozy-lab/app/test/native/media_pdf_design_test.dart: native PDF preview, scroll and zoom 320.0 / 2.0
PdfDocument initial load: PdfDocumentRefKey(local-pdf) (106 ms)
00:08 +311: /Users/lute/project/momcozy-lab/app/test/native/media_pdf_design_test.dart: native PDF preview, scroll and zoom 320.0 / 2.0
00:08 +312: /Users/lute/project/momcozy-lab/app/test/native/media_pdf_design_test.dart: native PDF preview, scroll and zoom 320.0 / 2.0
00:08 +313: /Users/lute/project/momcozy-lab/app/test/native/media_pdf_design_test.dart: native PDF preview, scroll and zoom 320.0 / 2.0
00:08 +314: /Users/lute/project/momcozy-lab/app/test/native/media_pdf_design_test.dart: native PDF preview, scroll and zoom 320.0 / 2.0
00:08 +315: /Users/lute/project/momcozy-lab/app/test/native/media_pdf_design_test.dart: native PDF preview, scroll and zoom 320.0 / 2.0
00:08 +316: /Users/lute/project/momcozy-lab/app/test/native/media_pdf_design_test.dart: native PDF preview, scroll and zoom 320.0 / 2.0
00:08 +317: /Users/lute/project/momcozy-lab/app/test/native/media_pdf_design_test.dart: native PDF preview, scroll and zoom 320.0 / 2.0
00:08 +318: /Users/lute/project/momcozy-lab/app/test/native/media_pdf_design_test.dart: native PDF preview, scroll and zoom 320.0 / 2.0
00:08 +319: /Users/lute/project/momcozy-lab/app/test/native/media_pdf_design_test.dart: native PDF preview, scroll and zoom 320.0 / 2.0
00:08 +320: /Users/lute/project/momcozy-lab/app/test/native/media_pdf_design_test.dart: native PDF preview, scroll and zoom 320.0 / 2.0
00:08 +321: /Users/lute/project/momcozy-lab/app/test/native/media_pdf_design_test.dart: native PDF preview, scroll and zoom 320.0 / 2.0
00:08 +322: /Users/lute/project/momcozy-lab/app/test/native/media_pdf_design_test.dart: native PDF preview, scroll and zoom 320.0 / 2.0
00:08 +323: /Users/lute/project/momcozy-lab/app/test/native/media_pdf_design_test.dart: native PDF preview, scroll and zoom 320.0 / 2.0
00:08 +324: /Users/lute/project/momcozy-lab/app/test/native/media_pdf_design_test.dart: native PDF preview, scroll and zoom 320.0 / 2.0
00:08 +325: /Users/lute/project/momcozy-lab/app/test/native/media_pdf_design_test.dart: native PDF preview, scroll and zoom 320.0 / 2.0
00:08 +326: /Users/lute/project/momcozy-lab/app/test/native/media_pdf_design_test.dart: native PDF preview, scroll and zoom 320.0 / 2.0
00:08 +327: /Users/lute/project/momcozy-lab/app/test/native/media_pdf_design_test.dart: native PDF preview, scroll and zoom 320.0 / 2.0
00:08 +328: /Users/lute/project/momcozy-lab/app/test/native/media_pdf_design_test.dart: native PDF preview, scroll and zoom 320.0 / 2.0
00:08 +329: /Users/lute/project/momcozy-lab/app/test/native/media_pdf_design_test.dart: native PDF preview, scroll and zoom 320.0 / 2.0
00:08 +330: /Users/lute/project/momcozy-lab/app/test/native/media_pdf_design_test.dart: native PDF preview, scroll and zoom 320.0 / 2.0
00:08 +331: /Users/lute/project/momcozy-lab/app/test/native/media_pdf_design_test.dart: native PDF preview, scroll and zoom 320.0 / 2.0
00:08 +332: /Users/lute/project/momcozy-lab/app/test/native/media_pdf_design_test.dart: native PDF preview, scroll and zoom 320.0 / 2.0
00:08 +333: /Users/lute/project/momcozy-lab/app/test/native/media_pdf_design_test.dart: native PDF preview, scroll and zoom 320.0 / 2.0
00:08 +334: /Users/lute/project/momcozy-lab/app/test/native/media_pdf_design_test.dart: native PDF preview, scroll and zoom 320.0 / 2.0
00:08 +335: /Users/lute/project/momcozy-lab/app/test/native/media_pdf_design_test.dart: native PDF preview, scroll and zoom 320.0 / 2.0
00:08 +336: /Users/lute/project/momcozy-lab/app/test/native/media_pdf_design_test.dart: native PDF preview, scroll and zoom 320.0 / 2.0
00:08 +337: /Users/lute/project/momcozy-lab/app/test/native/media_pdf_design_test.dart: native PDF preview, scroll and zoom 320.0 / 2.0
PdfViewer: Loaded page 2 of 2 in 18 ms
00:09 +338: /Users/lute/project/momcozy-lab/app/test/native/media_pdf_design_test.dart: native PDF preview, scroll and zoom 390.0 / 1.0
00:09 +339: /Users/lute/project/momcozy-lab/app/test/native/media_pdf_design_test.dart: native PDF preview, scroll and zoom 390.0 / 1.0
PdfDocument initial load: PdfDocumentRefKey(local-pdf) (102 ms)
00:09 +340: /Users/lute/project/momcozy-lab/app/test/native/media_pdf_design_test.dart: native PDF preview, scroll and zoom 390.0 / 1.0
00:09 +341: /Users/lute/project/momcozy-lab/app/test/native/media_pdf_design_test.dart: native PDF preview, scroll and zoom 390.0 / 1.0
00:09 +342: /Users/lute/project/momcozy-lab/app/test/native/media_pdf_design_test.dart: native PDF preview, scroll and zoom 390.0 / 1.0
00:09 +343: /Users/lute/project/momcozy-lab/app/test/native/media_pdf_design_test.dart: native PDF preview, scroll and zoom 390.0 / 1.0
00:09 +344: /Users/lute/project/momcozy-lab/app/test/native/media_pdf_design_test.dart: native PDF preview, scroll and zoom 390.0 / 1.0
00:09 +345: /Users/lute/project/momcozy-lab/app/test/native/media_pdf_design_test.dart: native PDF preview, scroll and zoom 390.0 / 1.0
00:09 +346: /Users/lute/project/momcozy-lab/app/test/native/media_pdf_design_test.dart: native PDF preview, scroll and zoom 390.0 / 1.0
00:09 +347: /Users/lute/project/momcozy-lab/app/test/native/media_pdf_design_test.dart: native PDF preview, scroll and zoom 390.0 / 1.0
00:09 +348: /Users/lute/project/momcozy-lab/app/test/native/media_pdf_design_test.dart: native PDF preview, scroll and zoom 390.0 / 1.0
00:09 +349: /Users/lute/project/momcozy-lab/app/test/native/media_pdf_design_test.dart: native PDF preview, scroll and zoom 390.0 / 1.0
00:09 +350: /Users/lute/project/momcozy-lab/app/test/native/media_pdf_design_test.dart: native PDF preview, scroll and zoom 390.0 / 1.0
00:09 +351: /Users/lute/project/momcozy-lab/app/test/native/media_pdf_design_test.dart: native PDF preview, scroll and zoom 390.0 / 1.0
00:09 +352: /Users/lute/project/momcozy-lab/app/test/native/media_pdf_design_test.dart: native PDF preview, scroll and zoom 390.0 / 1.0
00:09 +353: /Users/lute/project/momcozy-lab/app/test/native/media_pdf_design_test.dart: native PDF preview, scroll and zoom 390.0 / 1.0
00:09 +354: /Users/lute/project/momcozy-lab/app/test/native/media_pdf_design_test.dart: native PDF preview, scroll and zoom 390.0 / 1.0
00:09 +355: /Users/lute/project/momcozy-lab/app/test/native/media_pdf_design_test.dart: native PDF preview, scroll and zoom 390.0 / 1.0
00:09 +356: /Users/lute/project/momcozy-lab/app/test/native/media_pdf_design_test.dart: native PDF preview, scroll and zoom 390.0 / 1.0
00:09 +357: /Users/lute/project/momcozy-lab/app/test/native/media_pdf_design_test.dart: native PDF preview, scroll and zoom 390.0 / 1.0
00:09 +358: /Users/lute/project/momcozy-lab/app/test/native/media_pdf_design_test.dart: native PDF preview, scroll and zoom 390.0 / 1.0
00:09 +359: /Users/lute/project/momcozy-lab/app/test/native/media_pdf_design_test.dart: native PDF preview, scroll and zoom 390.0 / 1.0
00:09 +360: /Users/lute/project/momcozy-lab/app/test/native/media_pdf_design_test.dart: native PDF preview, scroll and zoom 390.0 / 1.0
00:09 +361: /Users/lute/project/momcozy-lab/app/test/native/media_pdf_design_test.dart: native PDF preview, scroll and zoom 390.0 / 1.0
00:09 +362: /Users/lute/project/momcozy-lab/app/test/native/media_pdf_design_test.dart: native PDF preview, scroll and zoom 390.0 / 1.0
00:09 +363: /Users/lute/project/momcozy-lab/app/test/native/media_pdf_design_test.dart: native PDF preview, scroll and zoom 390.0 / 1.0
00:09 +364: /Users/lute/project/momcozy-lab/app/test/native/media_pdf_design_test.dart: native PDF preview, scroll and zoom 390.0 / 1.0
00:09 +365: /Users/lute/project/momcozy-lab/app/test/native/media_pdf_design_test.dart: native PDF preview, scroll and zoom 390.0 / 1.0
00:09 +366: /Users/lute/project/momcozy-lab/app/test/native/media_pdf_design_test.dart: native PDF preview, scroll and zoom 390.0 / 1.0
00:09 +367: /Users/lute/project/momcozy-lab/app/test/native/media_pdf_design_test.dart: native PDF preview, scroll and zoom 390.0 / 1.0
00:09 +368: /Users/lute/project/momcozy-lab/app/test/native/media_pdf_design_test.dart: native PDF preview, scroll and zoom 390.0 / 1.0
00:09 +369: /Users/lute/project/momcozy-lab/app/test/native/media_pdf_design_test.dart: native PDF preview, scroll and zoom 390.0 / 1.0
00:09 +370: /Users/lute/project/momcozy-lab/app/test/native/media_pdf_design_test.dart: native PDF preview, scroll and zoom 390.0 / 1.0
00:09 +371: /Users/lute/project/momcozy-lab/app/test/native/media_pdf_design_test.dart: native PDF preview, scroll and zoom 390.0 / 1.0
00:09 +372: /Users/lute/project/momcozy-lab/app/test/native/media_pdf_design_test.dart: native PDF preview, scroll and zoom 390.0 / 1.0
00:09 +373: /Users/lute/project/momcozy-lab/app/test/native/media_pdf_design_test.dart: native PDF preview, scroll and zoom 390.0 / 1.0
00:09 +374: /Users/lute/project/momcozy-lab/app/test/native/media_pdf_design_test.dart: native PDF preview, scroll and zoom 390.0 / 1.0
00:09 +375: /Users/lute/project/momcozy-lab/app/test/native/media_pdf_design_test.dart: native PDF preview, scroll and zoom 390.0 / 1.0
00:09 +376: /Users/lute/project/momcozy-lab/app/test/native/media_pdf_design_test.dart: native PDF preview, scroll and zoom 390.0 / 1.0
00:09 +377: /Users/lute/project/momcozy-lab/app/test/native/media_pdf_design_test.dart: native PDF preview, scroll and zoom 390.0 / 1.0
00:09 +378: /Users/lute/project/momcozy-lab/app/test/native/media_pdf_design_test.dart: native PDF preview, scroll and zoom 390.0 / 1.0
00:09 +379: /Users/lute/project/momcozy-lab/app/test/native/media_pdf_design_test.dart: native PDF preview, scroll and zoom 390.0 / 1.0
00:09 +380: /Users/lute/project/momcozy-lab/app/test/native/media_pdf_design_test.dart: native PDF preview, scroll and zoom 390.0 / 1.0
00:09 +381: /Users/lute/project/momcozy-lab/app/test/native/media_pdf_design_test.dart: native PDF preview, scroll and zoom 390.0 / 1.0
00:09 +382: /Users/lute/project/momcozy-lab/app/test/native/media_pdf_design_test.dart: native PDF preview, scroll and zoom 390.0 / 1.0
PdfViewer: Loaded page 2 of 2 in 21 ms
00:09 +383: /Users/lute/project/momcozy-lab/app/test/native/media_pdf_design_test.dart: native PDF preview, scroll and zoom 390.0 / 2.0
00:09 +384: /Users/lute/project/momcozy-lab/app/test/native/media_pdf_design_test.dart: native PDF preview, scroll and zoom 390.0 / 2.0
00:09 +385: /Users/lute/project/momcozy-lab/app/test/native/media_pdf_design_test.dart: native PDF preview, scroll and zoom 390.0 / 2.0
00:09 +386: /Users/lute/project/momcozy-lab/app/test/native/media_pdf_design_test.dart: native PDF preview, scroll and zoom 390.0 / 2.0
00:09 +387: /Users/lute/project/momcozy-lab/app/test/native/media_pdf_design_test.dart: native PDF preview, scroll and zoom 390.0 / 2.0
00:09 +388: /Users/lute/project/momcozy-lab/app/test/native/media_pdf_design_test.dart: native PDF preview, scroll and zoom 390.0 / 2.0
00:09 +389: /Users/lute/project/momcozy-lab/app/test/native/media_pdf_design_test.dart: native PDF preview, scroll and zoom 390.0 / 2.0
00:09 +390: /Users/lute/project/momcozy-lab/app/test/native/media_pdf_design_test.dart: native PDF preview, scroll and zoom 390.0 / 2.0
00:09 +391: /Users/lute/project/momcozy-lab/app/test/native/media_pdf_design_test.dart: native PDF preview, scroll and zoom 390.0 / 2.0
00:09 +392: /Users/lute/project/momcozy-lab/app/test/native/media_pdf_design_test.dart: native PDF preview, scroll and zoom 390.0 / 2.0
00:09 +393: /Users/lute/project/momcozy-lab/app/test/native/media_pdf_design_test.dart: native PDF preview, scroll and zoom 390.0 / 2.0
00:09 +394: /Users/lute/project/momcozy-lab/app/test/native/media_pdf_design_test.dart: native PDF preview, scroll and zoom 390.0 / 2.0
00:09 +395: /Users/lute/project/momcozy-lab/app/test/native/media_pdf_design_test.dart: native PDF preview, scroll and zoom 390.0 / 2.0
00:09 +396: /Users/lute/project/momcozy-lab/app/test/native/media_pdf_design_test.dart: native PDF preview, scroll and zoom 390.0 / 2.0
00:09 +397: /Users/lute/project/momcozy-lab/app/test/native/media_pdf_design_test.dart: native PDF preview, scroll and zoom 390.0 / 2.0
00:09 +398: /Users/lute/project/momcozy-lab/app/test/native/media_pdf_design_test.dart: native PDF preview, scroll and zoom 390.0 / 2.0
00:09 +399: /Users/lute/project/momcozy-lab/app/test/native/media_pdf_design_test.dart: native PDF preview, scroll and zoom 390.0 / 2.0
00:09 +400: /Users/lute/project/momcozy-lab/app/test/native/media_pdf_design_test.dart: native PDF preview, scroll and zoom 390.0 / 2.0
00:09 +401: /Users/lute/project/momcozy-lab/app/test/native/media_pdf_design_test.dart: native PDF preview, scroll and zoom 390.0 / 2.0
00:09 +402: /Users/lute/project/momcozy-lab/app/test/native/media_pdf_design_test.dart: native PDF preview, scroll and zoom 390.0 / 2.0
00:09 +403: /Users/lute/project/momcozy-lab/app/test/native/media_pdf_design_test.dart: native PDF preview, scroll and zoom 390.0 / 2.0
00:09 +404: /Users/lute/project/momcozy-lab/app/test/native/media_pdf_design_test.dart: native PDF preview, scroll and zoom 390.0 / 2.0
00:09 +405: /Users/lute/project/momcozy-lab/app/test/native/media_pdf_design_test.dart: native PDF preview, scroll and zoom 390.0 / 2.0
00:09 +406: /Users/lute/project/momcozy-lab/app/test/native/media_pdf_design_test.dart: native PDF preview, scroll and zoom 390.0 / 2.0
00:09 +407: /Users/lute/project/momcozy-lab/app/test/native/media_pdf_design_test.dart: native PDF preview, scroll and zoom 390.0 / 2.0
00:09 +408: /Users/lute/project/momcozy-lab/app/test/native/media_pdf_design_test.dart: native PDF preview, scroll and zoom 390.0 / 2.0
PdfDocument initial load: PdfDocumentRefKey(local-pdf) (109 ms)
00:10 +409: /Users/lute/project/momcozy-lab/app/test/native/media_pdf_design_test.dart: native PDF preview, scroll and zoom 390.0 / 2.0
00:10 +410: /Users/lute/project/momcozy-lab/app/test/native/media_pdf_design_test.dart: native PDF preview, scroll and zoom 390.0 / 2.0
00:10 +411: /Users/lute/project/momcozy-lab/app/test/native/media_pdf_design_test.dart: native PDF preview, scroll and zoom 390.0 / 2.0
00:10 +412: /Users/lute/project/momcozy-lab/app/test/native/media_pdf_design_test.dart: native PDF preview, scroll and zoom 390.0 / 2.0
PdfViewer: Loaded page 2 of 2 in 20 ms
00:10 +413: /Users/lute/project/momcozy-lab/app/test/native/media_pdf_design_test.dart: native PDF preview, scroll and zoom 390.0 / 2.0
00:10 +414: /Users/lute/project/momcozy-lab/app/test/native/media_pdf_design_test.dart: native PDF preview, scroll and zoom 390.0 / 2.0
00:10 +415: /Users/lute/project/momcozy-lab/app/test/native/media_pdf_design_test.dart: native PDF preview, scroll and zoom 390.0 / 2.0
00:10 +416: /Users/lute/project/momcozy-lab/app/test/native/media_pdf_design_test.dart: native PDF preview, scroll and zoom 390.0 / 2.0
00:10 +417: /Users/lute/project/momcozy-lab/app/test/native/media_pdf_design_test.dart: native PDF preview, scroll and zoom 390.0 / 2.0
00:10 +418: /Users/lute/project/momcozy-lab/app/test/native/media_pdf_design_test.dart: native PDF preview, scroll and zoom 390.0 / 2.0
00:10 +419: /Users/lute/project/momcozy-lab/app/test/native/media_pdf_design_test.dart: native PDF preview, scroll and zoom 390.0 / 2.0
00:10 +420: /Users/lute/project/momcozy-lab/app/test/native/media_pdf_design_test.dart: native PDF preview, scroll and zoom 390.0 / 2.0
00:10 +421: /Users/lute/project/momcozy-lab/app/test/native/media_pdf_design_test.dart: native PDF preview, scroll and zoom 390.0 / 2.0
00:10 +422: /Users/lute/project/momcozy-lab/app/test/native/media_pdf_design_test.dart: native PDF preview, scroll and zoom 390.0 / 2.0
00:10 +423: /Users/lute/project/momcozy-lab/app/test/native/media_pdf_design_test.dart: native PDF preview, scroll and zoom 390.0 / 2.0
00:10 +424: /Users/lute/project/momcozy-lab/app/test/native/media_pdf_design_test.dart: native PDF preview, scroll and zoom 390.0 / 2.0
00:10 +425: /Users/lute/project/momcozy-lab/app/test/native/media_pdf_design_test.dart: native PDF preview, scroll and zoom 390.0 / 2.0
00:10 +426: /Users/lute/project/momcozy-lab/app/test/native/media_pdf_design_test.dart: native PDF preview, scroll and zoom 390.0 / 2.0
00:10 +427: /Users/lute/project/momcozy-lab/app/test/native/media_pdf_design_test.dart: native PDF preview, scroll and zoom 390.0 / 2.0
00:10 +428: /Users/lute/project/momcozy-lab/app/test/native/media_pdf_design_test.dart: native PDF preview, scroll and zoom 390.0 / 2.0
00:10 +429: /Users/lute/project/momcozy-lab/app/test/native/media_pdf_design_test.dart: native PDF preview, scroll and zoom 390.0 / 2.0
00:10 +430: /Users/lute/project/momcozy-lab/app/test/native/media_pdf_design_test.dart: native PDF preview, scroll and zoom 390.0 / 2.0
00:10 +430: /Users/lute/project/momcozy-lab/app/test/features/motion_assessment/presentation/motion_assessment_controller_test.dart: stops the local camera when native pose inference fails
Motion pose stream failed: PlatformException(pose_inference_failed, MediaPipe execution failed, null, null)
00:10 +431: /Users/lute/project/momcozy-lab/app/test/native/media_pdf_design_test.dart: native PDF preview, scroll and zoom 390.0 / 2.0
00:10 +432: /Users/lute/project/momcozy-lab/app/test/native/media_pdf_design_test.dart: native PDF preview, scroll and zoom 390.0 / 2.0
00:10 +433: /Users/lute/project/momcozy-lab/app/test/native/media_pdf_design_test.dart: native PDF preview, scroll and zoom 390.0 / 2.0
00:10 +434: /Users/lute/project/momcozy-lab/app/test/native/media_pdf_design_test.dart: native PDF preview, scroll and zoom 390.0 / 2.0
00:10 +435: /Users/lute/project/momcozy-lab/app/test/native/media_pdf_design_test.dart: native PDF preview, scroll and zoom 390.0 / 2.0
00:10 +436: /Users/lute/project/momcozy-lab/app/test/native/media_pdf_design_test.dart: native PDF preview, scroll and zoom 390.0 / 2.0
00:10 +437: /Users/lute/project/momcozy-lab/app/test/native/media_pdf_design_test.dart: native PDF preview, scroll and zoom 390.0 / 2.0
00:10 +438: /Users/lute/project/momcozy-lab/app/test/features/auth/consumer_auth_page_test.dart: language menu preserves the form and legal links open official pages
00:10 +439: /Users/lute/project/momcozy-lab/app/test/features/auth/consumer_auth_page_test.dart: language menu preserves the form and legal links open official pages
00:10 +440: /Users/lute/project/momcozy-lab/app/test/features/motion_assessment/presentation/motion_assessment_controller_test.dart: gives a standing person a full-height guide on a portrait phone
00:10 +440: /Users/lute/project/momcozy-lab/app/test/native/media_pdf_design_test.dart: native PDF preview, scroll and zoom 430.0 / 1.0
PdfDocument initial load: PdfDocumentRefKey(local-pdf) (109 ms)
00:10 +441: /Users/lute/project/momcozy-lab/app/test/native/media_pdf_design_test.dart: native PDF preview, scroll and zoom 430.0 / 1.0
00:10 +442: /Users/lute/project/momcozy-lab/app/test/native/media_pdf_design_test.dart: native PDF preview, scroll and zoom 430.0 / 1.0
00:10 +443: /Users/lute/project/momcozy-lab/app/test/native/media_pdf_design_test.dart: native PDF preview, scroll and zoom 430.0 / 1.0
00:10 +444: /Users/lute/project/momcozy-lab/app/test/native/media_pdf_design_test.dart: native PDF preview, scroll and zoom 430.0 / 1.0
00:10 +445: /Users/lute/project/momcozy-lab/app/test/native/media_pdf_design_test.dart: native PDF preview, scroll and zoom 430.0 / 1.0
00:10 +446: /Users/lute/project/momcozy-lab/app/test/native/media_pdf_design_test.dart: native PDF preview, scroll and zoom 430.0 / 1.0
00:10 +447: /Users/lute/project/momcozy-lab/app/test/native/media_pdf_design_test.dart: native PDF preview, scroll and zoom 430.0 / 1.0
00:11 +448: /Users/lute/project/momcozy-lab/app/test/native/media_pdf_design_test.dart: native PDF preview, scroll and zoom 430.0 / 1.0
00:11 +449: /Users/lute/project/momcozy-lab/app/test/native/media_pdf_design_test.dart: native PDF preview, scroll and zoom 430.0 / 1.0
00:11 +450: /Users/lute/project/momcozy-lab/app/test/native/media_pdf_design_test.dart: native PDF preview, scroll and zoom 430.0 / 1.0
00:11 +451: /Users/lute/project/momcozy-lab/app/test/native/media_pdf_design_test.dart: native PDF preview, scroll and zoom 430.0 / 1.0
00:11 +452: /Users/lute/project/momcozy-lab/app/test/native/media_pdf_design_test.dart: native PDF preview, scroll and zoom 430.0 / 1.0
00:11 +453: /Users/lute/project/momcozy-lab/app/test/native/media_pdf_design_test.dart: native PDF preview, scroll and zoom 430.0 / 1.0
00:11 +454: /Users/lute/project/momcozy-lab/app/test/native/media_pdf_design_test.dart: native PDF preview, scroll and zoom 430.0 / 1.0
PdfViewer: Loaded page 2 of 2 in 18 ms
00:11 +454: /Users/lute/project/momcozy-lab/app/test/features/motion_assessment/presentation/motion_assessment_controller_test.dart: motion responsive failure retry and exit 320.0 / 1.0
Motion pose stream failed: PlatformException(pose_model_initialization_failed, null, null, null)
00:11 +455: /Users/lute/project/momcozy-lab/app/test/native/media_pdf_design_test.dart: native PDF preview, scroll and zoom 430.0 / 1.0
00:11 +456: /Users/lute/project/momcozy-lab/app/test/native/media_pdf_design_test.dart: native PDF preview, scroll and zoom 430.0 / 1.0
00:11 +457: /Users/lute/project/momcozy-lab/app/test/native/media_pdf_design_test.dart: native PDF preview, scroll and zoom 430.0 / 1.0
00:11 +458: /Users/lute/project/momcozy-lab/app/test/native/media_pdf_design_test.dart: native PDF preview, scroll and zoom 430.0 / 1.0
00:11 +458: /Users/lute/project/momcozy-lab/app/test/features/motion_assessment/presentation/motion_assessment_controller_test.dart: motion responsive failure retry and exit 320.0 / 2.0
Motion pose stream failed: PlatformException(pose_model_initialization_failed, null, null, null)
00:11 +459: /Users/lute/project/momcozy-lab/app/test/native/media_pdf_design_test.dart: native PDF preview, scroll and zoom 430.0 / 1.0
00:11 +460: /Users/lute/project/momcozy-lab/app/test/native/media_pdf_design_test.dart: native PDF preview, scroll and zoom 430.0 / 1.0
00:11 +461: /Users/lute/project/momcozy-lab/app/test/native/media_pdf_design_test.dart: native PDF preview, scroll and zoom 430.0 / 1.0
00:11 +462: /Users/lute/project/momcozy-lab/app/test/native/media_pdf_design_test.dart: native PDF preview, scroll and zoom 430.0 / 1.0
00:11 +462: /Users/lute/project/momcozy-lab/app/test/features/motion_assessment/presentation/motion_assessment_controller_test.dart: motion responsive failure retry and exit 390.0 / 1.0
Motion pose stream failed: PlatformException(pose_model_initialization_failed, null, null, null)
00:11 +463: /Users/lute/project/momcozy-lab/app/test/native/media_pdf_design_test.dart: native PDF preview, scroll and zoom 430.0 / 1.0
00:11 +464: /Users/lute/project/momcozy-lab/app/test/native/media_pdf_design_test.dart: native PDF preview, scroll and zoom 430.0 / 1.0
00:11 +465: /Users/lute/project/momcozy-lab/app/test/native/media_pdf_design_test.dart: native PDF preview, scroll and zoom 430.0 / 1.0
00:11 +466: /Users/lute/project/momcozy-lab/app/test/native/media_pdf_design_test.dart: native PDF preview, scroll and zoom 430.0 / 1.0
00:11 +467: /Users/lute/project/momcozy-lab/app/test/native/media_pdf_design_test.dart: native PDF preview, scroll and zoom 430.0 / 1.0
00:11 +467: /Users/lute/project/momcozy-lab/app/test/features/motion_assessment/presentation/motion_assessment_controller_test.dart: motion responsive failure retry and exit 390.0 / 2.0
Motion pose stream failed: PlatformException(pose_model_initialization_failed, null, null, null)
00:11 +468: /Users/lute/project/momcozy-lab/app/test/native/media_pdf_design_test.dart: native PDF preview, scroll and zoom 430.0 / 1.0
00:11 +469: /Users/lute/project/momcozy-lab/app/test/features/auth/auth_design_test.dart: email entry and registration at 320.0 / 1.0
00:11 +470: /Users/lute/project/momcozy-lab/app/test/features/auth/auth_design_test.dart: email entry and registration at 320.0 / 1.0
00:11 +471: /Users/lute/project/momcozy-lab/app/test/features/auth/auth_design_test.dart: email entry and registration at 320.0 / 1.0
00:11 +471: /Users/lute/project/momcozy-lab/app/test/features/motion_assessment/presentation/motion_assessment_controller_test.dart: motion responsive failure retry and exit 430.0 / 1.0
Motion pose stream failed: PlatformException(pose_model_initialization_failed, null, null, null)
00:11 +472: /Users/lute/project/momcozy-lab/app/test/features/auth/auth_design_test.dart: email entry and registration at 320.0 / 1.0
00:11 +473: /Users/lute/project/momcozy-lab/app/test/features/auth/auth_design_test.dart: email entry and registration at 320.0 / 1.0
00:11 +473: /Users/lute/project/momcozy-lab/app/test/native/media_pdf_design_test.dart: native PDF preview, scroll and zoom 430.0 / 2.0
PdfDocument initial load: PdfDocumentRefKey(local-pdf) (106 ms)
00:11 +473: /Users/lute/project/momcozy-lab/app/test/features/motion_assessment/presentation/motion_assessment_controller_test.dart: motion responsive failure retry and exit 430.0 / 2.0
Motion pose stream failed: PlatformException(pose_model_initialization_failed, null, null, null)
00:11 +474: /Users/lute/project/momcozy-lab/app/test/features/auth/auth_design_test.dart: email entry and registration at 320.0 / 1.0
00:11 +475: /Users/lute/project/momcozy-lab/app/test/features/auth/auth_design_test.dart: email entry and registration at 320.0 / 1.0
00:11 +476: /Users/lute/project/momcozy-lab/app/test/features/auth/auth_design_test.dart: email entry and registration at 320.0 / 1.0
00:11 +477: /Users/lute/project/momcozy-lab/app/test/features/auth/auth_design_test.dart: email entry and registration at 320.0 / 1.0
00:11 +478: /Users/lute/project/momcozy-lab/app/test/features/agent_hub/artifacts/agent_motion_assessment_card_test.dart: motion assessment card emits only its dedicated route action
00:11 +479: /Users/lute/project/momcozy-lab/app/test/native/media_pdf_design_test.dart: native PDF preview, scroll and zoom 430.0 / 2.0
00:11 +480: /Users/lute/project/momcozy-lab/app/test/native/media_pdf_design_test.dart: native PDF preview, scroll and zoom 430.0 / 2.0
00:11 +481: /Users/lute/project/momcozy-lab/app/test/native/media_pdf_design_test.dart: native PDF preview, scroll and zoom 430.0 / 2.0
PdfViewer: Loaded page 2 of 2 in 13 ms
00:11 +482: /Users/lute/project/momcozy-lab/app/test/native/media_pdf_design_test.dart: native PDF preview, scroll and zoom 430.0 / 2.0
00:12 +483: /Users/lute/project/momcozy-lab/app/test/native/media_pdf_design_test.dart: native PDF preview, scroll and zoom 430.0 / 2.0
00:12 +484: /Users/lute/project/momcozy-lab/app/test/features/auth/auth_design_test.dart: email entry and registration at 320.0 / 2.0
00:12 +485: /Users/lute/project/momcozy-lab/app/test/features/auth/auth_design_test.dart: email entry and registration at 320.0 / 2.0
00:12 +486: /Users/lute/project/momcozy-lab/app/test/features/auth/auth_design_test.dart: email entry and registration at 320.0 / 2.0
00:12 +487: /Users/lute/project/momcozy-lab/app/test/features/auth/auth_design_test.dart: email entry and registration at 320.0 / 2.0
00:12 +488: /Users/lute/project/momcozy-lab/app/test/features/auth/auth_design_test.dart: email entry and registration at 320.0 / 2.0
00:12 +489: /Users/lute/project/momcozy-lab/app/test/features/auth/auth_design_test.dart: email entry and registration at 320.0 / 2.0
00:12 +490: /Users/lute/project/momcozy-lab/app/test/features/auth/auth_design_test.dart: email entry and registration at 320.0 / 2.0
00:12 +491: /Users/lute/project/momcozy-lab/app/test/features/auth/auth_design_test.dart: email entry and registration at 320.0 / 2.0
00:12 +492: /Users/lute/project/momcozy-lab/app/test/features/auth/auth_design_test.dart: email entry and registration at 320.0 / 2.0
00:12 +493: /Users/lute/project/momcozy-lab/app/test/features/auth/auth_design_test.dart: email entry and registration at 320.0 / 2.0
00:12 +494: /Users/lute/project/momcozy-lab/app/test/features/auth/auth_design_test.dart: email entry and registration at 320.0 / 2.0
00:12 +495: /Users/lute/project/momcozy-lab/app/test/features/auth/auth_design_test.dart: email entry and registration at 320.0 / 2.0
00:12 +496: /Users/lute/project/momcozy-lab/app/test/features/agent_hub/artifacts/agent_card_export_test.dart: supported cards fit the 360.0 px viewport without exports
00:12 +497: /Users/lute/project/momcozy-lab/app/test/features/agent_hub/artifacts/agent_card_export_test.dart: supported cards fit the 360.0 px viewport without exports
00:12 +498: /Users/lute/project/momcozy-lab/app/test/features/agent_hub/artifacts/agent_card_export_test.dart: supported cards fit the 360.0 px viewport without exports
00:12 +499: /Users/lute/project/momcozy-lab/app/test/features/agent_hub/artifacts/agent_card_export_test.dart: supported cards fit the 360.0 px viewport without exports
00:12 +500: /Users/lute/project/momcozy-lab/app/test/features/agent_hub/artifacts/agent_card_export_test.dart: supported cards fit the 360.0 px viewport without exports
00:12 +501: /Users/lute/project/momcozy-lab/app/test/features/agent_hub/artifacts/agent_card_export_test.dart: supported cards fit the 360.0 px viewport without exports
00:12 +502: /Users/lute/project/momcozy-lab/app/test/features/agent_hub/agent_history_design_test.dart: history states 320.0/1.0
00:12 +503: /Users/lute/project/momcozy-lab/app/test/features/agent_hub/agent_history_design_test.dart: history states 320.0/1.0
00:12 +504: /Users/lute/project/momcozy-lab/app/test/features/agent_hub/agent_history_design_test.dart: history states 320.0/1.0
00:12 +505: /Users/lute/project/momcozy-lab/app/test/features/agent_hub/agent_history_design_test.dart: history states 320.0/1.0
00:12 +506: /Users/lute/project/momcozy-lab/app/test/features/agent_hub/agent_history_design_test.dart: history states 320.0/1.0
00:12 +507: /Users/lute/project/momcozy-lab/app/test/features/agent_hub/agent_history_design_test.dart: history states 320.0/1.0
00:12 +508: /Users/lute/project/momcozy-lab/app/test/features/agent_hub/agent_history_design_test.dart: history states 320.0/1.0
00:12 +509: /Users/lute/project/momcozy-lab/app/test/features/agent_hub/agent_history_design_test.dart: history states 320.0/1.0
00:12 +510: /Users/lute/project/momcozy-lab/app/test/features/agent_hub/agent_history_design_test.dart: history states 320.0/1.0
00:13 +511: /Users/lute/project/momcozy-lab/app/test/features/agent_hub/agent_history_design_test.dart: history states 320.0/1.0
00:13 +512: /Users/lute/project/momcozy-lab/app/test/features/agent_hub/agent_history_design_test.dart: history states 320.0/1.0
00:13 +513: /Users/lute/project/momcozy-lab/app/test/features/agent_hub/agent_history_design_test.dart: history states 320.0/1.0
00:13 +514: /Users/lute/project/momcozy-lab/app/test/features/agent_hub/agent_history_design_test.dart: history states 320.0/1.0
00:13 +515: /Users/lute/project/momcozy-lab/app/test/features/agent_hub/agent_result_design_test.dart: result cards 320.0/1.0
00:13 +516: /Users/lute/project/momcozy-lab/app/test/features/agent_hub/agent_result_design_test.dart: result cards 320.0/1.0
00:13 +517: /Users/lute/project/momcozy-lab/app/test/features/agent_hub/agent_result_design_test.dart: result cards 320.0/1.0
00:13 +518: /Users/lute/project/momcozy-lab/app/test/features/agent_hub/agent_result_design_test.dart: result cards 320.0/1.0
00:13 +519: /Users/lute/project/momcozy-lab/app/test/features/agent_hub/agent_result_design_test.dart: result cards 320.0/1.0
00:13 +520: /Users/lute/project/momcozy-lab/app/test/features/agent_hub/agent_result_design_test.dart: result cards 320.0/1.0
00:13 +521: /Users/lute/project/momcozy-lab/app/test/features/agent_hub/agent_result_design_test.dart: result cards 320.0/1.0
00:13 +522: /Users/lute/project/momcozy-lab/app/test/features/agent_hub/agent_history_design_test.dart: history states 320.0/2.0
00:13 +523: /Users/lute/project/momcozy-lab/app/test/features/agent_hub/agent_history_design_test.dart: history states 320.0/2.0
00:13 +524: /Users/lute/project/momcozy-lab/app/test/features/agent_hub/agent_history_design_test.dart: history states 320.0/2.0
00:13 +525: /Users/lute/project/momcozy-lab/app/test/features/agent_hub/agent_message_menu_design_test.dart: message menu 320.0/1.0
00:13 +526: /Users/lute/project/momcozy-lab/app/test/features/agent_hub/agent_message_menu_design_test.dart: message menu 320.0/1.0
00:13 +527: /Users/lute/project/momcozy-lab/app/test/features/agent_hub/agent_message_menu_design_test.dart: message menu 320.0/1.0
00:13 +528: /Users/lute/project/momcozy-lab/app/test/features/agent_hub/agent_message_menu_design_test.dart: message menu 320.0/1.0
00:13 +529: /Users/lute/project/momcozy-lab/app/test/features/agent_hub/agent_message_menu_design_test.dart: message menu 320.0/1.0
00:13 +530: /Users/lute/project/momcozy-lab/app/test/features/agent_hub/agent_message_menu_design_test.dart: message menu 320.0/1.0
00:13 +531: /Users/lute/project/momcozy-lab/app/test/features/agent_hub/agent_message_menu_design_test.dart: message menu 320.0/1.0
00:13 +532: /Users/lute/project/momcozy-lab/app/test/features/agent_hub/agent_message_menu_design_test.dart: message menu 320.0/1.0
00:14 +533: /Users/lute/project/momcozy-lab/app/test/features/agent_hub/agent_message_menu_design_test.dart: message menu 320.0/1.0
00:14 +534: /Users/lute/project/momcozy-lab/app/test/features/agent_hub/agent_message_menu_design_test.dart: message menu 320.0/1.0
00:14 +535: /Users/lute/project/momcozy-lab/app/test/features/agent_hub/agent_message_menu_design_test.dart: message menu 320.0/1.0
00:14 +536: /Users/lute/project/momcozy-lab/app/test/features/agent_hub/agent_message_menu_design_test.dart: message menu 320.0/1.0
00:14 +537: /Users/lute/project/momcozy-lab/app/test/features/agent_hub/agent_message_menu_design_test.dart: message menu 320.0/1.0
00:14 +538: /Users/lute/project/momcozy-lab/app/test/features/agent_hub/agent_markdown_design_test.dart: markdown reading 320.0/1.0
00:14 +539: /Users/lute/project/momcozy-lab/app/test/features/agent_hub/agent_markdown_design_test.dart: markdown reading 320.0/1.0
00:14 +540: /Users/lute/project/momcozy-lab/app/test/features/agent_hub/agent_image_previews_test.dart: image read failure local-with-remote recovers using authenticated original
00:14 +541: /Users/lute/project/momcozy-lab/app/test/features/agent_hub/agent_image_previews_test.dart: image read failure local-with-remote recovers using authenticated original
00:14 +542: /Users/lute/project/momcozy-lab/app/test/features/agent_hub/agent_history_design_test.dart: history states 390.0/2.0
00:14 +543: /Users/lute/project/momcozy-lab/app/test/features/agent_hub/agent_history_design_test.dart: history states 390.0/2.0
00:14 +544: /Users/lute/project/momcozy-lab/app/test/features/agent_hub/agent_history_design_test.dart: history states 390.0/2.0
00:14 +545: /Users/lute/project/momcozy-lab/app/test/features/agent_hub/agent_history_design_test.dart: history states 390.0/2.0
00:14 +546: /Users/lute/project/momcozy-lab/app/test/features/agent_hub/agent_history_design_test.dart: history states 390.0/2.0
00:14 +547: /Users/lute/project/momcozy-lab/app/test/features/agent_hub/agent_history_design_test.dart: history states 390.0/2.0
00:14 +548: /Users/lute/project/momcozy-lab/app/test/features/agent_hub/agent_history_design_test.dart: history states 390.0/2.0
00:14 +549: /Users/lute/project/momcozy-lab/app/test/features/agent_hub/agent_history_design_test.dart: history states 390.0/2.0
00:14 +550: /Users/lute/project/momcozy-lab/app/test/features/agent_hub/agent_history_design_test.dart: history states 390.0/2.0
00:14 +551: /Users/lute/project/momcozy-lab/app/test/features/agent_hub/agent_me_design_test.dart: Agent transcript at 390.0
00:14 +552: /Users/lute/project/momcozy-lab/app/test/features/agent_hub/agent_markdown_design_test.dart: markdown reading 390.0/1.0
00:14 +553: /Users/lute/project/momcozy-lab/app/test/features/agent_hub/agent_markdown_design_test.dart: markdown reading 390.0/1.0
00:14 +554: /Users/lute/project/momcozy-lab/app/test/features/agent_hub/agent_result_design_test.dart: result cards 430.0/1.0
00:14 +555: /Users/lute/project/momcozy-lab/app/test/features/agent_hub/agent_result_design_test.dart: result cards 430.0/1.0
00:14 +556: /Users/lute/project/momcozy-lab/app/test/features/agent_hub/agent_result_design_test.dart: result cards 430.0/1.0
00:14 +557: /Users/lute/project/momcozy-lab/app/test/features/agent_hub/agent_result_design_test.dart: result cards 430.0/1.0
00:14 +558: /Users/lute/project/momcozy-lab/app/test/features/agent_hub/agent_history_design_test.dart: history states 430.0/1.0
00:14 +559: /Users/lute/project/momcozy-lab/app/test/features/agent_hub/agent_history_design_test.dart: history states 430.0/1.0
00:14 +560: /Users/lute/project/momcozy-lab/app/test/features/agent_hub/agent_history_design_test.dart: history states 430.0/1.0
00:14 +561: /Users/lute/project/momcozy-lab/app/test/features/agent_hub/agent_history_design_test.dart: history states 430.0/1.0
00:14 +562: /Users/lute/project/momcozy-lab/app/test/features/agent_hub/agent_history_design_test.dart: history states 430.0/1.0
00:14 +563: /Users/lute/project/momcozy-lab/app/test/features/agent_hub/agent_message_menu_design_test.dart: message menu 390.0/2.0
00:14 +564: /Users/lute/project/momcozy-lab/app/test/features/agent_hub/agent_result_design_test.dart: result cards 430.0/2.0
00:14 +565: /Users/lute/project/momcozy-lab/app/test/features/agent_hub/agent_result_design_test.dart: result cards 430.0/2.0
00:14 +566: /Users/lute/project/momcozy-lab/app/test/features/agent_hub/agent_markdown_design_test.dart: markdown reading 430.0/1.0
00:14 +567: /Users/lute/project/momcozy-lab/app/test/features/agent_hub/agent_history_design_test.dart: history states 430.0/2.0
00:14 +568: /Users/lute/project/momcozy-lab/app/test/features/agent_hub/agent_history_design_test.dart: history states 430.0/2.0
00:14 +569: /Users/lute/project/momcozy-lab/app/test/features/agent_hub/agent_history_design_test.dart: history states 430.0/2.0
00:14 +570: /Users/lute/project/momcozy-lab/app/test/features/agent_hub/agent_history_design_test.dart: history states 430.0/2.0
00:14 +571: /Users/lute/project/momcozy-lab/app/test/features/agent_hub/agent_history_design_test.dart: history states 430.0/2.0
00:15 +572: /Users/lute/project/momcozy-lab/app/test/features/agent_hub/agent_form_design_test.dart: form state rejects duplicate and completed submissions
00:15 +573: /Users/lute/project/momcozy-lab/app/test/features/agent_hub/agent_form_design_test.dart: form state rejects duplicate and completed submissions
00:15 +574: /Users/lute/project/momcozy-lab/app/test/features/agent_hub/agent_form_design_test.dart: form states 320.0/1.0
00:15 +575: /Users/lute/project/momcozy-lab/app/test/features/agent_hub/agent_form_design_test.dart: form states 320.0/1.0
00:15 +576: /Users/lute/project/momcozy-lab/app/test/features/agent_hub/agent_form_design_test.dart: form states 320.0/1.0
00:15 +577: /Users/lute/project/momcozy-lab/app/test/features/agent_hub/agent_form_design_test.dart: form states 320.0/1.0
00:15 +578: /Users/lute/project/momcozy-lab/app/test/features/agent_hub/agent_form_design_test.dart: form states 320.0/1.0
00:15 +579: /Users/lute/project/momcozy-lab/app/test/features/agent_hub/agent_form_design_test.dart: form states 320.0/1.0
00:15 +580: /Users/lute/project/momcozy-lab/app/test/features/agent_hub/agent_form_design_test.dart: form states 320.0/1.0
00:15 +581: /Users/lute/project/momcozy-lab/app/test/features/agent_hub/agent_form_design_test.dart: form states 320.0/1.0
00:15 +582: /Users/lute/project/momcozy-lab/app/test/features/agent_hub/agent_form_design_test.dart: form states 320.0/1.0
00:15 +583: /Users/lute/project/momcozy-lab/app/test/features/agent_hub/agent_form_design_test.dart: form states 320.0/1.0
00:15 +584: /Users/lute/project/momcozy-lab/app/test/features/agent_hub/agent_form_design_test.dart: form states 320.0/1.0
00:15 +585: /Users/lute/project/momcozy-lab/app/test/features/agent_hub/agent_form_design_test.dart: form states 320.0/1.0
00:15 +586: /Users/lute/project/momcozy-lab/app/test/features/agent_hub/agent_form_design_test.dart: form states 320.0/1.0
00:15 +587: /Users/lute/project/momcozy-lab/app/test/features/agent_hub/agent_form_design_test.dart: form states 320.0/1.0
00:15 +588: /Users/lute/project/momcozy-lab/app/test/features/agent_hub/agent_form_design_test.dart: form states 320.0/1.0
00:15 +589: /Users/lute/project/momcozy-lab/app/test/features/agent_hub/agent_form_design_test.dart: form states 320.0/1.0
00:15 +590: /Users/lute/project/momcozy-lab/app/test/features/agent_hub/agent_form_design_test.dart: form states 320.0/1.0
00:15 +591: /Users/lute/project/momcozy-lab/app/test/features/agent_hub/agent_form_design_test.dart: form states 320.0/1.0
00:15 +592: /Users/lute/project/momcozy-lab/app/test/features/agent_hub/agent_form_design_test.dart: form states 320.0/1.0
00:15 +593: /Users/lute/project/momcozy-lab/app/test/features/agent_hub/agent_form_design_test.dart: form states 320.0/1.0
00:15 +594: /Users/lute/project/momcozy-lab/app/test/features/agent_hub/agent_form_design_test.dart: form states 320.0/1.0
00:15 +595: /Users/lute/project/momcozy-lab/app/test/features/agent_hub/agent_form_design_test.dart: form states 320.0/1.0
00:15 +596: /Users/lute/project/momcozy-lab/app/test/features/agent_hub/agent_form_design_test.dart: form states 320.0/1.0
00:15 +597: /Users/lute/project/momcozy-lab/app/test/features/agent_hub/agent_form_design_test.dart: form states 320.0/1.0
00:15 +598: /Users/lute/project/momcozy-lab/app/test/features/agent_hub/agent_form_design_test.dart: form states 320.0/1.0
00:15 +599: /Users/lute/project/momcozy-lab/app/test/features/agent_hub/agent_form_design_test.dart: form states 320.0/1.0
00:15 +600: /Users/lute/project/momcozy-lab/app/test/features/agent_hub/agent_form_design_test.dart: form states 320.0/1.0
00:15 +601: /Users/lute/project/momcozy-lab/app/test/features/agent_hub/agent_form_design_test.dart: form states 320.0/1.0
00:16 +602: /Users/lute/project/momcozy-lab/app/test/features/agent_hub/agent_image_design_test.dart: image metadata, empty response, retry and zoom 320.0/1.0
00:16 +603: /Users/lute/project/momcozy-lab/app/test/features/agent_hub/agent_image_design_test.dart: image metadata, empty response, retry and zoom 320.0/1.0
00:16 +604: /Users/lute/project/momcozy-lab/app/test/features/agent_hub/agent_image_design_test.dart: image metadata, empty response, retry and zoom 320.0/1.0
00:16 +605: /Users/lute/project/momcozy-lab/app/test/features/agent_hub/agent_image_design_test.dart: image metadata, empty response, retry and zoom 320.0/1.0
00:16 +606: /Users/lute/project/momcozy-lab/app/test/features/agent_hub/agent_image_design_test.dart: image metadata, empty response, retry and zoom 320.0/1.0
00:16 +607: /Users/lute/project/momcozy-lab/app/test/features/agent_hub/agent_image_design_test.dart: image metadata, empty response, retry and zoom 320.0/1.0
00:16 +608: /Users/lute/project/momcozy-lab/app/test/features/agent_hub/agent_image_design_test.dart: image metadata, empty response, retry and zoom 320.0/1.0
00:16 +609: /Users/lute/project/momcozy-lab/app/test/features/agent_hub/agent_image_design_test.dart: image metadata, empty response, retry and zoom 320.0/1.0
00:16 +610: /Users/lute/project/momcozy-lab/app/test/features/agent_hub/agent_image_design_test.dart: image metadata, empty response, retry and zoom 320.0/1.0
00:16 +611: /Users/lute/project/momcozy-lab/app/test/features/agent_hub/agent_image_design_test.dart: image metadata, empty response, retry and zoom 320.0/1.0
00:16 +612: /Users/lute/project/momcozy-lab/app/test/features/agent_hub/agent_image_design_test.dart: image metadata, empty response, retry and zoom 320.0/1.0
00:16 +613: /Users/lute/project/momcozy-lab/app/test/features/agent_hub/agent_image_design_test.dart: image metadata, empty response, retry and zoom 320.0/1.0
00:16 +614: /Users/lute/project/momcozy-lab/app/test/features/agent_hub/agent_image_design_test.dart: image metadata, empty response, retry and zoom 320.0/1.0
00:16 +615: /Users/lute/project/momcozy-lab/app/test/features/agent_hub/agent_image_design_test.dart: image metadata, empty response, retry and zoom 320.0/1.0
00:16 +616: /Users/lute/project/momcozy-lab/app/test/features/agent_hub/agent_image_design_test.dart: image metadata, empty response, retry and zoom 320.0/1.0
00:16 +617: /Users/lute/project/momcozy-lab/app/test/features/agent_hub/agent_image_design_test.dart: image metadata, empty response, retry and zoom 320.0/1.0
00:16 +618: /Users/lute/project/momcozy-lab/app/test/features/agent_hub/agent_image_design_test.dart: image metadata, empty response, retry and zoom 320.0/1.0
00:16 +619: /Users/lute/project/momcozy-lab/app/test/features/agent_hub/agent_voice_design_test.dart: voice states 320.0/1.0
00:16 +620: /Users/lute/project/momcozy-lab/app/test/features/agent_hub/agent_voice_design_test.dart: voice states 320.0/1.0
00:16 +621: /Users/lute/project/momcozy-lab/app/test/features/agent_hub/agent_voice_design_test.dart: voice states 320.0/1.0
00:16 +622: /Users/lute/project/momcozy-lab/app/test/features/agent_hub/agent_voice_design_test.dart: voice states 320.0/1.0
00:16 +623: /Users/lute/project/momcozy-lab/app/test/features/agent_hub/agent_voice_design_test.dart: voice states 320.0/1.0
00:16 +624: /Users/lute/project/momcozy-lab/app/test/features/agent_hub/agent_voice_design_test.dart: voice states 320.0/1.0
00:16 +625: /Users/lute/project/momcozy-lab/app/test/features/agent_hub/agent_voice_design_test.dart: voice states 320.0/1.0
00:16 +626: /Users/lute/project/momcozy-lab/app/test/features/agent_hub/agent_voice_design_test.dart: voice states 320.0/1.0
00:16 +627: /Users/lute/project/momcozy-lab/app/test/features/agent_hub/agent_voice_design_test.dart: voice states 320.0/1.0
00:16 +628: /Users/lute/project/momcozy-lab/app/test/features/agent_hub/agent_voice_design_test.dart: voice states 320.0/1.0
00:16 +629: /Users/lute/project/momcozy-lab/app/test/features/agent_hub/agent_voice_design_test.dart: voice states 320.0/1.0
00:16 +630: /Users/lute/project/momcozy-lab/app/test/features/agent_hub/agent_voice_design_test.dart: voice states 320.0/1.0
00:16 +631: /Users/lute/project/momcozy-lab/app/test/features/agent_hub/agent_voice_design_test.dart: voice states 320.0/1.0
00:16 +632: /Users/lute/project/momcozy-lab/app/test/features/agent_hub/agent_voice_design_test.dart: voice states 320.0/1.0
00:16 +633: /Users/lute/project/momcozy-lab/app/test/features/agent_hub/agent_voice_design_test.dart: voice states 320.0/1.0
00:16 +634: /Users/lute/project/momcozy-lab/app/test/features/agent_hub/agent_voice_design_test.dart: voice states 320.0/1.0
00:16 +635: /Users/lute/project/momcozy-lab/app/test/features/agent_hub/agent_voice_design_test.dart: voice states 320.0/1.0
00:16 +636: /Users/lute/project/momcozy-lab/app/test/features/agent_hub/agent_voice_design_test.dart: voice states 320.0/1.0
00:16 +637: /Users/lute/project/momcozy-lab/app/test/features/agent_hub/agent_voice_design_test.dart: voice states 320.0/1.0
00:16 +638: /Users/lute/project/momcozy-lab/app/test/features/agent_hub/agent_voice_design_test.dart: voice states 320.0/1.0
00:16 +639: /Users/lute/project/momcozy-lab/app/test/features/agent_hub/agent_voice_design_test.dart: voice states 320.0/1.0
00:16 +640: /Users/lute/project/momcozy-lab/app/test/features/agent_hub/agent_voice_design_test.dart: voice states 320.0/1.0
00:16 +641: /Users/lute/project/momcozy-lab/app/test/features/agent_hub/agent_voice_design_test.dart: voice states 320.0/1.0
00:16 +642: /Users/lute/project/momcozy-lab/app/test/features/agent_hub/agent_voice_design_test.dart: voice states 320.0/1.0
00:16 +643: /Users/lute/project/momcozy-lab/app/test/features/agent_hub/agent_voice_design_test.dart: voice states 320.0/1.0
00:16 +644: /Users/lute/project/momcozy-lab/app/test/features/agent_hub/agent_voice_design_test.dart: voice states 320.0/1.0
00:16 +645: /Users/lute/project/momcozy-lab/app/test/features/agent_hub/agent_conversation_design_test.dart: conversation recovery 320.0/1.0
00:16 +646: /Users/lute/project/momcozy-lab/app/test/features/agent_hub/agent_conversation_design_test.dart: conversation recovery 320.0/1.0
00:17 +647: /Users/lute/project/momcozy-lab/app/test/features/agent_hub/agent_conversation_design_test.dart: conversation recovery 320.0/1.0
00:17 +648: /Users/lute/project/momcozy-lab/app/test/features/agent_hub/agent_conversation_design_test.dart: conversation recovery 320.0/1.0
00:17 +649: /Users/lute/project/momcozy-lab/app/test/features/agent_hub/agent_conversation_design_test.dart: conversation recovery 320.0/1.0
00:17 +650: /Users/lute/project/momcozy-lab/app/test/features/agent_hub/agent_conversation_design_test.dart: conversation recovery 320.0/1.0
00:17 +651: /Users/lute/project/momcozy-lab/app/test/features/agent_hub/agent_conversation_design_test.dart: conversation recovery 320.0/1.0
00:17 +652: /Users/lute/project/momcozy-lab/app/test/features/agent_hub/agent_conversation_design_test.dart: conversation recovery 320.0/1.0
00:17 +653: /Users/lute/project/momcozy-lab/app/test/features/agent_hub/agent_conversation_design_test.dart: conversation recovery 320.0/1.0
00:17 +654: /Users/lute/project/momcozy-lab/app/test/features/agent_hub/agent_conversation_design_test.dart: conversation recovery 320.0/1.0
00:17 +655: /Users/lute/project/momcozy-lab/app/test/features/agent_hub/agent_conversation_design_test.dart: conversation recovery 320.0/1.0
00:17 +656: /Users/lute/project/momcozy-lab/app/test/features/agent_hub/agent_conversation_design_test.dart: conversation recovery 320.0/1.0
00:17 +657: /Users/lute/project/momcozy-lab/app/test/features/agent_hub/agent_conversation_design_test.dart: conversation recovery 320.0/1.0
00:17 +658: /Users/lute/project/momcozy-lab/app/test/features/agent_hub/agent_conversation_design_test.dart: conversation recovery 320.0/1.0
00:17 +659: /Users/lute/project/momcozy-lab/app/test/features/agent_hub/agent_conversation_design_test.dart: conversation recovery 320.0/1.0
00:17 +660: /Users/lute/project/momcozy-lab/app/test/features/agent_hub/agent_conversation_design_test.dart: conversation recovery 320.0/1.0
00:17 +661: /Users/lute/project/momcozy-lab/app/test/features/agent_hub/agent_conversation_design_test.dart: conversation recovery 320.0/1.0
00:17 +662: /Users/lute/project/momcozy-lab/app/test/features/agent_hub/agent_conversation_design_test.dart: conversation recovery 320.0/1.0
00:17 +663: /Users/lute/project/momcozy-lab/app/test/features/agent_hub/agent_conversation_design_test.dart: conversation recovery 320.0/1.0
00:17 +664: /Users/lute/project/momcozy-lab/app/test/features/agent_hub/agent_conversation_design_test.dart: conversation recovery 320.0/1.0
00:17 +665: /Users/lute/project/momcozy-lab/app/test/features/agent_hub/agent_conversation_design_test.dart: conversation recovery 320.0/1.0
00:17 +666: /Users/lute/project/momcozy-lab/app/test/features/agent_hub/agent_conversation_design_test.dart: conversation recovery 320.0/1.0
00:17 +667: /Users/lute/project/momcozy-lab/app/test/features/agent_hub/agent_form_design_test.dart: form states 390.0/2.0
00:17 +668: /Users/lute/project/momcozy-lab/app/test/features/agent_hub/agent_form_design_test.dart: form states 390.0/2.0
00:17 +669: /Users/lute/project/momcozy-lab/app/test/features/agent_hub/agent_form_design_test.dart: form states 390.0/2.0
00:17 +670: /Users/lute/project/momcozy-lab/app/test/features/agent_hub/agent_form_design_test.dart: form states 390.0/2.0
00:17 +671: /Users/lute/project/momcozy-lab/app/test/features/agent_hub/agent_form_design_test.dart: form states 390.0/2.0
00:17 +672: /Users/lute/project/momcozy-lab/app/test/features/agent_hub/agent_voice_design_test.dart: voice states 390.0/1.0
00:17 +673: /Users/lute/project/momcozy-lab/app/test/features/agent_hub/agent_message_menu_test.dart: history message copies its own complete text
00:17 +674: /Users/lute/project/momcozy-lab/app/test/features/agent_hub/agent_message_menu_test.dart: history message copies its own complete text
00:18 +675: /Users/lute/project/momcozy-lab/app/test/features/agent_hub/agent_conversation_design_test.dart: conversation recovery 320.0/2.0
00:18 +676: /Users/lute/project/momcozy-lab/app/test/features/agent_hub/agent_conversation_design_test.dart: conversation recovery 320.0/2.0
00:18 +677: /Users/lute/project/momcozy-lab/app/test/features/agent_hub/agent_conversation_design_test.dart: conversation recovery 320.0/2.0
00:18 +678: /Users/lute/project/momcozy-lab/app/test/features/agent_hub/agent_conversation_design_test.dart: conversation recovery 320.0/2.0
00:18 +679: /Users/lute/project/momcozy-lab/app/test/features/agent_hub/agent_conversation_design_test.dart: conversation recovery 320.0/2.0
00:18 +680: /Users/lute/project/momcozy-lab/app/test/features/agent_hub/agent_conversation_design_test.dart: conversation recovery 320.0/2.0
00:18 +681: /Users/lute/project/momcozy-lab/app/test/features/agent_hub/agent_conversation_design_test.dart: conversation recovery 320.0/2.0
00:18 +682: /Users/lute/project/momcozy-lab/app/test/features/agent_hub/agent_conversation_design_test.dart: conversation recovery 320.0/2.0
00:18 +683: /Users/lute/project/momcozy-lab/app/test/features/agent_hub/agent_conversation_design_test.dart: conversation recovery 320.0/2.0
00:18 +684: /Users/lute/project/momcozy-lab/app/test/features/agent_hub/agent_conversation_design_test.dart: conversation recovery 320.0/2.0
00:18 +685: /Users/lute/project/momcozy-lab/app/test/features/agent_hub/agent_conversation_design_test.dart: conversation recovery 320.0/2.0
00:18 +686: /Users/lute/project/momcozy-lab/app/test/features/agent_hub/agent_conversation_design_test.dart: conversation recovery 320.0/2.0
00:18 +687: /Users/lute/project/momcozy-lab/app/test/features/agent_hub/agent_conversation_design_test.dart: conversation recovery 320.0/2.0
00:18 +688: /Users/lute/project/momcozy-lab/app/test/features/agent_hub/agent_conversation_design_test.dart: conversation recovery 320.0/2.0
00:18 +689: /Users/lute/project/momcozy-lab/app/test/features/agent_hub/agent_conversation_design_test.dart: conversation recovery 320.0/2.0
00:18 +690: /Users/lute/project/momcozy-lab/app/test/features/agent_hub/agent_conversation_design_test.dart: conversation recovery 320.0/2.0
00:18 +691: /Users/lute/project/momcozy-lab/app/test/features/agent_hub/agent_attachment_design_test.dart: attachment layout and draft actions 320.0/1.0
00:18 +692: /Users/lute/project/momcozy-lab/app/test/features/agent_hub/agent_attachment_design_test.dart: attachment layout and draft actions 320.0/1.0
00:18 +693: /Users/lute/project/momcozy-lab/app/test/features/agent_hub/agent_attachment_design_test.dart: attachment layout and draft actions 320.0/1.0
00:18 +694: /Users/lute/project/momcozy-lab/app/test/features/agent_hub/agent_attachment_design_test.dart: attachment layout and draft actions 320.0/1.0
00:18 +695: /Users/lute/project/momcozy-lab/app/test/features/agent_hub/agent_attachment_design_test.dart: attachment layout and draft actions 320.0/1.0
00:18 +696: /Users/lute/project/momcozy-lab/app/test/features/agent_hub/agent_attachment_design_test.dart: attachment layout and draft actions 320.0/1.0
00:18 +697: /Users/lute/project/momcozy-lab/app/test/features/agent_hub/agent_attachment_design_test.dart: attachment layout and draft actions 320.0/1.0
00:18 +698: /Users/lute/project/momcozy-lab/app/test/features/agent_hub/agent_attachment_design_test.dart: attachment layout and draft actions 320.0/1.0
00:18 +699: /Users/lute/project/momcozy-lab/app/test/features/agent_hub/agent_attachment_design_test.dart: attachment layout and draft actions 320.0/1.0
00:18 +700: /Users/lute/project/momcozy-lab/app/test/features/agent_hub/agent_attachment_design_test.dart: attachment layout and draft actions 320.0/1.0
00:18 +701: /Users/lute/project/momcozy-lab/app/test/features/agent_hub/agent_attachment_design_test.dart: attachment layout and draft actions 320.0/1.0
00:18 +702: /Users/lute/project/momcozy-lab/app/test/features/agent_hub/agent_attachment_design_test.dart: attachment layout and draft actions 320.0/1.0
00:18 +703: /Users/lute/project/momcozy-lab/app/test/features/agent_hub/agent_attachment_design_test.dart: attachment layout and draft actions 320.0/1.0
00:18 +704: /Users/lute/project/momcozy-lab/app/test/features/agent_hub/agent_attachment_design_test.dart: attachment layout and draft actions 320.0/1.0
00:18 +705: /Users/lute/project/momcozy-lab/app/test/features/agent_hub/agent_attachment_design_test.dart: attachment layout and draft actions 320.0/1.0
00:18 +706: /Users/lute/project/momcozy-lab/app/test/features/agent_hub/agent_attachment_design_test.dart: attachment layout and draft actions 320.0/1.0
00:18 +707: /Users/lute/project/momcozy-lab/app/test/features/agent_hub/agent_attachment_design_test.dart: attachment layout and draft actions 320.0/1.0
00:18 +708: /Users/lute/project/momcozy-lab/app/test/features/agent_hub/agent_attachment_design_test.dart: attachment layout and draft actions 320.0/1.0
00:18 +709: /Users/lute/project/momcozy-lab/app/test/features/agent_hub/agent_attachment_design_test.dart: attachment layout and draft actions 320.0/1.0
00:19 +710: /Users/lute/project/momcozy-lab/app/test/features/agent_hub/agent_attachment_design_test.dart: attachment layout and draft actions 320.0/1.0
00:19 +711: /Users/lute/project/momcozy-lab/app/test/features/agent_hub/agent_attachment_design_test.dart: attachment layout and draft actions 320.0/1.0
00:19 +712: /Users/lute/project/momcozy-lab/app/test/features/agent_hub/agent_attachment_design_test.dart: attachment layout and draft actions 320.0/1.0
00:19 +713: /Users/lute/project/momcozy-lab/app/test/features/agent_hub/agent_attachment_design_test.dart: attachment layout and draft actions 320.0/1.0
00:19 +714: /Users/lute/project/momcozy-lab/app/test/features/agent_hub/agent_conversation_panel_test.dart: current conversation closes while switching is locked
00:19 +715: /Users/lute/project/momcozy-lab/app/test/features/agent_hub/agent_conversation_panel_test.dart: current conversation closes while switching is locked
00:19 +716: /Users/lute/project/momcozy-lab/app/test/features/agent_hub/agent_conversation_panel_test.dart: current conversation closes while switching is locked
00:19 +717: /Users/lute/project/momcozy-lab/app/test/features/agent_hub/agent_conversation_panel_test.dart: current conversation closes while switching is locked
00:19 +718: /Users/lute/project/momcozy-lab/app/test/features/agent_hub/agent_conversation_panel_test.dart: current conversation closes while switching is locked
00:19 +719: /Users/lute/project/momcozy-lab/app/test/features/agent_hub/agent_conversation_panel_test.dart: current conversation closes while switching is locked
00:19 +720: /Users/lute/project/momcozy-lab/app/test/features/agent_hub/agent_conversation_panel_test.dart: current conversation closes while switching is locked
00:19 +721: /Users/lute/project/momcozy-lab/app/test/features/agent_hub/agent_conversation_design_test.dart: conversation recovery 390.0/2.0
00:19 +722: /Users/lute/project/momcozy-lab/app/test/features/agent_hub/agent_conversation_design_test.dart: conversation recovery 390.0/2.0
00:19 +723: /Users/lute/project/momcozy-lab/app/test/features/agent_hub/agent_conversation_design_test.dart: conversation recovery 390.0/2.0
00:19 +724: /Users/lute/project/momcozy-lab/app/test/features/agent_hub/agent_conversation_design_test.dart: conversation recovery 390.0/2.0
00:19 +725: /Users/lute/project/momcozy-lab/app/test/features/agent_hub/agent_conversation_design_test.dart: conversation recovery 390.0/2.0
00:19 +726: /Users/lute/project/momcozy-lab/app/test/features/agent_hub/agent_conversation_design_test.dart: conversation recovery 390.0/2.0
00:19 +727: /Users/lute/project/momcozy-lab/app/test/features/agent_hub/agent_conversation_design_test.dart: conversation recovery 390.0/2.0
00:19 +728: /Users/lute/project/momcozy-lab/app/test/features/agent_hub/agent_conversation_design_test.dart: conversation recovery 390.0/2.0
00:19 +729: /Users/lute/project/momcozy-lab/app/test/features/agent_hub/agent_conversation_design_test.dart: conversation recovery 390.0/2.0
00:19 +730: /Users/lute/project/momcozy-lab/app/test/features/agent_hub/agent_conversation_design_test.dart: conversation recovery 390.0/2.0
00:19 +731: /Users/lute/project/momcozy-lab/app/test/features/agent_hub/agent_conversation_design_test.dart: conversation recovery 390.0/2.0
00:19 +732: /Users/lute/project/momcozy-lab/app/test/features/agent_hub/agent_conversation_design_test.dart: conversation recovery 390.0/2.0
00:19 +733: /Users/lute/project/momcozy-lab/app/test/features/agent_hub/agent_conversation_design_test.dart: conversation recovery 390.0/2.0
00:19 +734: /Users/lute/project/momcozy-lab/app/test/features/agent_hub/agent_conversation_design_test.dart: conversation recovery 390.0/2.0
00:19 +735: /Users/lute/project/momcozy-lab/app/test/features/agent_hub/agent_conversation_design_test.dart: conversation recovery 390.0/2.0
00:19 +736: /Users/lute/project/momcozy-lab/app/test/features/agent_hub/agent_conversation_design_test.dart: conversation recovery 390.0/2.0
00:19 +737: /Users/lute/project/momcozy-lab/app/test/features/agent_hub/agent_conversation_design_test.dart: conversation recovery 390.0/2.0
00:19 +738: /Users/lute/project/momcozy-lab/app/test/features/agent_hub/agent_conversation_design_test.dart: conversation recovery 390.0/2.0
00:19 +739: /Users/lute/project/momcozy-lab/app/test/features/agent_hub/agent_conversation_design_test.dart: conversation recovery 390.0/2.0
00:19 +740: /Users/lute/project/momcozy-lab/app/test/features/agent_hub/agent_conversation_design_test.dart: conversation recovery 390.0/2.0
00:19 +741: /Users/lute/project/momcozy-lab/app/test/features/notifications/notifications_page_test.dart: shows the real inbox and supports read and archive actions
00:19 +742: /Users/lute/project/momcozy-lab/app/test/features/notifications/notifications_page_test.dart: shows the real inbox and supports read and archive actions
00:19 +743: /Users/lute/project/momcozy-lab/app/test/features/notifications/notifications_page_test.dart: shows the real inbox and supports read and archive actions
00:20 +744: /Users/lute/project/momcozy-lab/app/test/features/notifications/notifications_page_test.dart: shows the real inbox and supports read and archive actions
00:20 +745: /Users/lute/project/momcozy-lab/app/test/features/agent_hub/agent_attachment_design_test.dart: attachment layout and draft actions 390.0/2.0
00:20 +746: /Users/lute/project/momcozy-lab/app/test/features/agent_hub/agent_attachment_design_test.dart: attachment layout and draft actions 390.0/2.0
00:20 +747: /Users/lute/project/momcozy-lab/app/test/features/agent_hub/agent_attachment_design_test.dart: attachment layout and draft actions 390.0/2.0
00:20 +748: /Users/lute/project/momcozy-lab/app/test/features/agent_hub/agent_conversation_design_test.dart: conversation recovery 430.0/1.0
00:20 +749: /Users/lute/project/momcozy-lab/app/test/features/agent_hub/agent_conversation_design_test.dart: conversation recovery 430.0/1.0
00:20 +750: /Users/lute/project/momcozy-lab/app/test/features/agent_hub/agent_conversation_design_test.dart: conversation recovery 430.0/1.0
00:20 +751: /Users/lute/project/momcozy-lab/app/test/features/agent_hub/agent_conversation_design_test.dart: conversation recovery 430.0/1.0
00:20 +752: /Users/lute/project/momcozy-lab/app/test/features/agent_hub/agent_conversation_design_test.dart: conversation recovery 430.0/1.0
00:20 +753: /Users/lute/project/momcozy-lab/app/test/features/agent_hub/agent_conversation_design_test.dart: conversation recovery 430.0/1.0
00:20 +754: /Users/lute/project/momcozy-lab/app/test/features/agent_hub/agent_conversation_design_test.dart: conversation recovery 430.0/1.0
00:20 +755: /Users/lute/project/momcozy-lab/app/test/features/agent_hub/agent_conversation_design_test.dart: conversation recovery 430.0/1.0
00:20 +756: /Users/lute/project/momcozy-lab/app/test/features/agent_hub/agent_conversation_design_test.dart: conversation recovery 430.0/1.0
00:20 +757: /Users/lute/project/momcozy-lab/app/test/features/agent_hub/agent_conversation_design_test.dart: conversation recovery 430.0/1.0
00:20 +758: /Users/lute/project/momcozy-lab/app/test/features/agent_hub/agent_conversation_design_test.dart: conversation recovery 430.0/1.0
00:20 +759: /Users/lute/project/momcozy-lab/app/test/features/agent_hub/agent_conversation_design_test.dart: conversation recovery 430.0/1.0
00:20 +760: /Users/lute/project/momcozy-lab/app/test/features/agent_hub/agent_conversation_design_test.dart: conversation recovery 430.0/1.0
00:20 +761: /Users/lute/project/momcozy-lab/app/test/features/agent_hub/agent_conversation_design_test.dart: conversation recovery 430.0/1.0
00:20 +762: /Users/lute/project/momcozy-lab/app/test/features/agent_hub/agent_conversation_design_test.dart: conversation recovery 430.0/1.0
00:20 +763: /Users/lute/project/momcozy-lab/app/test/features/agent_hub/agent_conversation_design_test.dart: conversation recovery 430.0/1.0
00:20 +764: /Users/lute/project/momcozy-lab/app/test/features/agent_hub/agent_conversation_design_test.dart: conversation recovery 430.0/1.0
00:20 +765: /Users/lute/project/momcozy-lab/app/test/features/agent_hub/agent_conversation_design_test.dart: conversation recovery 430.0/1.0
00:20 +766: /Users/lute/project/momcozy-lab/app/test/features/agent_hub/agent_conversation_design_test.dart: conversation recovery 430.0/1.0
00:20 +767: /Users/lute/project/momcozy-lab/app/test/features/agent_hub/agent_conversation_design_test.dart: conversation recovery 430.0/1.0
00:20 +768: /Users/lute/project/momcozy-lab/app/test/features/agent_hub/agent_conversation_design_test.dart: conversation recovery 430.0/1.0
00:20 +769: /Users/lute/project/momcozy-lab/app/test/features/agent_hub/agent_conversation_design_test.dart: conversation recovery 430.0/1.0
00:20 +770: /Users/lute/project/momcozy-lab/app/test/features/agent_hub/agent_attachment_design_test.dart: attachment layout and draft actions 430.0/2.0
00:20 +771: /Users/lute/project/momcozy-lab/app/test/features/agent_hub/agent_attachment_design_test.dart: attachment layout and draft actions 430.0/2.0
00:20 +772: /Users/lute/project/momcozy-lab/app/test/features/agent_hub/agent_attachment_design_test.dart: attachment layout and draft actions 430.0/2.0
00:20 +773: /Users/lute/project/momcozy-lab/app/test/features/agent_hub/agent_conversation_design_test.dart: conversation recovery 430.0/2.0
00:20 +774: /Users/lute/project/momcozy-lab/app/test/features/agent_hub/agent_conversation_design_test.dart: conversation recovery 430.0/2.0
00:20 +775: /Users/lute/project/momcozy-lab/app/test/features/agent_hub/agent_conversation_design_test.dart: conversation recovery 430.0/2.0
00:20 +776: /Users/lute/project/momcozy-lab/app/test/features/agent_hub/agent_conversation_design_test.dart: conversation recovery 430.0/2.0
00:21 +777: /Users/lute/project/momcozy-lab/app/test/features/agent_hub/agent_conversation_design_test.dart: conversation recovery 430.0/2.0
00:21 +778: /Users/lute/project/momcozy-lab/app/test/features/agent_hub/agent_hub_page_test.dart: Agent Hub sends image-only request with legacy prompt
00:21 +779: /Users/lute/project/momcozy-lab/app/test/features/notifications/notifications_api_repository_test.dart: NotificationsApiRepository registration uses the actual OpenAPI field names and never selects an owner
00:21 +780: /Users/lute/project/momcozy-lab/app/test/features/agent_hub/agent_hub_page_test.dart: Agent Hub applies initial composer prefill
00:21 +781: /Users/lute/project/momcozy-lab/app/test/features/agent_hub/agent_hub_page_test.dart: Agent Hub applies initial composer prefill
00:21 +782: /Users/lute/project/momcozy-lab/app/test/features/notifications/notifications_api_repository_test.dart: NotificationsApiRepository maps the owner inbox and preserves the public query contract
00:21 +783: /Users/lute/project/momcozy-lab/app/test/features/agent_hub/agent_hub_page_test.dart: Agent Hub can auto-send an initial composer prefill once
00:21 +784: /Users/lute/project/momcozy-lab/app/test/features/agent_hub/agent_hub_page_test.dart: Agent Hub can auto-send an initial composer prefill once
00:21 +785: /Users/lute/project/momcozy-lab/app/test/features/agent_hub/agent_hub_page_test.dart: Agent Hub can auto-send an initial composer prefill once
00:21 +786: /Users/lute/project/momcozy-lab/app/test/features/notifications/firebase_push_messaging_test.dart: iOS waits for asynchronous APNs registration before requesting FCM
00:21 +787: /Users/lute/project/momcozy-lab/app/test/features/notifications/firebase_push_messaging_test.dart: iOS waits for asynchronous APNs registration before requesting FCM
00:21 +788: /Users/lute/project/momcozy-lab/app/test/features/notifications/firebase_push_messaging_test.dart: iOS waits for asynchronous APNs registration before requesting FCM
00:21 +789: /Users/lute/project/momcozy-lab/app/test/features/notifications/firebase_push_messaging_test.dart: iOS waits for asynchronous APNs registration before requesting FCM
00:21 +790: /Users/lute/project/momcozy-lab/app/test/features/notifications/firebase_push_messaging_test.dart: iOS waits for asynchronous APNs registration before requesting FCM
00:21 +791: /Users/lute/project/momcozy-lab/app/test/features/notifications/firebase_push_messaging_test.dart: iOS waits for asynchronous APNs registration before requesting FCM
00:21 +792: /Users/lute/project/momcozy-lab/app/test/features/notifications/firebase_push_messaging_test.dart: iOS waits for asynchronous APNs registration before requesting FCM
00:21 +793: /Users/lute/project/momcozy-lab/app/test/features/notifications/firebase_push_messaging_test.dart: iOS waits for asynchronous APNs registration before requesting FCM
00:21 +794: /Users/lute/project/momcozy-lab/app/test/features/notifications/firebase_push_messaging_test.dart: iOS waits for asynchronous APNs registration before requesting FCM
00:21 +795: /Users/lute/project/momcozy-lab/app/test/features/notifications/firebase_push_messaging_test.dart: iOS waits for asynchronous APNs registration before requesting FCM
00:21 +796: /Users/lute/project/momcozy-lab/app/test/features/notifications/firebase_push_messaging_test.dart: iOS waits for asynchronous APNs registration before requesting FCM
00:21 +797: /Users/lute/project/momcozy-lab/app/test/features/notifications/firebase_push_messaging_test.dart: iOS waits for asynchronous APNs registration before requesting FCM
00:21 +798: /Users/lute/project/momcozy-lab/app/test/features/notifications/firebase_push_messaging_test.dart: iOS waits for asynchronous APNs registration before requesting FCM
00:21 +799: /Users/lute/project/momcozy-lab/app/test/features/notifications/notification_widgets_test.dart: first reminder uses education and denial leaves it off
00:21 +800: /Users/lute/project/momcozy-lab/app/test/features/notifications/notification_widgets_test.dart: first reminder uses education and denial leaves it off
00:21 +801: /Users/lute/project/momcozy-lab/app/test/features/notifications/notification_design_test.dart: inbox and retained-content error at 320.0 / 1.0
00:21 +802: /Users/lute/project/momcozy-lab/app/test/features/notifications/notification_design_test.dart: inbox and retained-content error at 320.0 / 1.0
00:21 +803: /Users/lute/project/momcozy-lab/app/test/features/notifications/notification_design_test.dart: inbox and retained-content error at 320.0 / 1.0
00:21 +804: /Users/lute/project/momcozy-lab/app/test/features/notifications/notification_design_test.dart: inbox and retained-content error at 320.0 / 1.0
00:21 +805: /Users/lute/project/momcozy-lab/app/test/features/notifications/notification_design_test.dart: inbox and retained-content error at 320.0 / 1.0
00:21 +806: /Users/lute/project/momcozy-lab/app/test/features/notifications/notification_design_test.dart: inbox and retained-content error at 320.0 / 1.0
00:21 +807: /Users/lute/project/momcozy-lab/app/test/features/notifications/notification_design_test.dart: inbox and retained-content error at 320.0 / 1.0
00:21 +808: /Users/lute/project/momcozy-lab/app/test/features/notifications/notification_design_test.dart: inbox and retained-content error at 320.0 / 1.0
00:21 +809: /Users/lute/project/momcozy-lab/app/test/features/notifications/firebase_push_messaging_test.dart: missing APNs stays pending and a later retry can acquire the token
00:21 +810: /Users/lute/project/momcozy-lab/app/test/features/notifications/firebase_push_messaging_test.dart: missing APNs stays pending and a later retry can acquire the token
00:21 +811: /Users/lute/project/momcozy-lab/app/test/features/notifications/firebase_push_messaging_test.dart: missing APNs stays pending and a later retry can acquire the token
00:21 +812: /Users/lute/project/momcozy-lab/app/test/features/notifications/firebase_push_messaging_test.dart: missing APNs stays pending and a later retry can acquire the token
00:21 +813: /Users/lute/project/momcozy-lab/app/test/features/notifications/firebase_push_messaging_test.dart: missing APNs stays pending and a later retry can acquire the token
00:21 +814: /Users/lute/project/momcozy-lab/app/test/features/notifications/firebase_push_messaging_test.dart: missing APNs stays pending and a later retry can acquire the token
00:21 +815: /Users/lute/project/momcozy-lab/app/test/features/notifications/firebase_push_messaging_test.dart: missing APNs stays pending and a later retry can acquire the token
00:21 +816: /Users/lute/project/momcozy-lab/app/test/features/notifications/firebase_push_messaging_test.dart: missing APNs stays pending and a later retry can acquire the token
00:21 +817: /Users/lute/project/momcozy-lab/app/test/features/notifications/firebase_push_messaging_test.dart: missing APNs stays pending and a later retry can acquire the token
00:21 +818: /Users/lute/project/momcozy-lab/app/test/features/notifications/firebase_push_messaging_test.dart: missing APNs stays pending and a later retry can acquire the token
00:21 +819: /Users/lute/project/momcozy-lab/app/test/features/notifications/firebase_push_messaging_test.dart: missing APNs stays pending and a later retry can acquire the token
00:21 +820: /Users/lute/project/momcozy-lab/app/test/features/notifications/firebase_push_messaging_test.dart: missing APNs stays pending and a later retry can acquire the token
00:21 +821: /Users/lute/project/momcozy-lab/app/test/features/notifications/firebase_push_messaging_test.dart: missing APNs stays pending and a later retry can acquire the token
00:21 +822: /Users/lute/project/momcozy-lab/app/test/features/notifications/firebase_push_messaging_test.dart: missing APNs stays pending and a later retry can acquire the token
00:21 +823: /Users/lute/project/momcozy-lab/app/test/features/notifications/firebase_push_messaging_test.dart: missing APNs stays pending and a later retry can acquire the token
00:21 +824: /Users/lute/project/momcozy-lab/app/test/features/notifications/firebase_push_messaging_test.dart: missing APNs stays pending and a later retry can acquire the token
00:22 +825: /Users/lute/project/momcozy-lab/app/test/features/notifications/firebase_push_messaging_test.dart: missing APNs stays pending and a later retry can acquire the token
00:22 +826: /Users/lute/project/momcozy-lab/app/test/features/notifications/firebase_push_messaging_test.dart: missing APNs stays pending and a later retry can acquire the token
00:22 +827: /Users/lute/project/momcozy-lab/app/test/features/notifications/firebase_push_messaging_test.dart: missing APNs stays pending and a later retry can acquire the token
00:22 +828: /Users/lute/project/momcozy-lab/app/test/features/notifications/firebase_push_messaging_test.dart: missing APNs stays pending and a later retry can acquire the token
00:22 +829: /Users/lute/project/momcozy-lab/app/test/features/notifications/firebase_push_messaging_test.dart: missing APNs stays pending and a later retry can acquire the token
00:22 +830: /Users/lute/project/momcozy-lab/app/test/features/notifications/firebase_push_messaging_test.dart: missing APNs stays pending and a later retry can acquire the token
00:22 +831: /Users/lute/project/momcozy-lab/app/test/features/notifications/firebase_push_messaging_test.dart: missing APNs stays pending and a later retry can acquire the token
00:22 +832: /Users/lute/project/momcozy-lab/app/test/features/notifications/firebase_push_messaging_test.dart: missing APNs stays pending and a later retry can acquire the token
00:22 +833: /Users/lute/project/momcozy-lab/app/test/features/notifications/firebase_push_messaging_test.dart: missing APNs stays pending and a later retry can acquire the token
00:22 +834: /Users/lute/project/momcozy-lab/app/test/features/notifications/firebase_push_messaging_test.dart: missing APNs stays pending and a later retry can acquire the token
00:22 +835: /Users/lute/project/momcozy-lab/app/test/features/notifications/firebase_push_messaging_test.dart: missing APNs stays pending and a later retry can acquire the token
00:22 +836: /Users/lute/project/momcozy-lab/app/test/features/notifications/firebase_push_messaging_test.dart: missing APNs stays pending and a later retry can acquire the token
00:22 +837: /Users/lute/project/momcozy-lab/app/test/features/notifications/firebase_push_messaging_test.dart: missing APNs stays pending and a later retry can acquire the token
00:22 +838: /Users/lute/project/momcozy-lab/app/test/features/notifications/firebase_push_messaging_test.dart: missing APNs stays pending and a later retry can acquire the token
00:22 +839: /Users/lute/project/momcozy-lab/app/test/features/notifications/firebase_push_messaging_test.dart: missing APNs stays pending and a later retry can acquire the token
00:22 +840: /Users/lute/project/momcozy-lab/app/test/features/notifications/firebase_push_messaging_test.dart: missing APNs stays pending and a later retry can acquire the token
00:22 +841: /Users/lute/project/momcozy-lab/app/test/features/notifications/firebase_push_messaging_test.dart: missing APNs stays pending and a later retry can acquire the token
00:22 +842: /Users/lute/project/momcozy-lab/app/test/features/notifications/firebase_push_messaging_test.dart: missing APNs stays pending and a later retry can acquire the token
00:22 +843: /Users/lute/project/momcozy-lab/app/test/features/notifications/firebase_push_messaging_test.dart: missing APNs stays pending and a later retry can acquire the token
00:22 +844: /Users/lute/project/momcozy-lab/app/test/features/notifications/firebase_push_messaging_test.dart: missing APNs stays pending and a later retry can acquire the token
00:22 +845: /Users/lute/project/momcozy-lab/app/test/features/notifications/firebase_push_messaging_test.dart: missing APNs stays pending and a later retry can acquire the token
00:22 +846: /Users/lute/project/momcozy-lab/app/test/features/notifications/firebase_push_messaging_test.dart: missing APNs stays pending and a later retry can acquire the token
00:22 +847: /Users/lute/project/momcozy-lab/app/test/features/notifications/firebase_push_messaging_test.dart: missing APNs stays pending and a later retry can acquire the token
00:22 +848: /Users/lute/project/momcozy-lab/app/test/features/notifications/firebase_push_messaging_test.dart: missing APNs stays pending and a later retry can acquire the token
00:22 +849: /Users/lute/project/momcozy-lab/app/test/features/notifications/firebase_push_messaging_test.dart: missing APNs stays pending and a later retry can acquire the token
00:22 +850: /Users/lute/project/momcozy-lab/app/test/features/notifications/firebase_push_messaging_test.dart: missing APNs stays pending and a later retry can acquire the token
00:22 +851: /Users/lute/project/momcozy-lab/app/test/features/notifications/firebase_push_messaging_test.dart: missing APNs stays pending and a later retry can acquire the token
00:23 +852: /Users/lute/project/momcozy-lab/app/test/features/notifications/firebase_push_messaging_test.dart: missing APNs stays pending and a later retry can acquire the token
00:23 +853: /Users/lute/project/momcozy-lab/app/test/features/notifications/firebase_push_messaging_test.dart: missing APNs stays pending and a later retry can acquire the token
00:23 +854: /Users/lute/project/momcozy-lab/app/test/features/notifications/firebase_push_messaging_test.dart: missing APNs stays pending and a later retry can acquire the token
00:23 +855: /Users/lute/project/momcozy-lab/app/test/features/notifications/firebase_push_messaging_test.dart: missing APNs stays pending and a later retry can acquire the token
00:23 +856: /Users/lute/project/momcozy-lab/app/test/features/notifications/firebase_push_messaging_test.dart: missing APNs stays pending and a later retry can acquire the token
00:23 +857: /Users/lute/project/momcozy-lab/app/test/features/notifications/firebase_push_messaging_test.dart: missing APNs stays pending and a later retry can acquire the token
00:23 +858: /Users/lute/project/momcozy-lab/app/test/features/notifications/firebase_push_messaging_test.dart: missing APNs stays pending and a later retry can acquire the token
00:23 +859: /Users/lute/project/momcozy-lab/app/test/features/notifications/firebase_push_messaging_test.dart: missing APNs stays pending and a later retry can acquire the token
00:23 +860: /Users/lute/project/momcozy-lab/app/test/features/notifications/firebase_push_messaging_test.dart: missing APNs stays pending and a later retry can acquire the token
00:23 +861: /Users/lute/project/momcozy-lab/app/test/features/notifications/firebase_push_messaging_test.dart: missing APNs stays pending and a later retry can acquire the token
00:23 +862: /Users/lute/project/momcozy-lab/app/test/features/notifications/firebase_push_messaging_test.dart: missing APNs stays pending and a later retry can acquire the token
00:23 +863: /Users/lute/project/momcozy-lab/app/test/features/notifications/firebase_push_messaging_test.dart: missing APNs stays pending and a later retry can acquire the token
00:23 +864: /Users/lute/project/momcozy-lab/app/test/features/notifications/firebase_push_messaging_test.dart: missing APNs stays pending and a later retry can acquire the token
00:23 +865: /Users/lute/project/momcozy-lab/app/test/features/notifications/firebase_push_messaging_test.dart: missing APNs stays pending and a later retry can acquire the token
00:23 +866: /Users/lute/project/momcozy-lab/app/test/features/notifications/firebase_push_messaging_test.dart: missing APNs stays pending and a later retry can acquire the token
00:23 +867: /Users/lute/project/momcozy-lab/app/test/features/notifications/firebase_push_messaging_test.dart: missing APNs stays pending and a later retry can acquire the token
00:23 +868: /Users/lute/project/momcozy-lab/app/test/features/notifications/firebase_push_messaging_test.dart: missing APNs stays pending and a later retry can acquire the token
00:23 +869: /Users/lute/project/momcozy-lab/app/test/features/notifications/firebase_push_messaging_test.dart: missing APNs stays pending and a later retry can acquire the token
00:23 +870: /Users/lute/project/momcozy-lab/app/test/features/notifications/firebase_push_messaging_test.dart: missing APNs stays pending and a later retry can acquire the token
00:23 +871: /Users/lute/project/momcozy-lab/app/test/features/notifications/firebase_push_messaging_test.dart: missing APNs stays pending and a later retry can acquire the token
00:23 +872: /Users/lute/project/momcozy-lab/app/test/features/notifications/firebase_push_messaging_test.dart: missing APNs stays pending and a later retry can acquire the token
00:23 +873: /Users/lute/project/momcozy-lab/app/test/features/notifications/firebase_push_messaging_test.dart: missing APNs stays pending and a later retry can acquire the token
00:23 +874: /Users/lute/project/momcozy-lab/app/test/features/notifications/firebase_push_messaging_test.dart: missing APNs stays pending and a later retry can acquire the token
00:23 +875: /Users/lute/project/momcozy-lab/app/test/features/notifications/firebase_push_messaging_test.dart: missing APNs stays pending and a later retry can acquire the token
00:23 +876: /Users/lute/project/momcozy-lab/app/test/features/notifications/firebase_push_messaging_test.dart: missing APNs stays pending and a later retry can acquire the token
00:23 +877: /Users/lute/project/momcozy-lab/app/test/features/onboarding/onboarding_design_test.dart: onboarding profile forms at 320.0 / 1.0
00:23 +878: /Users/lute/project/momcozy-lab/app/test/features/onboarding/onboarding_design_test.dart: onboarding profile forms at 320.0 / 1.0
00:23 +879: /Users/lute/project/momcozy-lab/app/test/features/onboarding/onboarding_design_test.dart: onboarding profile forms at 320.0 / 1.0
00:23 +880: /Users/lute/project/momcozy-lab/app/test/features/onboarding/onboarding_design_test.dart: onboarding profile forms at 320.0 / 1.0
00:23 +881: /Users/lute/project/momcozy-lab/app/test/features/onboarding/onboarding_design_test.dart: onboarding profile forms at 320.0 / 1.0
00:23 +882: /Users/lute/project/momcozy-lab/app/test/features/onboarding/onboarding_design_test.dart: onboarding profile forms at 320.0 / 1.0
00:23 +883: /Users/lute/project/momcozy-lab/app/test/features/onboarding/onboarding_design_test.dart: onboarding profile forms at 320.0 / 1.0
00:23 +884: /Users/lute/project/momcozy-lab/app/test/features/onboarding/onboarding_design_test.dart: onboarding profile forms at 320.0 / 1.0
00:23 +885: /Users/lute/project/momcozy-lab/app/test/features/onboarding/onboarding_design_test.dart: onboarding profile forms at 320.0 / 1.0
00:23 +886: /Users/lute/project/momcozy-lab/app/test/features/onboarding/onboarding_design_test.dart: onboarding profile forms at 320.0 / 1.0
00:23 +887: /Users/lute/project/momcozy-lab/app/test/features/agent_hub/agent_hub_page_test.dart: Agent Hub submits a support ticket without a second confirmation
00:23 +888: /Users/lute/project/momcozy-lab/app/test/features/onboarding/onboarding_reading_test.dart: onboarding reading 430.0/2.0
00:23 +889: /Users/lute/project/momcozy-lab/app/test/features/onboarding/onboarding_reading_test.dart: onboarding reading 430.0/2.0
00:23 +890: /Users/lute/project/momcozy-lab/app/test/features/onboarding/onboarding_reading_test.dart: onboarding reading 430.0/2.0
00:24 +891: /Users/lute/project/momcozy-lab/app/test/features/onboarding/onboarding_reading_test.dart: onboarding reading 430.0/2.0
00:24 +892: /Users/lute/project/momcozy-lab/app/test/features/onboarding/onboarding_design_test.dart: avatar task banners at 320.0 / 1.0
00:24 +893: /Users/lute/project/momcozy-lab/app/test/features/onboarding/onboarding_design_test.dart: avatar task banners at 320.0 / 1.0
00:24 +894: /Users/lute/project/momcozy-lab/app/test/features/onboarding/onboarding_design_test.dart: avatar task banners at 320.0 / 1.0
00:24 +895: /Users/lute/project/momcozy-lab/app/test/features/onboarding/onboarding_design_test.dart: avatar task banners at 320.0 / 1.0
00:24 +896: /Users/lute/project/momcozy-lab/app/test/features/onboarding/onboarding_design_test.dart: avatar task banners at 320.0 / 1.0
00:24 +897: /Users/lute/project/momcozy-lab/app/test/features/media/product_asset_video_player_test.dart: reduced motion opens fullscreen fully without elapsed animation
00:24 +898: /Users/lute/project/momcozy-lab/app/test/features/media/product_asset_video_player_test.dart: reduced motion opens fullscreen fully without elapsed animation
00:24 +899: /Users/lute/project/momcozy-lab/app/test/features/media/product_asset_video_player_test.dart: reduced motion opens fullscreen fully without elapsed animation
00:24 +900: /Users/lute/project/momcozy-lab/app/test/features/media/product_asset_video_player_test.dart: reduced motion opens fullscreen fully without elapsed animation
00:24 +901: /Users/lute/project/momcozy-lab/app/test/features/media/product_asset_video_player_test.dart: reduced motion opens fullscreen fully without elapsed animation
00:24 +902: /Users/lute/project/momcozy-lab/app/test/features/media/product_asset_video_player_test.dart: reduced motion opens fullscreen fully without elapsed animation
00:24 +903: /Users/lute/project/momcozy-lab/app/test/features/media/product_asset_video_player_test.dart: reduced motion opens fullscreen fully without elapsed animation
00:24 +904: /Users/lute/project/momcozy-lab/app/test/features/media/product_asset_video_player_test.dart: reduced motion opens fullscreen fully without elapsed animation
00:24 +905: /Users/lute/project/momcozy-lab/app/test/features/media/product_asset_video_player_test.dart: reduced motion opens fullscreen fully without elapsed animation
00:24 +906: /Users/lute/project/momcozy-lab/app/test/features/media/product_asset_video_player_test.dart: reduced motion opens fullscreen fully without elapsed animation
00:24 +907: /Users/lute/project/momcozy-lab/app/test/features/media/product_asset_video_player_test.dart: reduced motion opens fullscreen fully without elapsed animation
00:24 +908: /Users/lute/project/momcozy-lab/app/test/features/media/product_asset_video_player_test.dart: reduced motion opens fullscreen fully without elapsed animation
00:24 +909: /Users/lute/project/momcozy-lab/app/test/features/media/product_asset_video_player_test.dart: reduced motion opens fullscreen fully without elapsed animation
00:24 +910: /Users/lute/project/momcozy-lab/app/test/features/media/product_asset_video_player_test.dart: reduced motion opens fullscreen fully without elapsed animation
00:24 +911: /Users/lute/project/momcozy-lab/app/test/features/media/product_asset_video_player_test.dart: reduced motion opens fullscreen fully without elapsed animation
00:24 +912: /Users/lute/project/momcozy-lab/app/test/features/media/product_asset_video_player_test.dart: reduced motion opens fullscreen fully without elapsed animation
00:24 +913: /Users/lute/project/momcozy-lab/app/test/features/media/product_asset_video_player_test.dart: reduced motion opens fullscreen fully without elapsed animation
00:24 +914: /Users/lute/project/momcozy-lab/app/test/features/media/product_asset_video_player_test.dart: reduced motion opens fullscreen fully without elapsed animation
00:24 +915: /Users/lute/project/momcozy-lab/app/test/features/media/product_asset_video_player_test.dart: reduced motion opens fullscreen fully without elapsed animation
00:24 +916: /Users/lute/project/momcozy-lab/app/test/features/media/product_asset_video_player_test.dart: reduced motion opens fullscreen fully without elapsed animation
00:24 +917: /Users/lute/project/momcozy-lab/app/test/features/media/product_asset_video_player_test.dart: reduced motion opens fullscreen fully without elapsed animation
00:24 +918: /Users/lute/project/momcozy-lab/app/test/features/media/product_asset_video_player_test.dart: reduced motion opens fullscreen fully without elapsed animation
00:24 +919: /Users/lute/project/momcozy-lab/app/test/features/onboarding/onboarding_capability_gate_test.dart: default app startup bypasses the unsupported onboarding gate
00:24 +920: /Users/lute/project/momcozy-lab/app/test/features/onboarding/onboarding_capability_gate_test.dart: default app startup bypasses the unsupported onboarding gate
00:24 +921: /Users/lute/project/momcozy-lab/app/test/features/onboarding/onboarding_capability_gate_test.dart: default app startup bypasses the unsupported onboarding gate
00:24 +922: /Users/lute/project/momcozy-lab/app/test/features/onboarding/onboarding_capability_gate_test.dart: default app startup bypasses the unsupported onboarding gate
00:24 +923: /Users/lute/project/momcozy-lab/app/test/features/onboarding/onboarding_capability_gate_test.dart: default app startup bypasses the unsupported onboarding gate
00:24 +924: /Users/lute/project/momcozy-lab/app/test/features/onboarding/onboarding_capability_gate_test.dart: default app startup bypasses the unsupported onboarding gate
00:24 +925: /Users/lute/project/momcozy-lab/app/test/features/onboarding/onboarding_capability_gate_test.dart: default app startup bypasses the unsupported onboarding gate
00:24 +926: /Users/lute/project/momcozy-lab/app/test/features/onboarding/onboarding_capability_gate_test.dart: default app startup bypasses the unsupported onboarding gate
00:24 +927: /Users/lute/project/momcozy-lab/app/test/features/onboarding/onboarding_capability_gate_test.dart: default app startup bypasses the unsupported onboarding gate
00:24 +928: /Users/lute/project/momcozy-lab/app/test/features/onboarding/onboarding_capability_gate_test.dart: default app startup bypasses the unsupported onboarding gate
00:24 +929: /Users/lute/project/momcozy-lab/app/test/features/onboarding/onboarding_capability_gate_test.dart: default app startup bypasses the unsupported onboarding gate
00:24 +930: /Users/lute/project/momcozy-lab/app/test/features/onboarding/onboarding_capability_gate_test.dart: default app startup bypasses the unsupported onboarding gate
00:24 +931: /Users/lute/project/momcozy-lab/app/test/features/onboarding/onboarding_capability_gate_test.dart: default app startup bypasses the unsupported onboarding gate
00:24 +932: /Users/lute/project/momcozy-lab/app/test/features/onboarding/onboarding_capability_gate_test.dart: default app startup bypasses the unsupported onboarding gate
00:24 +933: /Users/lute/project/momcozy-lab/app/test/features/onboarding/onboarding_capability_gate_test.dart: default app startup bypasses the unsupported onboarding gate
00:24 +934: /Users/lute/project/momcozy-lab/app/test/features/onboarding/onboarding_capability_gate_test.dart: default app startup bypasses the unsupported onboarding gate
00:24 +934: /Users/lute/project/momcozy-lab/app/test/features/agent_hub/agent_hub_page_test.dart: Agent Hub degrades retired skill assets without network or viewer actions

Warning: A call to tap() with finder "Found 1 widget with key [<'agent-artifact-action-retired-media-0'>]: [
  FilledButton-[<'agent-artifact-action-retired-media-0'>](style: ButtonStyle#cc2ce(textStyle: WidgetStatePropertyAll(TextStyle(inherit: true, family: Manrope, size: 13.0, weight: 600)), backgroundColor: WidgetStateMapper<Color?>({WidgetState.disabled: null, WidgetState.any: Color(alpha: 1.0000, red: 0.9412, green: 0.9059, blue: 0.9804, colorSpace: ColorSpace.sRGB)}), foregroundColor: WidgetStateMapper<Color?>({WidgetState.disabled: null, WidgetState.any: Color(alpha: 1.0000, red: 0.4745, green: 0.2627, blue: 0.7098, colorSpace: ColorSpace.sRGB)}), overlayColor: WidgetStateMapper<Color?>({WidgetState.pressed: Color(alpha: 0.1020, red: 0.4745, green: 0.2627, blue: 0.7098, colorSpace: ColorSpace.sRGB), WidgetState.hovered: Color(alpha: 0.0784, red: 0.4745, green: 0.2627, blue: 0.7098, colorSpace: ColorSpace.sRGB), WidgetState.focused: Color(alpha: 0.1020, red: 0.4745, green: 0.2627, blue: 0.7098, colorSpace: ColorSpace.sRGB)}), padding: WidgetStatePropertyAll(EdgeInsets(12.0, 10.0, 12.0, 10.0)), minimumSize: WidgetStatePropertyAll(Size(0.0, 44.0)), shape: WidgetStatePropertyAll(RoundedRectangleBorder(BorderSide(width: 0.0, style: none), BorderRadius.circular(12.0))), mouseCursor: WidgetStateMapper<MouseCursor?>({WidgetState.disabled: null, WidgetState.any: null})), dependencies: [IconTheme, InheritedCupertinoTheme, MediaQuery, _InheritedTheme, _LocalizationsScope-[GlobalKey#40036]], state: _ButtonStyleState#9c317),
]" derived an Offset (Offset(425.0, 523.0)) that would not hit test on the specified widget.
Maybe the widget is actually off-screen, or another widget is obscuring it, or the widget cannot receive pointer events.
The finder corresponds to this RenderBox: RenderSemanticsAnnotations#e4411 relayoutBoundary=up10
The hit test result at that offset is: HitTestResult(RenderDecoratedBox#9afce@Offset(425.0, 523.0), RenderDecoratedBox#eb1f8@Offset(425.0, 523.0), RenderDecoratedBox#fd5c6@Offset(425.0, 523.0), RenderStack#c5f8d@Offset(425.0, 523.0), _RenderColoredBox#c7fca@Offset(425.0, 523.0), _RenderLayoutBuilder#b5fee@Offset(425.0, 523.0), RenderPadding#dad7d@Offset(425.0, 523.0), RenderCustomMultiChildLayoutBox#06ffe@Offset(425.0, 523.0), _RenderInkFeatures#c28d9@Offset(425.0, 523.0), RenderPhysicalModel#48c26@Offset(425.0, 523.0), RenderSemanticsAnnotations#d3f7b@Offset(425.0, 523.0), RenderRepaintBoundary#34dd0@Offset(425.0, 523.0), RenderIgnorePointer#bbe20@Offset(425.0, 523.0), RenderAnimatedOpacity#17d07@Offset(425.0, 523.0), RenderAnimatedOpacity#99c89@Offset(425.0, 523.0), _RenderColoredBox#8726c@Offset(425.0, 523.0), RenderAnimatedOpacity#f7293@Offset(425.0, 523.0), RenderIgnorePointer#b3e73@Offset(425.0, 523.0), RenderAnimatedOpacity#d1054@Offset(425.0, 523.0), RenderRepaintBoundary#db415@Offset(425.0, 523.0), RenderSemanticsAnnotations#31f90@Offset(425.0, 523.0), RenderOffstage#de109@Offset(425.0, 523.0), RenderSemanticsAnnotations#def5b@Offset(425.0, 523.0), _RenderTheater#a4e59@Offset(425.0, 523.0), RenderAbsorbPointer#f0bc8@Offset(425.0, 523.0), RenderPointerListener#71b5a@Offset(425.0, 523.0), RenderSemanticsAnnotations#42efb@Offset(425.0, 523.0), RenderSemanticsAnnotations#c2aec@Offset(425.0, 523.0), RenderSemanticsAnnotations#e5c11@Offset(425.0, 523.0), RenderSemanticsAnnotations#a5348@Offset(425.0, 523.0), RenderTapRegionSurface#72f8e@Offset(425.0, 523.0), RenderSemanticsAnnotations#14868@Offset(425.0, 523.0), RenderSemanticsAnnotations#a1f8d@Offset(425.0, 523.0), HitTestEntry<HitTestTarget>#5a4f4(_ReusableRenderView#17955), HitTestEntry<HitTestTarget>#0ea6f(<AutomatedTestWidgetsFlutterBinding>))
#0      WidgetController._getElementPoint (package:flutter_test/src/controller.dart:2165:25)
#1      WidgetController.getCenter (package:flutter_test/src/controller.dart:1947:12)
#2      WidgetController.tap (package:flutter_test/src/controller.dart:1080:7)
#3      main.<anonymous closure> (file:///Users/lute/project/momcozy-lab/app/test/features/agent_hub/agent_hub_page_test.dart:6896:20)
<asynchronous suspension>
#4      testWidgets.<anonymous closure>.<anonymous closure> (package:flutter_test/src/widget_tester.dart:192:15)
<asynchronous suspension>
#5      TestWidgetsFlutterBinding._runTestBody (package:flutter_test/src/binding.dart:1952:5)
<asynchronous suspension>
#6      StackZoneSpecification._registerCallback.<anonymous closure> (package:stack_trace/src/stack_zone_specification.dart:114:42)
<asynchronous suspension>
To silence this warning, pass "warnIfMissed: false" to "tap()".
To make this warning fatal, set WidgetController.hitTestWarningShouldBeFatal to true.

00:24 +935: /Users/lute/project/momcozy-lab/app/test/features/onboarding/onboarding_capability_gate_test.dart: default app startup bypasses the unsupported onboarding gate
00:24 +936: /Users/lute/project/momcozy-lab/app/test/features/onboarding/onboarding_capability_gate_test.dart: default app startup bypasses the unsupported onboarding gate
00:24 +937: /Users/lute/project/momcozy-lab/app/test/features/onboarding/onboarding_capability_gate_test.dart: default app startup bypasses the unsupported onboarding gate
00:24 +938: /Users/lute/project/momcozy-lab/app/test/features/onboarding/onboarding_capability_gate_test.dart: default app startup bypasses the unsupported onboarding gate
00:24 +939: /Users/lute/project/momcozy-lab/app/test/features/onboarding/onboarding_capability_gate_test.dart: default app startup bypasses the unsupported onboarding gate
00:24 +940: /Users/lute/project/momcozy-lab/app/test/features/media/product_asset_image_test.dart: switching resources hides the previous image while loading
00:24 +941: /Users/lute/project/momcozy-lab/app/test/features/media/product_asset_image_test.dart: switching resources hides the previous image while loading
00:24 +942: /Users/lute/project/momcozy-lab/app/test/features/media/product_asset_image_test.dart: switching resources hides the previous image while loading
00:24 +943: /Users/lute/project/momcozy-lab/app/test/features/media/product_asset_image_test.dart: switching resources hides the previous image while loading
00:24 +944: /Users/lute/project/momcozy-lab/app/test/features/media/product_asset_image_test.dart: switching resources hides the previous image while loading
00:24 +945: /Users/lute/project/momcozy-lab/app/test/features/media/product_asset_image_test.dart: switching resources hides the previous image while loading
00:24 +946: /Users/lute/project/momcozy-lab/app/test/features/media/product_asset_image_test.dart: switching resources hides the previous image while loading
00:24 +947: /Users/lute/project/momcozy-lab/app/test/features/media/product_asset_image_test.dart: switching resources hides the previous image while loading
00:24 +948: /Users/lute/project/momcozy-lab/app/test/features/media/product_asset_image_test.dart: switching resources hides the previous image while loading
00:24 +949: /Users/lute/project/momcozy-lab/app/test/features/onboarding/onboarding_design_test.dart: onboarding profile forms at 320.0 / 2.0
00:24 +950: /Users/lute/project/momcozy-lab/app/test/features/onboarding/onboarding_design_test.dart: onboarding profile forms at 320.0 / 2.0
00:24 +951: /Users/lute/project/momcozy-lab/app/test/features/onboarding/onboarding_design_test.dart: onboarding profile forms at 320.0 / 2.0
00:24 +952: /Users/lute/project/momcozy-lab/app/test/features/onboarding/onboarding_design_test.dart: onboarding profile forms at 320.0 / 2.0
00:24 +953: /Users/lute/project/momcozy-lab/app/test/features/onboarding/onboarding_design_test.dart: onboarding profile forms at 320.0 / 2.0
00:24 +954: /Users/lute/project/momcozy-lab/app/test/features/onboarding/onboarding_design_test.dart: onboarding profile forms at 320.0 / 2.0
00:25 +955: /Users/lute/project/momcozy-lab/app/test/features/onboarding/onboarding_design_test.dart: onboarding profile forms at 320.0 / 2.0
00:25 +956: /Users/lute/project/momcozy-lab/app/test/features/media/product_asset_image_test.dart: shows a retry state and reloads a failed image
00:25 +957: /Users/lute/project/momcozy-lab/app/test/features/media/product_asset_image_test.dart: shows a retry state and reloads a failed image
00:25 +958: /Users/lute/project/momcozy-lab/app/test/features/media/product_asset_image_test.dart: shows a retry state and reloads a failed image
00:25 +959: /Users/lute/project/momcozy-lab/app/test/features/media/product_asset_image_test.dart: shows a retry state and reloads a failed image
00:25 +960: /Users/lute/project/momcozy-lab/app/test/features/media/product_asset_image_test.dart: shows a retry state and reloads a failed image
00:25 +961: /Users/lute/project/momcozy-lab/app/test/features/media/product_asset_image_test.dart: shows a retry state and reloads a failed image
00:25 +962: /Users/lute/project/momcozy-lab/app/test/features/media/product_asset_image_test.dart: shows a retry state and reloads a failed image
00:25 +963: /Users/lute/project/momcozy-lab/app/test/features/onboarding/onboarding_capability_gate_test.dart: disabled onboarding sends /onboarding safely home after login
00:25 +964: /Users/lute/project/momcozy-lab/app/test/features/onboarding/onboarding_capability_gate_test.dart: disabled onboarding sends /onboarding safely home after login
00:25 +965: /Users/lute/project/momcozy-lab/app/test/features/onboarding/onboarding_capability_gate_test.dart: disabled onboarding sends /onboarding safely home after login
00:25 +966: /Users/lute/project/momcozy-lab/app/test/features/onboarding/onboarding_capability_gate_test.dart: disabled onboarding sends /onboarding safely home after login
00:25 +967: /Users/lute/project/momcozy-lab/app/test/features/onboarding/onboarding_capability_gate_test.dart: disabled onboarding sends /onboarding safely home after login
00:25 +968: /Users/lute/project/momcozy-lab/app/test/features/onboarding/onboarding_capability_gate_test.dart: disabled onboarding sends /onboarding safely home after login
00:25 +969: /Users/lute/project/momcozy-lab/app/test/features/onboarding/onboarding_capability_gate_test.dart: disabled onboarding sends /onboarding safely home after login
00:25 +970: /Users/lute/project/momcozy-lab/app/test/features/onboarding/onboarding_design_test.dart: avatar photo failure and default confirmation at 320.0 / 2.0
00:25 +971: /Users/lute/project/momcozy-lab/app/test/features/onboarding/onboarding_design_test.dart: avatar photo failure and default confirmation at 320.0 / 2.0
00:25 +972: /Users/lute/project/momcozy-lab/app/test/features/onboarding/onboarding_design_test.dart: avatar photo failure and default confirmation at 320.0 / 2.0
00:25 +973: /Users/lute/project/momcozy-lab/app/test/features/media/product_asset_video_player_test.dart: video long duration, controls and fullscreen 430.0 / 1.0
00:25 +974: /Users/lute/project/momcozy-lab/app/test/features/onboarding/onboarding_capability_gate_test.dart: disabled onboarding sends /avatar/review safely home after login
00:25 +975: /Users/lute/project/momcozy-lab/app/test/features/onboarding/onboarding_capability_gate_test.dart: disabled onboarding sends /avatar/review safely home after login
00:25 +976: /Users/lute/project/momcozy-lab/app/test/features/media/media_design_test.dart: media missing unavailable and return 320.0 / 1.0
00:25 +977: /Users/lute/project/momcozy-lab/app/test/features/media/media_design_test.dart: media missing unavailable and return 320.0 / 1.0
00:25 +978: /Users/lute/project/momcozy-lab/app/test/features/media/media_design_test.dart: media missing unavailable and return 320.0 / 1.0
00:25 +979: /Users/lute/project/momcozy-lab/app/test/features/media/media_design_test.dart: media missing unavailable and return 320.0 / 1.0
00:25 +980: /Users/lute/project/momcozy-lab/app/test/features/media/media_design_test.dart: media missing unavailable and return 320.0 / 1.0
00:25 +981: /Users/lute/project/momcozy-lab/app/test/features/media/media_design_test.dart: media missing unavailable and return 320.0 / 1.0
00:25 +982: /Users/lute/project/momcozy-lab/app/test/features/media/media_design_test.dart: media missing unavailable and return 320.0 / 1.0
00:25 +983: /Users/lute/project/momcozy-lab/app/test/features/media/media_design_test.dart: media missing unavailable and return 320.0 / 1.0
00:25 +984: /Users/lute/project/momcozy-lab/app/test/features/media/media_design_test.dart: media missing unavailable and return 320.0 / 1.0
00:25 +985: /Users/lute/project/momcozy-lab/app/test/features/media/media_design_test.dart: media missing unavailable and return 320.0 / 1.0
00:25 +986: /Users/lute/project/momcozy-lab/app/test/features/media/media_design_test.dart: media missing unavailable and return 320.0 / 1.0
00:25 +987: /Users/lute/project/momcozy-lab/app/test/features/media/media_design_test.dart: media missing unavailable and return 320.0 / 1.0
00:25 +988: /Users/lute/project/momcozy-lab/app/test/features/media/media_design_test.dart: media missing unavailable and return 320.0 / 1.0
00:25 +989: /Users/lute/project/momcozy-lab/app/test/features/media/media_design_test.dart: media missing unavailable and return 320.0 / 1.0
00:25 +990: /Users/lute/project/momcozy-lab/app/test/features/media/media_design_test.dart: media missing unavailable and return 320.0 / 1.0
00:25 +991: /Users/lute/project/momcozy-lab/app/test/features/media/media_design_test.dart: media missing unavailable and return 320.0 / 1.0
00:25 +992: /Users/lute/project/momcozy-lab/app/test/features/media/media_design_test.dart: media missing unavailable and return 320.0 / 1.0
00:25 +993: /Users/lute/project/momcozy-lab/app/test/features/media/media_design_test.dart: media missing unavailable and return 320.0 / 1.0
00:25 +994: /Users/lute/project/momcozy-lab/app/test/features/onboarding/onboarding_design_test.dart: onboarding profile forms at 390.0 / 1.0
00:25 +995: /Users/lute/project/momcozy-lab/app/test/features/onboarding/onboarding_design_test.dart: onboarding profile forms at 390.0 / 1.0
00:25 +996: /Users/lute/project/momcozy-lab/app/test/features/onboarding/onboarding_design_test.dart: onboarding profile forms at 390.0 / 1.0
00:25 +997: /Users/lute/project/momcozy-lab/app/test/features/onboarding/onboarding_design_test.dart: onboarding profile forms at 390.0 / 1.0
00:25 +998: /Users/lute/project/momcozy-lab/app/test/features/onboarding/onboarding_design_test.dart: onboarding profile forms at 390.0 / 1.0
00:25 +999: /Users/lute/project/momcozy-lab/app/test/features/onboarding/onboarding_design_test.dart: onboarding profile forms at 390.0 / 1.0
00:25 +1000: /Users/lute/project/momcozy-lab/app/test/features/media/media_design_test.dart: image loading failure retry and zoom 320.0 / 1.0
00:25 +1001: /Users/lute/project/momcozy-lab/app/test/features/media/media_design_test.dart: image loading failure retry and zoom 320.0 / 1.0
00:25 +1002: /Users/lute/project/momcozy-lab/app/test/features/media/media_design_test.dart: image loading failure retry and zoom 320.0 / 1.0
00:25 +1003: /Users/lute/project/momcozy-lab/app/test/features/onboarding/onboarding_design_test.dart: avatar photo failure and default confirmation at 390.0 / 1.0
00:26 +1004: /Users/lute/project/momcozy-lab/app/test/features/onboarding/onboarding_design_test.dart: avatar photo failure and default confirmation at 390.0 / 1.0
00:26 +1005: /Users/lute/project/momcozy-lab/app/test/features/media/media_design_test.dart: media missing unavailable and return 320.0 / 2.0
00:26 +1006: /Users/lute/project/momcozy-lab/app/test/features/onboarding/onboarding_design_test.dart: onboarding avatar required at 390.0 / 1.0
00:26 +1007: /Users/lute/project/momcozy-lab/app/test/features/media/media_design_test.dart: media image unavailable and return 320.0 / 2.0
00:26 +1008: /Users/lute/project/momcozy-lab/app/test/features/onboarding/onboarding_design_test.dart: onboarding avatar generating at 390.0 / 1.0
00:26 +1009: /Users/lute/project/momcozy-lab/app/test/features/media/media_design_test.dart: media pdf unavailable and return 320.0 / 2.0
00:26 +1010: /Users/lute/project/momcozy-lab/app/test/features/onboarding/onboarding_design_test.dart: onboarding avatar review at 390.0 / 1.0
00:26 +1011: /Users/lute/project/momcozy-lab/app/test/features/onboarding/onboarding_design_test.dart: onboarding avatar review at 390.0 / 1.0
00:26 +1012: /Users/lute/project/momcozy-lab/app/test/shared/date_time_picker_test.dart: large 12-hour picker preserves midnight and noon
00:26 +1013: /Users/lute/project/momcozy-lab/app/test/shared/date_time_picker_test.dart: large 12-hour picker preserves midnight and noon
00:26 +1014: /Users/lute/project/momcozy-lab/app/test/shared/date_time_picker_test.dart: large 12-hour picker preserves midnight and noon
00:26 +1015: /Users/lute/project/momcozy-lab/app/test/shared/date_time_picker_test.dart: large 12-hour picker preserves midnight and noon
00:26 +1016: /Users/lute/project/momcozy-lab/app/test/shared/date_time_picker_test.dart: large 12-hour picker preserves midnight and noon
00:26 +1017: /Users/lute/project/momcozy-lab/app/test/shared/date_time_picker_test.dart: large 12-hour picker preserves midnight and noon
00:26 +1018: /Users/lute/project/momcozy-lab/app/test/shared/date_time_picker_test.dart: large 12-hour picker preserves midnight and noon
00:26 +1019: /Users/lute/project/momcozy-lab/app/test/shared/date_time_picker_test.dart: large 12-hour picker preserves midnight and noon
00:26 +1020: /Users/lute/project/momcozy-lab/app/test/shared/date_time_picker_test.dart: large 12-hour picker preserves midnight and noon
00:26 +1021: /Users/lute/project/momcozy-lab/app/test/shared/date_time_picker_test.dart: large 12-hour picker preserves midnight and noon
00:26 +1022: /Users/lute/project/momcozy-lab/app/test/shared/date_time_picker_test.dart: large 12-hour picker preserves midnight and noon
00:26 +1023: /Users/lute/project/momcozy-lab/app/test/shared/date_time_picker_test.dart: large 12-hour picker preserves midnight and noon
00:26 +1024: /Users/lute/project/momcozy-lab/app/test/shared/date_time_picker_test.dart: large 12-hour picker preserves midnight and noon
00:26 +1025: /Users/lute/project/momcozy-lab/app/test/shared/date_time_picker_test.dart: large 12-hour picker preserves midnight and noon
00:26 +1026: /Users/lute/project/momcozy-lab/app/test/shared/date_time_picker_test.dart: large 12-hour picker preserves midnight and noon
00:26 +1027: /Users/lute/project/momcozy-lab/app/test/shared/date_time_picker_test.dart: large 12-hour picker preserves midnight and noon
00:26 +1028: /Users/lute/project/momcozy-lab/app/test/shared/date_time_picker_test.dart: large 12-hour picker preserves midnight and noon
00:26 +1029: /Users/lute/project/momcozy-lab/app/test/shared/date_time_picker_test.dart: large 12-hour picker preserves midnight and noon
00:26 +1030: /Users/lute/project/momcozy-lab/app/test/shared/date_time_picker_test.dart: large 12-hour picker preserves midnight and noon
00:26 +1031: /Users/lute/project/momcozy-lab/app/test/shared/date_time_picker_test.dart: large 12-hour picker preserves midnight and noon
00:26 +1032: /Users/lute/project/momcozy-lab/app/test/shared/date_time_picker_test.dart: large 12-hour picker preserves midnight and noon
00:26 +1033: /Users/lute/project/momcozy-lab/app/test/shared/knowledge_article_design_test.dart: knowledge mom at 320.0 / 1.0
00:26 +1034: /Users/lute/project/momcozy-lab/app/test/shared/knowledge_article_design_test.dart: knowledge mom at 320.0 / 1.0
00:26 +1035: /Users/lute/project/momcozy-lab/app/test/shared/knowledge_article_design_test.dart: knowledge mom at 320.0 / 1.0
00:26 +1036: /Users/lute/project/momcozy-lab/app/test/shared/me_components_test.dart: shared Me surfaces and controls at 320.0 / 1.0
00:26 +1037: /Users/lute/project/momcozy-lab/app/test/shared/me_components_test.dart: shared Me surfaces and controls at 320.0 / 1.0
00:26 +1038: /Users/lute/project/momcozy-lab/app/test/shared/me_components_test.dart: shared Me surfaces and controls at 320.0 / 1.0
00:26 +1039: /Users/lute/project/momcozy-lab/app/test/shared/me_components_test.dart: shared Me surfaces and controls at 320.0 / 1.0
00:26 +1040: /Users/lute/project/momcozy-lab/app/test/shared/product_feedback_test.dart: feedback layout and retry callbacks 320.0/1.0
00:26 +1041: /Users/lute/project/momcozy-lab/app/test/shared/product_feedback_test.dart: feedback layout and retry callbacks 320.0/1.0
00:26 +1042: /Users/lute/project/momcozy-lab/app/test/shared/product_feedback_test.dart: feedback layout and retry callbacks 320.0/1.0
00:27 +1043: /Users/lute/project/momcozy-lab/app/test/shared/product_feedback_test.dart: feedback layout and retry callbacks 320.0/1.0
00:27 +1044: /Users/lute/project/momcozy-lab/app/test/shared/product_feedback_test.dart: feedback layout and retry callbacks 320.0/1.0
00:27 +1045: /Users/lute/project/momcozy-lab/app/test/shared/product_feedback_test.dart: feedback layout and retry callbacks 320.0/1.0
00:27 +1046: /Users/lute/project/momcozy-lab/app/test/shared/date_time_picker_test.dart: large picker bounds, locale and time validation en_US
00:27 +1047: /Users/lute/project/momcozy-lab/app/test/shared/date_time_picker_test.dart: large picker bounds, locale and time validation en_US
00:27 +1048: /Users/lute/project/momcozy-lab/app/test/shared/date_time_picker_test.dart: large picker bounds, locale and time validation en_US
00:27 +1049: /Users/lute/project/momcozy-lab/app/test/shared/date_time_picker_test.dart: large picker bounds, locale and time validation en_US
00:27 +1050: /Users/lute/project/momcozy-lab/app/test/shared/date_time_picker_test.dart: large picker bounds, locale and time validation en_US
00:27 +1051: /Users/lute/project/momcozy-lab/app/test/shared/date_time_picker_test.dart: large picker bounds, locale and time validation en_US
00:27 +1052: /Users/lute/project/momcozy-lab/app/test/shared/date_time_picker_test.dart: large picker bounds, locale and time validation en_US
00:27 +1053: /Users/lute/project/momcozy-lab/app/test/shared/date_time_picker_test.dart: large picker bounds, locale and time validation en_US
00:27 +1054: /Users/lute/project/momcozy-lab/app/test/shared/date_time_picker_test.dart: large picker bounds, locale and time validation en_US
00:27 +1055: /Users/lute/project/momcozy-lab/app/test/shared/date_time_picker_test.dart: large picker bounds, locale and time validation en_US
00:27 +1056: /Users/lute/project/momcozy-lab/app/test/shared/date_time_picker_test.dart: large picker bounds, locale and time validation en_US
00:27 +1057: /Users/lute/project/momcozy-lab/app/test/shared/date_time_picker_test.dart: large picker bounds, locale and time validation en_US
00:27 +1058: /Users/lute/project/momcozy-lab/app/test/features/onboarding/onboarding_design_test.dart: onboarding profile forms at 430.0 / 1.0
00:27 +1059: /Users/lute/project/momcozy-lab/app/test/features/onboarding/onboarding_design_test.dart: onboarding profile forms at 430.0 / 1.0
00:27 +1060: /Users/lute/project/momcozy-lab/app/test/features/onboarding/onboarding_design_test.dart: onboarding profile forms at 430.0 / 1.0
00:27 +1061: /Users/lute/project/momcozy-lab/app/test/features/onboarding/onboarding_design_test.dart: onboarding profile forms at 430.0 / 1.0
00:27 +1062: /Users/lute/project/momcozy-lab/app/test/features/onboarding/onboarding_design_test.dart: onboarding profile forms at 430.0 / 1.0
00:27 +1063: /Users/lute/project/momcozy-lab/app/test/features/onboarding/onboarding_design_test.dart: onboarding profile forms at 430.0 / 1.0
00:27 +1064: /Users/lute/project/momcozy-lab/app/test/features/onboarding/onboarding_design_test.dart: onboarding profile forms at 430.0 / 1.0
00:27 +1065: /Users/lute/project/momcozy-lab/app/test/features/onboarding/onboarding_design_test.dart: onboarding profile forms at 430.0 / 1.0
00:27 +1066: /Users/lute/project/momcozy-lab/app/test/shared/date_time_picker_test.dart: large picker bounds, locale and time validation zh_CN
00:27 +1067: /Users/lute/project/momcozy-lab/app/test/shared/product_feedback_test.dart: feedback layout and retry callbacks 390.0/1.0
00:27 +1068: /Users/lute/project/momcozy-lab/app/test/shared/product_feedback_test.dart: feedback layout and retry callbacks 390.0/1.0
00:27 +1069: /Users/lute/project/momcozy-lab/app/test/shared/product_feedback_test.dart: feedback layout and retry callbacks 390.0/1.0
00:27 +1070: /Users/lute/project/momcozy-lab/app/test/shared/product_feedback_test.dart: feedback layout and retry callbacks 390.0/1.0
00:27 +1071: /Users/lute/project/momcozy-lab/app/test/shared/product_feedback_test.dart: feedback layout and retry callbacks 390.0/1.0
00:27 +1072: /Users/lute/project/momcozy-lab/app/test/shared/date_time_picker_test.dart: date and time dialogs settle without elapsed motion
00:27 +1073: /Users/lute/project/momcozy-lab/app/test/shared/date_time_picker_test.dart: date and time dialogs settle without elapsed motion
00:27 +1074: /Users/lute/project/momcozy-lab/app/test/shared/date_time_picker_test.dart: date and time dialogs settle without elapsed motion
00:27 +1075: /Users/lute/project/momcozy-lab/app/test/shared/date_time_picker_test.dart: date and time dialogs settle without elapsed motion
00:27 +1076: /Users/lute/project/momcozy-lab/app/test/shared/date_time_picker_test.dart: date and time dialogs settle without elapsed motion
00:27 +1077: /Users/lute/project/momcozy-lab/app/test/shared/date_time_picker_test.dart: date and time dialogs settle without elapsed motion
00:27 +1078: /Users/lute/project/momcozy-lab/app/test/shared/date_time_picker_test.dart: date and time dialogs settle without elapsed motion
00:27 +1079: /Users/lute/project/momcozy-lab/app/test/shared/date_time_picker_test.dart: date and time dialogs settle without elapsed motion
00:27 +1080: /Users/lute/project/momcozy-lab/app/test/shared/date_time_picker_test.dart: date and time dialogs settle without elapsed motion
00:27 +1081: /Users/lute/project/momcozy-lab/app/test/shared/product_feedback_test.dart: feedback layout and retry callbacks 390.0/2.0
00:27 +1082: /Users/lute/project/momcozy-lab/app/test/shared/product_feedback_test.dart: feedback layout and retry callbacks 390.0/2.0
00:27 +1083: /Users/lute/project/momcozy-lab/app/test/features/media/media_design_test.dart: image loading failure retry and zoom 430.0 / 2.0
00:27 +1084: /Users/lute/project/momcozy-lab/app/test/features/media/media_design_test.dart: image loading failure retry and zoom 430.0 / 2.0
00:27 +1085: /Users/lute/project/momcozy-lab/app/test/features/media/media_design_test.dart: image loading failure retry and zoom 430.0 / 2.0
00:27 +1086: /Users/lute/project/momcozy-lab/app/test/shared/product_feedback_test.dart: feedback layout and retry callbacks 430.0/1.0
00:27 +1087: /Users/lute/project/momcozy-lab/app/test/shared/product_feedback_test.dart: feedback layout and retry callbacks 430.0/1.0
00:27 +1088: /Users/lute/project/momcozy-lab/app/test/shared/product_feedback_test.dart: feedback layout and retry callbacks 430.0/1.0
00:27 +1089: /Users/lute/project/momcozy-lab/app/test/shared/product_feedback_test.dart: feedback layout and retry callbacks 430.0/1.0
00:27 +1090: /Users/lute/project/momcozy-lab/app/test/shared/product_feedback_test.dart: feedback layout and retry callbacks 430.0/1.0
00:27 +1091: /Users/lute/project/momcozy-lab/app/test/shared/product_feedback_test.dart: feedback layout and retry callbacks 430.0/1.0
00:27 +1092: /Users/lute/project/momcozy-lab/app/test/shared/product_feedback_test.dart: feedback layout and retry callbacks 430.0/1.0
00:27 +1093: /Users/lute/project/momcozy-lab/app/test/features/onboarding/onboarding_design_test.dart: onboarding avatar failed at 430.0 / 1.0
00:27 +1094: /Users/lute/project/momcozy-lab/app/test/features/onboarding/onboarding_design_test.dart: onboarding avatar failed at 430.0 / 1.0
00:27 +1095: /Users/lute/project/momcozy-lab/app/test/shared/choice_field_test.dart: exclusive selection and toggling work with chips
00:27 +1096: /Users/lute/project/momcozy-lab/app/test/shared/choice_field_test.dart: exclusive selection and toggling work with chips
00:27 +1097: /Users/lute/project/momcozy-lab/app/test/shared/choice_field_test.dart: exclusive selection and toggling work with chips
00:28 +1098: /Users/lute/project/momcozy-lab/app/test/shared/choice_field_test.dart: exclusive selection and toggling work with chips
00:28 +1099: /Users/lute/project/momcozy-lab/app/test/shared/choice_field_test.dart: exclusive selection and toggling work with chips
00:28 +1100: /Users/lute/project/momcozy-lab/app/test/shared/choice_field_test.dart: exclusive selection and toggling work with chips
00:28 +1101: /Users/lute/project/momcozy-lab/app/test/shared/choice_field_test.dart: exclusive selection and toggling work with chips
00:28 +1102: /Users/lute/project/momcozy-lab/app/test/shared/choice_field_test.dart: exclusive selection and toggling work with chips
00:28 +1103: /Users/lute/project/momcozy-lab/app/test/shared/choice_field_test.dart: exclusive selection and toggling work with chips
00:28 +1104: /Users/lute/project/momcozy-lab/app/test/features/onboarding/onboarding_design_test.dart: onboarding avatar required at 430.0 / 2.0
00:28 +1105: /Users/lute/project/momcozy-lab/app/test/shared/choice_field_test.dart: exclusive selection and toggling work with warmTiles
00:28 +1106: /Users/lute/project/momcozy-lab/app/test/shared/choice_field_test.dart: exclusive selection and toggling work with warmTiles
00:28 +1107: /Users/lute/project/momcozy-lab/app/test/shared/input_confirmation_test.dart: large input and confirmation remain usable above a keyboard
00:28 +1108: /Users/lute/project/momcozy-lab/app/test/shared/input_confirmation_test.dart: large input and confirmation remain usable above a keyboard
00:28 +1109: /Users/lute/project/momcozy-lab/app/test/shared/input_confirmation_test.dart: large input and confirmation remain usable above a keyboard
00:28 +1110: /Users/lute/project/momcozy-lab/app/test/shared/input_confirmation_test.dart: large input and confirmation remain usable above a keyboard
00:28 +1111: /Users/lute/project/momcozy-lab/app/test/shared/input_confirmation_test.dart: large input and confirmation remain usable above a keyboard
00:28 +1112: /Users/lute/project/momcozy-lab/app/test/shared/input_confirmation_test.dart: large input and confirmation remain usable above a keyboard
00:28 +1113: /Users/lute/project/momcozy-lab/app/test/shared/input_confirmation_test.dart: large input and confirmation remain usable above a keyboard
00:28 +1114: /Users/lute/project/momcozy-lab/app/test/shared/input_confirmation_test.dart: large input and confirmation remain usable above a keyboard
00:28 +1115: /Users/lute/project/momcozy-lab/app/test/shared/input_confirmation_test.dart: large input and confirmation remain usable above a keyboard
00:29 +1116: /Users/lute/project/momcozy-lab/app/test/shared/input_confirmation_test.dart: large input and confirmation remain usable above a keyboard
00:29 +1117: /Users/lute/project/momcozy-lab/app/test/shared/input_confirmation_test.dart: large input and confirmation remain usable above a keyboard
00:29 +1118: /Users/lute/project/momcozy-lab/app/test/shared/input_confirmation_test.dart: large input and confirmation remain usable above a keyboard
00:29 +1119: /Users/lute/project/momcozy-lab/app/test/shared/input_confirmation_test.dart: large input and confirmation remain usable above a keyboard
00:29 +1120: /Users/lute/project/momcozy-lab/app/test/shared/input_confirmation_test.dart: large input and confirmation remain usable above a keyboard
00:29 +1121: /Users/lute/project/momcozy-lab/app/test/shared/input_confirmation_test.dart: large input and confirmation remain usable above a keyboard
00:29 +1122: /Users/lute/project/momcozy-lab/app/test/modules/schedule/schedule_page_golden_test.dart: task menu writes progress with the current version at 320.0/1.0
00:29 +1123: /Users/lute/project/momcozy-lab/app/test/modules/consultation/room_page_test.dart: consultation preparation at 320.0 / 1.0
00:29 +1124: /Users/lute/project/momcozy-lab/app/test/modules/consultation/room_page_test.dart: consultation preparation at 320.0 / 1.0
00:29 +1125: /Users/lute/project/momcozy-lab/app/test/modules/consultation/user_video_test.dart: user waiting media controls and leave 320.0 / 1.0
00:29 +1126: /Users/lute/project/momcozy-lab/app/test/modules/consultation/user_video_test.dart: user waiting media controls and leave 320.0 / 1.0
00:30 +1127: /Users/lute/project/momcozy-lab/app/test/modules/consultation/user_video_test.dart: user waiting media controls and leave 320.0 / 1.0
00:30 +1128: /Users/lute/project/momcozy-lab/app/test/modules/consultation/user_video_test.dart: user waiting media controls and leave 320.0 / 1.0
00:30 +1129: /Users/lute/project/momcozy-lab/app/test/modules/consultation/user_video_test.dart: user waiting media controls and leave 320.0 / 1.0
00:30 +1130: /Users/lute/project/momcozy-lab/app/test/modules/consultation/user_video_test.dart: user waiting media controls and leave 320.0 / 1.0
00:30 +1131: /Users/lute/project/momcozy-lab/app/test/modules/consultation/user_video_test.dart: user waiting media controls and leave 320.0 / 1.0
00:30 +1132: /Users/lute/project/momcozy-lab/app/test/modules/consultation/user_video_test.dart: user waiting media controls and leave 320.0 / 1.0
00:30 +1133: /Users/lute/project/momcozy-lab/app/test/modules/consultation/user_video_test.dart: user waiting media controls and leave 320.0 / 1.0
00:30 +1134: /Users/lute/project/momcozy-lab/app/test/modules/schedule/personal_schedule_editor_test.dart: personal schedule create edit delete at 320.0/1.0
00:30 +1135: /Users/lute/project/momcozy-lab/app/test/modules/schedule/personal_schedule_editor_test.dart: personal schedule create edit delete at 320.0/1.0
00:30 +1136: /Users/lute/project/momcozy-lab/app/test/modules/schedule/personal_schedule_editor_test.dart: personal schedule create edit delete at 320.0/1.0
00:30 +1137: /Users/lute/project/momcozy-lab/app/test/modules/schedule/personal_schedule_editor_test.dart: personal schedule create edit delete at 320.0/1.0
00:30 +1138: /Users/lute/project/momcozy-lab/app/test/modules/schedule/personal_schedule_editor_test.dart: personal schedule create edit delete at 320.0/1.0
00:30 +1139: /Users/lute/project/momcozy-lab/app/test/modules/schedule/personal_schedule_editor_test.dart: personal schedule create edit delete at 320.0/1.0
00:30 +1140: /Users/lute/project/momcozy-lab/app/test/modules/schedule/personal_schedule_editor_test.dart: personal schedule create edit delete at 320.0/1.0
00:30 +1141: /Users/lute/project/momcozy-lab/app/test/modules/schedule/personal_schedule_editor_test.dart: personal schedule create edit delete at 320.0/1.0
00:30 +1142: /Users/lute/project/momcozy-lab/app/test/modules/schedule/personal_schedule_editor_test.dart: personal schedule create edit delete at 320.0/1.0
00:30 +1143: /Users/lute/project/momcozy-lab/app/test/modules/schedule/personal_schedule_editor_test.dart: personal schedule create edit delete at 320.0/1.0
00:30 +1144: /Users/lute/project/momcozy-lab/app/test/modules/schedule/personal_schedule_editor_test.dart: personal schedule create edit delete at 320.0/1.0
00:30 +1145: /Users/lute/project/momcozy-lab/app/test/modules/schedule/personal_schedule_editor_test.dart: personal schedule create edit delete at 320.0/1.0
00:30 +1146: /Users/lute/project/momcozy-lab/app/test/modules/schedule/personal_schedule_editor_test.dart: personal schedule create edit delete at 320.0/1.0
00:30 +1147: /Users/lute/project/momcozy-lab/app/test/modules/schedule/personal_schedule_editor_test.dart: personal schedule create edit delete at 320.0/1.0
00:30 +1148: /Users/lute/project/momcozy-lab/app/test/modules/schedule/personal_schedule_editor_test.dart: personal schedule create edit delete at 320.0/1.0
00:30 +1149: /Users/lute/project/momcozy-lab/app/test/modules/schedule/personal_schedule_editor_test.dart: personal schedule create edit delete at 320.0/1.0
00:30 +1150: /Users/lute/project/momcozy-lab/app/test/modules/schedule/personal_schedule_editor_test.dart: personal schedule create edit delete at 320.0/1.0
00:31 +1151: /Users/lute/project/momcozy-lab/app/test/modules/schedule/personal_schedule_editor_test.dart: personal schedule create edit delete at 320.0/1.0
00:31 +1152: /Users/lute/project/momcozy-lab/app/test/modules/schedule/personal_schedule_editor_test.dart: personal schedule create edit delete at 320.0/1.0
00:31 +1153: /Users/lute/project/momcozy-lab/app/test/modules/schedule/personal_schedule_editor_test.dart: personal schedule create edit delete at 320.0/1.0
00:31 +1154: /Users/lute/project/momcozy-lab/app/test/modules/consultation/consultation_preparation_test.dart: countdown opens entry at the authoritative window without entering automatically
00:31 +1155: /Users/lute/project/momcozy-lab/app/test/modules/consultation/consultation_preparation_test.dart: countdown opens entry at the authoritative window without entering automatically
00:31 +1156: /Users/lute/project/momcozy-lab/app/test/modules/schedule/schedule_page_golden_test.dart: task menu writes progress with the current version at 430.0/1.0
00:31 +1157: /Users/lute/project/momcozy-lab/app/test/modules/schedule/schedule_page_golden_test.dart: task menu writes progress with the current version at 430.0/1.0
00:31 +1158: /Users/lute/project/momcozy-lab/app/test/shared/input_confirmation_test.dart: inputs and discard 390 at 1.0x
00:31 +1159: /Users/lute/project/momcozy-lab/app/test/shared/input_confirmation_test.dart: inputs and discard 390 at 1.0x
00:31 +1160: /Users/lute/project/momcozy-lab/app/test/shared/input_confirmation_test.dart: inputs and discard 390 at 1.0x
00:31 +1161: /Users/lute/project/momcozy-lab/app/test/shared/input_confirmation_test.dart: inputs and discard 390 at 1.0x
00:31 +1162: /Users/lute/project/momcozy-lab/app/test/shared/input_confirmation_test.dart: inputs and discard 390 at 1.0x
00:31 +1163: /Users/lute/project/momcozy-lab/app/test/shared/input_confirmation_test.dart: inputs and discard 390 at 1.0x
00:31 +1164: /Users/lute/project/momcozy-lab/app/test/shared/input_confirmation_test.dart: inputs and discard 390 at 1.0x
00:31 +1165: /Users/lute/project/momcozy-lab/app/test/modules/schedule/personal_schedule_editor_test.dart: personal schedule create edit delete at 320.0/2.0
00:31 +1166: /Users/lute/project/momcozy-lab/app/test/modules/schedule/personal_schedule_editor_test.dart: personal schedule create edit delete at 320.0/2.0
00:31 +1167: /Users/lute/project/momcozy-lab/app/test/modules/schedule/personal_schedule_editor_test.dart: personal schedule create edit delete at 320.0/2.0
00:31 +1168: /Users/lute/project/momcozy-lab/app/test/modules/schedule/personal_schedule_editor_test.dart: personal schedule create edit delete at 320.0/2.0
00:31 +1169: /Users/lute/project/momcozy-lab/app/test/modules/consultation/consultation_preparation_test.dart: preparation time and requirements 320.0 / 1.0
00:31 +1170: /Users/lute/project/momcozy-lab/app/test/modules/consultation/consultation_preparation_test.dart: preparation time and requirements 320.0 / 1.0
00:31 +1171: /Users/lute/project/momcozy-lab/app/test/modules/consultation/consultation_preparation_test.dart: preparation time and requirements 320.0 / 1.0
00:31 +1172: /Users/lute/project/momcozy-lab/app/test/modules/consultation/consultation_preparation_test.dart: preparation time and requirements 320.0 / 1.0
00:32 +1173: /Users/lute/project/momcozy-lab/app/test/modules/consultation/device_check_test.dart: opening the device dialog requests once and releases tracks after the check
00:32 +1174: /Users/lute/project/momcozy-lab/app/test/modules/consultation/device_check_test.dart: opening the device dialog requests once and releases tracks after the check
00:32 +1175: /Users/lute/project/momcozy-lab/app/test/shared/input_confirmation_test.dart: inputs and discard 390 at 2.0x
00:32 +1176: /Users/lute/project/momcozy-lab/app/test/shared/input_confirmation_test.dart: inputs and discard 390 at 2.0x
00:32 +1177: /Users/lute/project/momcozy-lab/app/test/modules/schedule/personal_schedule_editor_test.dart: personal schedule create edit delete at 390.0/1.0
00:32 +1178: /Users/lute/project/momcozy-lab/app/test/modules/schedule/personal_schedule_editor_test.dart: personal schedule create edit delete at 390.0/1.0
00:32 +1179: /Users/lute/project/momcozy-lab/app/test/modules/consultation/consultation_preparation_test.dart: preparation time and requirements 320.0 / 2.0
00:32 +1180: /Users/lute/project/momcozy-lab/app/test/modules/consultation/consultation_preparation_test.dart: preparation time and requirements 320.0 / 2.0
00:32 +1181: /Users/lute/project/momcozy-lab/app/test/modules/consultation/consultation_preparation_test.dart: preparation time and requirements 320.0 / 2.0
00:32 +1182: /Users/lute/project/momcozy-lab/app/test/modules/consultation/consultation_preparation_test.dart: preparation time and requirements 320.0 / 2.0
00:32 +1183: /Users/lute/project/momcozy-lab/app/test/shared/input_confirmation_test.dart: inputs and discard 430 at 1.0x
00:32 +1184: /Users/lute/project/momcozy-lab/app/test/modules/schedule/personal_schedule_editor_test.dart: personal schedule create edit delete at 390.0/2.0
00:32 +1185: /Users/lute/project/momcozy-lab/app/test/modules/schedule/personal_schedule_editor_test.dart: personal schedule create edit delete at 390.0/2.0
00:32 +1186: /Users/lute/project/momcozy-lab/app/test/modules/schedule/personal_schedule_editor_test.dart: personal schedule create edit delete at 390.0/2.0
00:32 +1187: /Users/lute/project/momcozy-lab/app/test/modules/consultation/consultation_start_test.dart: device consent region and enter 320.0 / 1.0
00:32 +1188: /Users/lute/project/momcozy-lab/app/test/modules/consultation/consultation_start_test.dart: device consent region and enter 320.0 / 1.0
00:32 +1189: /Users/lute/project/momcozy-lab/app/test/modules/consultation/consultation_start_test.dart: device consent region and enter 320.0 / 1.0
00:33 +1190: /Users/lute/project/momcozy-lab/app/test/modules/consultation/consultation_start_test.dart: device consent region and enter 320.0 / 1.0
00:33 +1191: /Users/lute/project/momcozy-lab/app/test/modules/consultation/consultation_start_test.dart: device consent region and enter 320.0 / 1.0
00:33 +1192: /Users/lute/project/momcozy-lab/app/test/modules/consultation/consultation_start_test.dart: device consent region and enter 320.0 / 1.0
00:33 +1193: /Users/lute/project/momcozy-lab/app/test/modules/consultation/consultation_start_test.dart: device consent region and enter 320.0 / 1.0
00:33 +1194: /Users/lute/project/momcozy-lab/app/test/modules/consultation/consultation_start_test.dart: device consent region and enter 320.0 / 1.0
00:33 +1195: /Users/lute/project/momcozy-lab/app/test/modules/consultation/consultation_start_test.dart: device consent region and enter 320.0 / 1.0
00:33 +1196: /Users/lute/project/momcozy-lab/app/test/modules/consultation/consultation_start_test.dart: device consent region and enter 320.0 / 1.0
00:33 +1197: /Users/lute/project/momcozy-lab/app/test/modules/consultation/consultation_start_test.dart: device consent region and enter 320.0 / 1.0
00:33 +1198: /Users/lute/project/momcozy-lab/app/test/modules/consultation/consultation_start_test.dart: device consent region and enter 320.0 / 1.0
00:33 +1199: /Users/lute/project/momcozy-lab/app/test/modules/consultation/consultation_start_test.dart: device consent region and enter 320.0 / 1.0
00:33 +1200: /Users/lute/project/momcozy-lab/app/test/modules/consultation/consultation_start_test.dart: device consent region and enter 320.0 / 1.0
00:33 +1201: /Users/lute/project/momcozy-lab/app/test/modules/consultation/consultation_start_test.dart: device consent region and enter 320.0 / 1.0
00:33 +1202: /Users/lute/project/momcozy-lab/app/test/modules/consultation/consultation_start_test.dart: device consent region and enter 320.0 / 1.0
00:33 +1203: /Users/lute/project/momcozy-lab/app/test/modules/consultation/consultation_start_test.dart: device consent region and enter 320.0 / 1.0
00:33 +1204: /Users/lute/project/momcozy-lab/app/test/modules/consultation/consultation_preparation_test.dart: preparation time and requirements 430.0 / 1.0
00:33 +1205: /Users/lute/project/momcozy-lab/app/test/modules/consultation/consultation_preparation_test.dart: preparation time and requirements 430.0 / 1.0
00:33 +1206: /Users/lute/project/momcozy-lab/app/test/modules/consultation/consultation_preparation_test.dart: preparation time and requirements 430.0 / 1.0
00:33 +1207: /Users/lute/project/momcozy-lab/app/test/modules/consultation/consultation_preparation_test.dart: preparation time and requirements 430.0 / 1.0
00:33 +1208: /Users/lute/project/momcozy-lab/app/test/modules/consultation/consultation_preparation_test.dart: preparation time and requirements 430.0 / 1.0
00:33 +1209: /Users/lute/project/momcozy-lab/app/test/modules/consultation/home_consultation_dialog_test.dart: home preparation closes, cancels and enters through existing checks 320.0/1.0
00:33 +1210: /Users/lute/project/momcozy-lab/app/test/modules/consultation/home_consultation_dialog_test.dart: home preparation closes, cancels and enters through existing checks 320.0/1.0
00:34 +1211: /Users/lute/project/momcozy-lab/app/test/modules/consultation/home_consultation_dialog_test.dart: home preparation closes, cancels and enters through existing checks 320.0/1.0
00:34 +1212: /Users/lute/project/momcozy-lab/app/test/modules/consultation/home_consultation_dialog_test.dart: home preparation closes, cancels and enters through existing checks 320.0/1.0
00:34 +1213: /Users/lute/project/momcozy-lab/app/test/modules/consultation/consultation_start_test.dart: device consent region and enter 320.0 / 2.0
00:34 +1214: /Users/lute/project/momcozy-lab/app/test/modules/consultation/consultation_start_test.dart: device consent region and enter 320.0 / 2.0
00:34 +1215: /Users/lute/project/momcozy-lab/app/test/modules/consultation/room_leave_recovery_test.dart: leave recovery 320.0 / 1.0
00:34 +1216: /Users/lute/project/momcozy-lab/app/test/modules/consultation/room_leave_recovery_test.dart: leave recovery 320.0 / 1.0
00:34 +1217: /Users/lute/project/momcozy-lab/app/test/modules/consultation/room_leave_recovery_test.dart: leave recovery 320.0 / 1.0
00:34 +1218: /Users/lute/project/momcozy-lab/app/test/modules/consultation/room_leave_recovery_test.dart: leave recovery 320.0 / 1.0
00:34 +1219: /Users/lute/project/momcozy-lab/app/test/modules/consultation/room_leave_recovery_test.dart: leave recovery 320.0 / 1.0
00:34 +1220: /Users/lute/project/momcozy-lab/app/test/modules/consultation/room_leave_recovery_test.dart: leave recovery 320.0 / 1.0
00:34 +1221: /Users/lute/project/momcozy-lab/app/test/modules/consultation/home_consultation_dialog_test.dart: home preparation closes, cancels and enters through existing checks 320.0/2.0
00:34 +1222: /Users/lute/project/momcozy-lab/app/test/modules/consultation/home_consultation_dialog_test.dart: home preparation closes, cancels and enters through existing checks 320.0/2.0
00:34 +1223: /Users/lute/project/momcozy-lab/app/test/modules/consultation/home_consultation_dialog_test.dart: home preparation closes, cancels and enters through existing checks 320.0/2.0
00:34 +1224: /Users/lute/project/momcozy-lab/app/test/modules/consultation/home_consultation_dialog_test.dart: home preparation closes, cancels and enters through existing checks 320.0/2.0
00:34 +1225: /Users/lute/project/momcozy-lab/app/test/modules/consultation/home_consultation_dialog_test.dart: home preparation closes, cancels and enters through existing checks 320.0/2.0
00:34 +1226: /Users/lute/project/momcozy-lab/app/test/modules/consultation/home_consultation_dialog_test.dart: home preparation closes, cancels and enters through existing checks 320.0/2.0
00:34 +1227: /Users/lute/project/momcozy-lab/app/test/modules/consultation/home_consultation_dialog_test.dart: home preparation closes, cancels and enters through existing checks 320.0/2.0
00:34 +1228: /Users/lute/project/momcozy-lab/app/test/modules/consultation/home_consultation_dialog_test.dart: home preparation closes, cancels and enters through existing checks 320.0/2.0
00:34 +1229: /Users/lute/project/momcozy-lab/app/test/modules/consultation/home_consultation_dialog_test.dart: home preparation closes, cancels and enters through existing checks 320.0/2.0
00:34 +1230: /Users/lute/project/momcozy-lab/app/test/modules/consultation/home_consultation_dialog_test.dart: home preparation closes, cancels and enters through existing checks 320.0/2.0
00:34 +1231: /Users/lute/project/momcozy-lab/app/test/modules/consultation/room_outcome_design_test.dart: unsuccessful room outcomes 320.0 / 1.0
00:34 +1232: /Users/lute/project/momcozy-lab/app/test/modules/consultation/room_outcome_design_test.dart: unsuccessful room outcomes 320.0 / 1.0
00:34 +1233: /Users/lute/project/momcozy-lab/app/test/modules/consultation/room_outcome_design_test.dart: unsuccessful room outcomes 320.0 / 1.0
00:34 +1234: /Users/lute/project/momcozy-lab/app/test/modules/consultation/room_outcome_design_test.dart: unsuccessful room outcomes 320.0 / 1.0
00:34 +1235: /Users/lute/project/momcozy-lab/app/test/modules/consultation/room_outcome_design_test.dart: unsuccessful room outcomes 320.0 / 1.0
00:34 +1236: /Users/lute/project/momcozy-lab/app/test/modules/consultation/room_outcome_design_test.dart: unsuccessful room outcomes 320.0 / 1.0
00:34 +1237: /Users/lute/project/momcozy-lab/app/test/modules/consultation/room_outcome_design_test.dart: unsuccessful room outcomes 320.0 / 1.0
00:35 +1238: /Users/lute/project/momcozy-lab/app/test/modules/consultation/room_outcome_design_test.dart: unsuccessful room outcomes 320.0 / 1.0
00:35 +1239: /Users/lute/project/momcozy-lab/app/test/modules/consultation/room_outcome_design_test.dart: unsuccessful room outcomes 320.0 / 1.0
00:35 +1240: /Users/lute/project/momcozy-lab/app/test/modules/consultation/room_outcome_design_test.dart: unsuccessful room outcomes 320.0 / 1.0
00:35 +1241: /Users/lute/project/momcozy-lab/app/test/modules/consultation/room_outcome_design_test.dart: unsuccessful room outcomes 320.0 / 1.0
00:35 +1242: /Users/lute/project/momcozy-lab/app/test/modules/consultation/home_consultation_dialog_test.dart: home preparation closes, cancels and enters through existing checks 390.0/1.0
00:35 +1243: /Users/lute/project/momcozy-lab/app/test/modules/consultation/consultation_start_test.dart: device consent region and enter 430.0 / 1.0
00:35 +1244: /Users/lute/project/momcozy-lab/app/test/modules/consultation/consultation_start_test.dart: device consent region and enter 430.0 / 1.0
00:35 +1245: /Users/lute/project/momcozy-lab/app/test/modules/consultation/consultation_start_test.dart: device consent region and enter 430.0 / 1.0
00:35 +1246: /Users/lute/project/momcozy-lab/app/test/modules/consultation/consultation_start_test.dart: device consent region and enter 430.0 / 1.0
00:35 +1247: /Users/lute/project/momcozy-lab/app/test/modules/consultation/consultation_start_test.dart: device consent region and enter 430.0 / 1.0
00:35 +1248: /Users/lute/project/momcozy-lab/app/test/modules/consultation/consultation_start_test.dart: device consent region and enter 430.0 / 1.0
00:35 +1249: /Users/lute/project/momcozy-lab/app/test/modules/ibclc/documentation_page_test.dart: professional note editor at 1024.0
00:35 +1250: /Users/lute/project/momcozy-lab/app/test/modules/ibclc/documentation_page_test.dart: professional note editor at 1024.0
00:35 +1251: /Users/lute/project/momcozy-lab/app/test/modules/ibclc/documentation_page_test.dart: professional note editor at 1024.0
00:35 +1252: /Users/lute/project/momcozy-lab/app/test/modules/ibclc/documentation_page_test.dart: professional note editor at 1024.0
00:35 +1253: /Users/lute/project/momcozy-lab/app/test/modules/ibclc/documentation_page_test.dart: professional note editor at 1024.0
00:35 +1254: /Users/lute/project/momcozy-lab/app/test/modules/ibclc/documentation_page_test.dart: professional note editor at 1024.0
00:35 +1255: /Users/lute/project/momcozy-lab/app/test/modules/ibclc/documentation_page_test.dart: professional note editor at 1024.0
00:35 +1256: /Users/lute/project/momcozy-lab/app/test/modules/ibclc/documentation_page_test.dart: professional note editor at 1024.0
00:35 +1257: /Users/lute/project/momcozy-lab/app/test/modules/ibclc/documentation_page_test.dart: professional note editor at 1024.0
00:35 +1258: /Users/lute/project/momcozy-lab/app/test/modules/ibclc/documentation_page_test.dart: professional note editor at 1024.0
00:35 +1259: /Users/lute/project/momcozy-lab/app/test/modules/ibclc/documentation_page_test.dart: professional note editor at 1024.0
00:35 +1260: /Users/lute/project/momcozy-lab/app/test/modules/ibclc/documentation_page_test.dart: professional note editor at 1024.0
00:35 +1261: /Users/lute/project/momcozy-lab/app/test/modules/ibclc/documentation_page_test.dart: professional note editor at 1024.0
00:35 +1262: /Users/lute/project/momcozy-lab/app/test/modules/consultation/home_consultation_dialog_test.dart: home preparation closes, cancels and enters through existing checks 430.0/1.0
00:35 +1263: /Users/lute/project/momcozy-lab/app/test/modules/consultation/home_consultation_dialog_test.dart: home preparation closes, cancels and enters through existing checks 430.0/1.0
00:35 +1264: /Users/lute/project/momcozy-lab/app/test/modules/consultation/home_consultation_dialog_test.dart: home preparation closes, cancels and enters through existing checks 430.0/1.0
00:35 +1265: /Users/lute/project/momcozy-lab/app/test/modules/consultation/home_consultation_dialog_test.dart: home preparation closes, cancels and enters through existing checks 430.0/1.0
00:35 +1266: /Users/lute/project/momcozy-lab/app/test/modules/ibclc/documentation_page_test.dart: professional plan editor at 1024.0
00:35 +1267: /Users/lute/project/momcozy-lab/app/test/modules/ibclc/documentation_page_test.dart: professional plan editor at 1024.0
00:35 +1268: /Users/lute/project/momcozy-lab/app/test/modules/ibclc/documentation_page_test.dart: professional plan editor at 1024.0
00:35 +1269: /Users/lute/project/momcozy-lab/app/test/modules/consultation/consultation_start_test.dart: short screen enlarged text keeps consent and region reachable
00:35 +1270: /Users/lute/project/momcozy-lab/app/test/modules/consultation/consultation_start_test.dart: short screen enlarged text keeps consent and region reachable
00:35 +1271: /Users/lute/project/momcozy-lab/app/test/modules/consultation/consultation_start_test.dart: short screen enlarged text keeps consent and region reachable
00:35 +1272: /Users/lute/project/momcozy-lab/app/test/modules/consultation/consultation_start_test.dart: short screen enlarged text keeps consent and region reachable
00:36 +1273: /Users/lute/project/momcozy-lab/app/test/modules/consultation/consultation_start_test.dart: short screen enlarged text keeps consent and region reachable
00:36 +1274: /Users/lute/project/momcozy-lab/app/test/modules/consultation/home_consultation_dialog_test.dart: home preparation closes, cancels and enters through existing checks 430.0/2.0
00:36 +1275: /Users/lute/project/momcozy-lab/app/test/modules/consultation/home_consultation_dialog_test.dart: home preparation closes, cancels and enters through existing checks 430.0/2.0
00:36 +1276: /Users/lute/project/momcozy-lab/app/test/modules/consultation/home_consultation_dialog_test.dart: home preparation closes, cancels and enters through existing checks 430.0/2.0
00:36 +1277: /Users/lute/project/momcozy-lab/app/test/modules/consultation/consultation_start_test.dart: closing a preparing room cancels pending automatic join
00:36 +1278: /Users/lute/project/momcozy-lab/app/test/modules/ibclc/documentation_page_test.dart: published consultation summary at 320.0
00:36 +1279: /Users/lute/project/momcozy-lab/app/test/modules/consultation/consultation_start_test.dart: location network failure retries without joining prematurely
00:36 +1280: /Users/lute/project/momcozy-lab/app/test/modules/consultation/consultation_start_test.dart: location network failure retries without joining prematurely
00:36 +1281: /Users/lute/project/momcozy-lab/app/test/modules/ibclc/reports_page_test.dart: report detail at 1024.0
00:36 +1282: /Users/lute/project/momcozy-lab/app/test/modules/ibclc/reports_page_test.dart: report detail at 1024.0
00:36 +1283: /Users/lute/project/momcozy-lab/app/test/modules/ibclc/reports_page_test.dart: report detail at 1024.0
00:36 +1284: /Users/lute/project/momcozy-lab/app/test/modules/ibclc/reports_page_test.dart: report detail at 1024.0
00:36 +1285: /Users/lute/project/momcozy-lab/app/test/modules/ibclc/reports_page_test.dart: report detail at 1024.0
00:36 +1286: /Users/lute/project/momcozy-lab/app/test/modules/ibclc/reports_page_test.dart: report detail at 1024.0
00:36 +1287: /Users/lute/project/momcozy-lab/app/test/modules/ibclc/reports_page_test.dart: report detail at 1024.0
00:36 +1288: /Users/lute/project/momcozy-lab/app/test/modules/ibclc/reports_page_test.dart: report detail at 1024.0
00:36 +1289: /Users/lute/project/momcozy-lab/app/test/modules/ibclc/reports_page_test.dart: report detail at 1024.0
00:36 +1290: /Users/lute/project/momcozy-lab/app/test/modules/ibclc/reports_page_test.dart: report detail at 1024.0
00:36 +1291: /Users/lute/project/momcozy-lab/app/test/modules/ibclc/reports_page_test.dart: report detail at 1024.0
00:36 +1292: /Users/lute/project/momcozy-lab/app/test/modules/ibclc/reports_page_test.dart: report detail at 1024.0
00:36 +1293: /Users/lute/project/momcozy-lab/app/test/modules/ibclc/reports_page_test.dart: report detail at 1024.0
00:36 +1294: /Users/lute/project/momcozy-lab/app/test/modules/ibclc/reports_page_test.dart: report detail at 1024.0
00:36 +1295: /Users/lute/project/momcozy-lab/app/test/modules/ibclc/reports_page_test.dart: report detail at 1024.0
00:36 +1296: /Users/lute/project/momcozy-lab/app/test/modules/ibclc/reports_page_test.dart: report detail at 1024.0
00:36 +1297: /Users/lute/project/momcozy-lab/app/test/modules/ibclc/reports_page_test.dart: report detail at 1024.0
00:36 +1298: /Users/lute/project/momcozy-lab/app/test/modules/ibclc/reports_page_test.dart: report detail at 1024.0
00:37 +1299: /Users/lute/project/momcozy-lab/app/test/modules/ibclc/reports_page_test.dart: report detail at 1024.0
00:37 +1300: /Users/lute/project/momcozy-lab/app/test/modules/ibclc/workbench_page_test.dart: independent workbench appointments at 1024.0
00:37 +1301: /Users/lute/project/momcozy-lab/app/test/modules/ibclc/reports_page_test.dart: report detail at 1280.0
00:37 +1302: /Users/lute/project/momcozy-lab/app/test/modules/ibclc/reports_page_test.dart: report detail at 1280.0
00:37 +1303: /Users/lute/project/momcozy-lab/app/test/modules/ibclc/reports_page_test.dart: report detail at 1280.0
00:37 +1304: /Users/lute/project/momcozy-lab/app/test/modules/ibclc/workbench_page_test.dart: independent workbench clients at 1024.0
00:37 +1305: /Users/lute/project/momcozy-lab/app/test/modules/ibclc/workbench_page_test.dart: independent workbench clients at 1024.0
00:37 +1306: /Users/lute/project/momcozy-lab/app/test/modules/ibclc/workbench_page_test.dart: independent workbench clients at 1024.0
00:37 +1307: /Users/lute/project/momcozy-lab/app/test/modules/ibclc/workbench_page_test.dart: independent workbench clients at 1024.0
00:37 +1308: /Users/lute/project/momcozy-lab/app/test/modules/ibclc/workbench_page_test.dart: independent workbench clients at 1024.0
00:37 +1309: /Users/lute/project/momcozy-lab/app/test/modules/ibclc/reports_page_test.dart: report day selection updates the deep link and reloads its scope
00:37 +1310: /Users/lute/project/momcozy-lab/app/test/modules/ibclc/reports_page_test.dart: report day selection updates the deep link and reloads its scope
00:37 +1311: /Users/lute/project/momcozy-lab/app/test/modules/ibclc/reports_page_test.dart: report day selection updates the deep link and reloads its scope
00:37 +1312: /Users/lute/project/momcozy-lab/app/test/modules/baby/baby_switcher_design_test.dart: switcher changes the selected baby and opens its profile at 320.0/1.0
00:38 +1313: /Users/lute/project/momcozy-lab/app/test/modules/baby/baby_switcher_design_test.dart: switcher changes the selected baby and opens its profile at 320.0/1.0
00:38 +1314: /Users/lute/project/momcozy-lab/app/test/modules/baby/baby_switcher_design_test.dart: switcher changes the selected baby and opens its profile at 320.0/1.0
00:38 +1315: /Users/lute/project/momcozy-lab/app/test/modules/baby/baby_switcher_design_test.dart: switcher changes the selected baby and opens its profile at 320.0/1.0
00:38 +1316: /Users/lute/project/momcozy-lab/app/test/modules/baby/baby_switcher_design_test.dart: switcher changes the selected baby and opens its profile at 320.0/1.0
00:38 +1317: /Users/lute/project/momcozy-lab/app/test/modules/baby/baby_switcher_design_test.dart: switcher changes the selected baby and opens its profile at 320.0/1.0
00:38 +1318: /Users/lute/project/momcozy-lab/app/test/modules/baby/baby_switcher_design_test.dart: switcher changes the selected baby and opens its profile at 320.0/1.0
00:38 +1319: /Users/lute/project/momcozy-lab/app/test/modules/baby/baby_switcher_design_test.dart: switcher changes the selected baby and opens its profile at 320.0/1.0
00:38 +1320: /Users/lute/project/momcozy-lab/app/test/modules/baby/baby_switcher_design_test.dart: switcher changes the selected baby and opens its profile at 320.0/1.0
00:38 +1321: /Users/lute/project/momcozy-lab/app/test/modules/baby/baby_switcher_design_test.dart: switcher changes the selected baby and opens its profile at 320.0/1.0
00:38 +1322: /Users/lute/project/momcozy-lab/app/test/modules/baby/baby_switcher_design_test.dart: switcher changes the selected baby and opens its profile at 320.0/1.0
00:38 +1323: /Users/lute/project/momcozy-lab/app/test/modules/baby/baby_switcher_design_test.dart: switcher changes the selected baby and opens its profile at 320.0/1.0
00:38 +1324: /Users/lute/project/momcozy-lab/app/test/modules/baby/baby_switcher_design_test.dart: switcher changes the selected baby and opens its profile at 320.0/1.0
00:38 +1325: /Users/lute/project/momcozy-lab/app/test/modules/baby/baby_switcher_design_test.dart: switcher changes the selected baby and opens its profile at 320.0/1.0
00:38 +1326: /Users/lute/project/momcozy-lab/app/test/modules/baby/baby_growth_empty_state_test.dart: missing birth growth profile at 320.0/1.0 is actionable without fabricated reference
00:38 +1327: /Users/lute/project/momcozy-lab/app/test/modules/baby/baby_growth_empty_state_test.dart: missing birth growth profile at 320.0/1.0 is actionable without fabricated reference
00:39 +1328: /Users/lute/project/momcozy-lab/app/test/modules/baby/baby_growth_empty_state_test.dart: missing birth growth profile at 320.0/1.0 is actionable without fabricated reference
00:39 +1329: /Users/lute/project/momcozy-lab/app/test/modules/baby/baby_growth_empty_state_test.dart: missing birth growth profile at 320.0/1.0 is actionable without fabricated reference
00:39 +1330: /Users/lute/project/momcozy-lab/app/test/modules/baby/baby_growth_empty_state_test.dart: missing birth growth profile at 320.0/1.0 is actionable without fabricated reference
00:39 +1331: /Users/lute/project/momcozy-lab/app/test/modules/baby/baby_growth_empty_state_test.dart: missing birth growth profile at 320.0/1.0 is actionable without fabricated reference
00:39 +1332: /Users/lute/project/momcozy-lab/app/test/modules/baby/baby_growth_empty_state_test.dart: missing birth growth profile at 320.0/1.0 is actionable without fabricated reference
00:39 +1333: /Users/lute/project/momcozy-lab/app/test/modules/baby/baby_growth_empty_state_test.dart: missing birth growth profile at 320.0/1.0 is actionable without fabricated reference
00:39 +1334: /Users/lute/project/momcozy-lab/app/test/modules/baby/baby_growth_empty_state_test.dart: missing birth growth profile at 320.0/1.0 is actionable without fabricated reference
00:39 +1335: /Users/lute/project/momcozy-lab/app/test/modules/baby/baby_growth_empty_state_test.dart: missing birth growth profile at 320.0/1.0 is actionable without fabricated reference
00:39 +1336: /Users/lute/project/momcozy-lab/app/test/modules/baby/baby_growth_empty_state_test.dart: missing birth growth profile at 320.0/1.0 is actionable without fabricated reference
00:39 +1337: /Users/lute/project/momcozy-lab/app/test/modules/baby/baby_growth_empty_state_test.dart: missing birth growth profile at 320.0/1.0 is actionable without fabricated reference
00:39 +1338: /Users/lute/project/momcozy-lab/app/test/modules/baby/baby_growth_empty_state_test.dart: missing birth growth profile at 320.0/1.0 is actionable without fabricated reference
00:39 +1339: /Users/lute/project/momcozy-lab/app/test/modules/baby/baby_growth_empty_state_test.dart: missing birth growth profile at 320.0/1.0 is actionable without fabricated reference
00:39 +1340: /Users/lute/project/momcozy-lab/app/test/modules/baby/baby_growth_empty_state_test.dart: missing birth growth profile at 320.0/1.0 is actionable without fabricated reference
00:39 +1341: /Users/lute/project/momcozy-lab/app/test/modules/baby/baby_growth_empty_state_test.dart: missing birth growth profile at 320.0/1.0 is actionable without fabricated reference
00:39 +1342: /Users/lute/project/momcozy-lab/app/test/modules/baby/baby_growth_empty_state_test.dart: missing birth growth profile at 320.0/1.0 is actionable without fabricated reference
00:39 +1343: /Users/lute/project/momcozy-lab/app/test/modules/baby/baby_growth_empty_state_test.dart: missing birth growth profile at 320.0/1.0 is actionable without fabricated reference
00:39 +1344: /Users/lute/project/momcozy-lab/app/test/modules/baby/baby_growth_empty_state_test.dart: missing birth growth profile at 320.0/1.0 is actionable without fabricated reference
00:39 +1345: /Users/lute/project/momcozy-lab/app/test/modules/baby/baby_growth_empty_state_test.dart: missing birth growth profile at 320.0/1.0 is actionable without fabricated reference
00:39 +1346: /Users/lute/project/momcozy-lab/app/test/modules/baby/baby_save_feedback_test.dart: feeding validation, save, uncertain undo and feedback at 320.0/1.0
00:39 +1347: /Users/lute/project/momcozy-lab/app/test/modules/baby/baby_save_feedback_test.dart: feeding validation, save, uncertain undo and feedback at 320.0/1.0
00:39 +1348: /Users/lute/project/momcozy-lab/app/test/modules/baby/baby_save_feedback_test.dart: feeding validation, save, uncertain undo and feedback at 320.0/1.0
00:39 +1349: /Users/lute/project/momcozy-lab/app/test/modules/baby/baby_save_feedback_test.dart: feeding validation, save, uncertain undo and feedback at 320.0/1.0
00:39 +1350: /Users/lute/project/momcozy-lab/app/test/modules/baby/baby_save_feedback_test.dart: feeding validation, save, uncertain undo and feedback at 320.0/1.0
00:39 +1351: /Users/lute/project/momcozy-lab/app/test/modules/baby/baby_save_feedback_test.dart: feeding validation, save, uncertain undo and feedback at 320.0/1.0
00:39 +1352: /Users/lute/project/momcozy-lab/app/test/modules/baby/baby_save_feedback_test.dart: feeding validation, save, uncertain undo and feedback at 320.0/1.0
00:39 +1353: /Users/lute/project/momcozy-lab/app/test/modules/baby/baby_save_feedback_test.dart: feeding validation, save, uncertain undo and feedback at 320.0/1.0
00:39 +1354: /Users/lute/project/momcozy-lab/app/test/modules/baby/baby_save_feedback_test.dart: feeding validation, save, uncertain undo and feedback at 320.0/1.0
00:39 +1355: /Users/lute/project/momcozy-lab/app/test/modules/baby/baby_save_feedback_test.dart: feeding validation, save, uncertain undo and feedback at 320.0/1.0
00:39 +1356: /Users/lute/project/momcozy-lab/app/test/modules/baby/baby_save_feedback_test.dart: feeding validation, save, uncertain undo and feedback at 320.0/1.0
00:39 +1357: /Users/lute/project/momcozy-lab/app/test/modules/baby/baby_save_feedback_test.dart: feeding validation, save, uncertain undo and feedback at 320.0/1.0
00:39 +1358: /Users/lute/project/momcozy-lab/app/test/modules/baby/baby_save_feedback_test.dart: feeding validation, save, uncertain undo and feedback at 320.0/1.0
00:39 +1359: /Users/lute/project/momcozy-lab/app/test/modules/baby/baby_save_feedback_test.dart: feeding validation, save, uncertain undo and feedback at 320.0/1.0
00:39 +1360: /Users/lute/project/momcozy-lab/app/test/modules/baby/baby_save_feedback_test.dart: feeding validation, save, uncertain undo and feedback at 320.0/1.0
00:40 +1361: /Users/lute/project/momcozy-lab/app/test/modules/baby/baby_save_feedback_test.dart: feeding validation, save, uncertain undo and feedback at 320.0/1.0
00:40 +1362: /Users/lute/project/momcozy-lab/app/test/modules/baby/baby_save_feedback_test.dart: feeding validation, save, uncertain undo and feedback at 320.0/1.0
00:40 +1363: /Users/lute/project/momcozy-lab/app/test/modules/baby/baby_save_feedback_test.dart: feeding validation, save, uncertain undo and feedback at 320.0/1.0
00:40 +1364: /Users/lute/project/momcozy-lab/app/test/modules/baby/baby_save_feedback_test.dart: feeding validation, save, uncertain undo and feedback at 320.0/1.0
00:40 +1365: /Users/lute/project/momcozy-lab/app/test/modules/baby/baby_save_feedback_test.dart: feeding validation, save, uncertain undo and feedback at 320.0/1.0
00:40 +1366: /Users/lute/project/momcozy-lab/app/test/modules/baby/baby_save_feedback_test.dart: feeding validation, save, uncertain undo and feedback at 320.0/1.0
00:40 +1367: /Users/lute/project/momcozy-lab/app/test/modules/baby/baby_save_feedback_test.dart: feeding validation, save, uncertain undo and feedback at 320.0/1.0
00:40 +1368: /Users/lute/project/momcozy-lab/app/test/modules/baby/baby_save_feedback_test.dart: feeding validation, save, uncertain undo and feedback at 320.0/1.0
00:40 +1369: /Users/lute/project/momcozy-lab/app/test/modules/ibclc/workbench_page_test.dart: login protects a client deep link until both factors and the identity response succeed
00:40 +1370: /Users/lute/project/momcozy-lab/app/test/modules/baby/baby_editor_states_test.dart: nursing keeps its primary action visible at 320.0/1.0
00:40 +1371: /Users/lute/project/momcozy-lab/app/test/modules/baby/baby_editor_states_test.dart: nursing keeps its primary action visible at 320.0/1.0
00:40 +1372: /Users/lute/project/momcozy-lab/app/test/modules/profile/privacy_test.dart: pending save locks edits and read retry can resolve uncertain result
00:40 +1373: /Users/lute/project/momcozy-lab/app/test/modules/baby/baby_growth_empty_state_test.dart: missing sex growth profile at 320.0/2.0 is actionable without fabricated reference
00:40 +1374: /Users/lute/project/momcozy-lab/app/test/modules/baby/baby_save_feedback_test.dart: feeding validation, save, uncertain undo and feedback at 320.0/2.0
00:40 +1375: /Users/lute/project/momcozy-lab/app/test/modules/baby/baby_save_feedback_test.dart: feeding validation, save, uncertain undo and feedback at 320.0/2.0
00:40 +1376: /Users/lute/project/momcozy-lab/app/test/modules/baby/baby_save_feedback_test.dart: feeding validation, save, uncertain undo and feedback at 320.0/2.0
00:40 +1377: /Users/lute/project/momcozy-lab/app/test/modules/baby/baby_save_feedback_test.dart: feeding validation, save, uncertain undo and feedback at 320.0/2.0
00:40 +1378: /Users/lute/project/momcozy-lab/app/test/modules/baby/baby_save_feedback_test.dart: feeding validation, save, uncertain undo and feedback at 320.0/2.0
00:40 +1379: /Users/lute/project/momcozy-lab/app/test/modules/baby/baby_save_feedback_test.dart: feeding validation, save, uncertain undo and feedback at 320.0/2.0
00:40 +1380: /Users/lute/project/momcozy-lab/app/test/modules/baby/baby_save_feedback_test.dart: feeding validation, save, uncertain undo and feedback at 320.0/2.0
00:40 +1381: /Users/lute/project/momcozy-lab/app/test/modules/baby/baby_save_feedback_test.dart: feeding validation, save, uncertain undo and feedback at 320.0/2.0
00:40 +1382: /Users/lute/project/momcozy-lab/app/test/modules/baby/baby_save_feedback_test.dart: feeding validation, save, uncertain undo and feedback at 320.0/2.0
00:40 +1383: /Users/lute/project/momcozy-lab/app/test/modules/baby/baby_save_feedback_test.dart: feeding validation, save, uncertain undo and feedback at 320.0/2.0
00:40 +1384: /Users/lute/project/momcozy-lab/app/test/modules/baby/baby_save_feedback_test.dart: feeding validation, save, uncertain undo and feedback at 320.0/2.0
00:40 +1385: /Users/lute/project/momcozy-lab/app/test/modules/baby/baby_save_feedback_test.dart: feeding validation, save, uncertain undo and feedback at 320.0/2.0
00:40 +1386: /Users/lute/project/momcozy-lab/app/test/modules/baby/baby_save_feedback_test.dart: feeding validation, save, uncertain undo and feedback at 320.0/2.0
00:40 +1387: /Users/lute/project/momcozy-lab/app/test/modules/baby/baby_growth_empty_state_test.dart: missing both growth profile at 320.0/2.0 is actionable without fabricated reference
00:40 +1388: /Users/lute/project/momcozy-lab/app/test/modules/baby/baby_editor_states_test.dart: sleep-active keeps its primary action visible at 320.0/1.0
00:40 +1389: /Users/lute/project/momcozy-lab/app/test/modules/baby/baby_editor_states_test.dart: sleep-active keeps its primary action visible at 320.0/1.0
00:40 +1390: /Users/lute/project/momcozy-lab/app/test/modules/ibclc/workbench_page_test.dart: consultation intake values are available to screen readers
00:40 +1391: /Users/lute/project/momcozy-lab/app/test/modules/baby/baby_save_feedback_test.dart: feeding validation, save, uncertain undo and feedback at 390.0/1.0
00:40 +1392: /Users/lute/project/momcozy-lab/app/test/modules/baby/baby_save_feedback_test.dart: feeding validation, save, uncertain undo and feedback at 390.0/1.0
00:40 +1393: /Users/lute/project/momcozy-lab/app/test/modules/baby/baby_save_feedback_test.dart: feeding validation, save, uncertain undo and feedback at 390.0/1.0
00:40 +1394: /Users/lute/project/momcozy-lab/app/test/modules/baby/baby_save_feedback_test.dart: feeding validation, save, uncertain undo and feedback at 390.0/1.0
00:40 +1395: /Users/lute/project/momcozy-lab/app/test/modules/baby/baby_save_feedback_test.dart: feeding validation, save, uncertain undo and feedback at 390.0/1.0
00:40 +1396: /Users/lute/project/momcozy-lab/app/test/modules/baby/baby_save_feedback_test.dart: feeding validation, save, uncertain undo and feedback at 390.0/1.0
00:40 +1397: /Users/lute/project/momcozy-lab/app/test/modules/baby/baby_save_feedback_test.dart: feeding validation, save, uncertain undo and feedback at 390.0/1.0
00:40 +1398: /Users/lute/project/momcozy-lab/app/test/modules/baby/baby_growth_empty_state_test.dart: missing sex growth profile at 390.0/1.0 is actionable without fabricated reference
00:40 +1399: /Users/lute/project/momcozy-lab/app/test/modules/baby/baby_growth_empty_state_test.dart: missing sex growth profile at 390.0/1.0 is actionable without fabricated reference
00:40 +1400: /Users/lute/project/momcozy-lab/app/test/modules/baby/baby_growth_empty_state_test.dart: missing sex growth profile at 390.0/1.0 is actionable without fabricated reference
00:41 +1401: /Users/lute/project/momcozy-lab/app/test/modules/baby/baby_save_feedback_test.dart: feeding validation, save, uncertain undo and feedback at 390.0/2.0
00:41 +1402: /Users/lute/project/momcozy-lab/app/test/modules/baby/baby_save_feedback_test.dart: feeding validation, save, uncertain undo and feedback at 390.0/2.0
00:41 +1403: /Users/lute/project/momcozy-lab/app/test/modules/baby/baby_save_feedback_test.dart: feeding validation, save, uncertain undo and feedback at 390.0/2.0
00:41 +1404: /Users/lute/project/momcozy-lab/app/test/modules/baby/baby_save_feedback_test.dart: feeding validation, save, uncertain undo and feedback at 390.0/2.0
00:41 +1405: /Users/lute/project/momcozy-lab/app/test/modules/baby/baby_save_feedback_test.dart: feeding validation, save, uncertain undo and feedback at 390.0/2.0
00:41 +1406: /Users/lute/project/momcozy-lab/app/test/modules/baby/baby_save_feedback_test.dart: feeding validation, save, uncertain undo and feedback at 390.0/2.0
00:41 +1407: /Users/lute/project/momcozy-lab/app/test/modules/baby/baby_save_feedback_test.dart: feeding validation, save, uncertain undo and feedback at 390.0/2.0
00:41 +1408: /Users/lute/project/momcozy-lab/app/test/modules/baby/baby_save_feedback_test.dart: feeding validation, save, uncertain undo and feedback at 390.0/2.0
00:41 +1409: /Users/lute/project/momcozy-lab/app/test/modules/baby/baby_save_feedback_test.dart: feeding validation, save, uncertain undo and feedback at 390.0/2.0
00:41 +1410: /Users/lute/project/momcozy-lab/app/test/modules/baby/baby_save_feedback_test.dart: feeding validation, save, uncertain undo and feedback at 390.0/2.0
00:41 +1411: /Users/lute/project/momcozy-lab/app/test/modules/baby/baby_editor_states_test.dart: nursing keeps its primary action visible at 390.0/1.0
00:41 +1412: /Users/lute/project/momcozy-lab/app/test/modules/baby/baby_pages_test.dart: diaper editor remains usable at 430.0 / 2.0
00:41 +1413: /Users/lute/project/momcozy-lab/app/test/modules/baby/baby_pages_test.dart: diaper editor remains usable at 430.0 / 2.0
00:41 +1414: /Users/lute/project/momcozy-lab/app/test/modules/baby/baby_pages_test.dart: diaper editor remains usable at 430.0 / 2.0
00:41 +1415: /Users/lute/project/momcozy-lab/app/test/modules/baby/baby_pages_test.dart: diaper editor remains usable at 430.0 / 2.0
00:41 +1416: /Users/lute/project/momcozy-lab/app/test/modules/baby/baby_pages_test.dart: diaper editor remains usable at 430.0 / 2.0
00:41 +1417: /Users/lute/project/momcozy-lab/app/test/modules/baby/baby_pages_test.dart: diaper editor remains usable at 430.0 / 2.0
00:41 +1418: /Users/lute/project/momcozy-lab/app/test/modules/baby/baby_growth_empty_state_test.dart: missing birth growth profile at 390.0/2.0 is actionable without fabricated reference
00:41 +1419: /Users/lute/project/momcozy-lab/app/test/modules/baby/baby_growth_empty_state_test.dart: missing birth growth profile at 390.0/2.0 is actionable without fabricated reference
00:41 +1420: /Users/lute/project/momcozy-lab/app/test/modules/baby/baby_growth_empty_state_test.dart: missing birth growth profile at 390.0/2.0 is actionable without fabricated reference
00:41 +1421: /Users/lute/project/momcozy-lab/app/test/modules/baby/baby_growth_empty_state_test.dart: missing birth growth profile at 390.0/2.0 is actionable without fabricated reference
00:41 +1422: /Users/lute/project/momcozy-lab/app/test/modules/baby/baby_growth_empty_state_test.dart: missing birth growth profile at 390.0/2.0 is actionable without fabricated reference
00:41 +1423: /Users/lute/project/momcozy-lab/app/test/modules/baby/baby_save_feedback_test.dart: feeding validation, save, uncertain undo and feedback at 430.0/1.0
00:41 +1424: /Users/lute/project/momcozy-lab/app/test/modules/baby/baby_save_feedback_test.dart: feeding validation, save, uncertain undo and feedback at 430.0/1.0
00:41 +1425: /Users/lute/project/momcozy-lab/app/test/modules/baby/baby_save_feedback_test.dart: feeding validation, save, uncertain undo and feedback at 430.0/1.0
00:41 +1426: /Users/lute/project/momcozy-lab/app/test/modules/baby/baby_save_feedback_test.dart: feeding validation, save, uncertain undo and feedback at 430.0/1.0
00:41 +1427: /Users/lute/project/momcozy-lab/app/test/modules/baby/baby_save_feedback_test.dart: feeding validation, save, uncertain undo and feedback at 430.0/1.0
00:41 +1428: /Users/lute/project/momcozy-lab/app/test/modules/baby/baby_save_feedback_test.dart: feeding validation, save, uncertain undo and feedback at 430.0/1.0
00:41 +1429: /Users/lute/project/momcozy-lab/app/test/modules/baby/baby_save_feedback_test.dart: feeding validation, save, uncertain undo and feedback at 430.0/1.0
00:41 +1430: /Users/lute/project/momcozy-lab/app/test/modules/baby/baby_editor_states_test.dart: nursing keeps its primary action visible at 390.0/2.0
00:41 +1431: /Users/lute/project/momcozy-lab/app/test/modules/baby/baby_growth_empty_state_test.dart: missing both growth profile at 390.0/2.0 is actionable without fabricated reference
00:41 +1432: /Users/lute/project/momcozy-lab/app/test/modules/baby/baby_pages_test.dart: history edits and restores the same baby record at 320.0 / 1.0
00:41 +1433: /Users/lute/project/momcozy-lab/app/test/modules/baby/baby_pages_test.dart: history edits and restores the same baby record at 320.0 / 1.0
00:41 +1434: /Users/lute/project/momcozy-lab/app/test/modules/baby/baby_pages_test.dart: history edits and restores the same baby record at 320.0 / 1.0
00:41 +1435: /Users/lute/project/momcozy-lab/app/test/modules/baby/baby_pages_test.dart: history edits and restores the same baby record at 320.0 / 1.0
00:41 +1436: /Users/lute/project/momcozy-lab/app/test/modules/baby/baby_growth_empty_state_test.dart: missing birth growth profile at 430.0/1.0 is actionable without fabricated reference
00:41 +1437: /Users/lute/project/momcozy-lab/app/test/modules/baby/baby_editor_states_test.dart: wet keeps its primary action visible at 430.0/1.0
00:41 +1438: /Users/lute/project/momcozy-lab/app/test/modules/baby/baby_pages_test.dart: history edits and restores the same baby record at 320.0 / 2.0
00:42 +1439: /Users/lute/project/momcozy-lab/app/test/modules/baby/baby_pages_test.dart: history edits and restores the same baby record at 320.0 / 2.0
00:42 +1440: /Users/lute/project/momcozy-lab/app/test/modules/baby/baby_pages_test.dart: history edits and restores the same baby record at 320.0 / 2.0
00:42 +1441: /Users/lute/project/momcozy-lab/app/test/modules/baby/baby_pages_test.dart: history edits and restores the same baby record at 320.0 / 2.0
00:42 +1442: /Users/lute/project/momcozy-lab/app/test/modules/baby/baby_editor_states_test.dart: sleep-active keeps its primary action visible at 430.0/1.0
00:42 +1443: /Users/lute/project/momcozy-lab/app/test/modules/services/service_catalog_states_test.dart: four catalog packages open the matching detail and purchase confirmation 320.0/1.0
00:42 +1444: /Users/lute/project/momcozy-lab/app/test/modules/services/service_catalog_states_test.dart: four catalog packages open the matching detail and purchase confirmation 320.0/1.0
00:42 +1445: /Users/lute/project/momcozy-lab/app/test/modules/services/service_catalog_states_test.dart: four catalog packages open the matching detail and purchase confirmation 320.0/1.0
00:42 +1446: /Users/lute/project/momcozy-lab/app/test/modules/services/service_catalog_states_test.dart: four catalog packages open the matching detail and purchase confirmation 320.0/1.0
00:42 +1447: /Users/lute/project/momcozy-lab/app/test/modules/services/service_catalog_states_test.dart: four catalog packages open the matching detail and purchase confirmation 320.0/1.0
00:42 +1448: /Users/lute/project/momcozy-lab/app/test/modules/services/service_catalog_states_test.dart: four catalog packages open the matching detail and purchase confirmation 320.0/1.0
00:42 +1449: /Users/lute/project/momcozy-lab/app/test/modules/services/service_catalog_states_test.dart: four catalog packages open the matching detail and purchase confirmation 320.0/1.0
00:42 +1450: /Users/lute/project/momcozy-lab/app/test/modules/services/service_catalog_states_test.dart: four catalog packages open the matching detail and purchase confirmation 320.0/1.0
00:42 +1451: /Users/lute/project/momcozy-lab/app/test/modules/services/service_catalog_states_test.dart: four catalog packages open the matching detail and purchase confirmation 320.0/1.0
00:42 +1452: /Users/lute/project/momcozy-lab/app/test/modules/services/service_catalog_states_test.dart: four catalog packages open the matching detail and purchase confirmation 320.0/1.0
00:42 +1453: /Users/lute/project/momcozy-lab/app/test/modules/services/service_catalog_states_test.dart: four catalog packages open the matching detail and purchase confirmation 320.0/1.0
00:42 +1454: /Users/lute/project/momcozy-lab/app/test/modules/services/service_catalog_states_test.dart: four catalog packages open the matching detail and purchase confirmation 320.0/1.0
00:42 +1455: /Users/lute/project/momcozy-lab/app/test/modules/services/service_catalog_states_test.dart: four catalog packages open the matching detail and purchase confirmation 320.0/1.0
00:42 +1456: /Users/lute/project/momcozy-lab/app/test/modules/services/service_catalog_states_test.dart: four catalog packages open the matching detail and purchase confirmation 320.0/1.0
00:42 +1457: /Users/lute/project/momcozy-lab/app/test/modules/services/service_catalog_states_test.dart: four catalog packages open the matching detail and purchase confirmation 320.0/1.0
00:42 +1458: /Users/lute/project/momcozy-lab/app/test/modules/services/service_catalog_states_test.dart: four catalog packages open the matching detail and purchase confirmation 320.0/1.0
00:43 +1459: /Users/lute/project/momcozy-lab/app/test/modules/services/service_catalog_states_test.dart: four catalog packages open the matching detail and purchase confirmation 320.0/1.0
00:43 +1460: /Users/lute/project/momcozy-lab/app/test/modules/services/service_catalog_states_test.dart: four catalog packages open the matching detail and purchase confirmation 320.0/1.0
00:43 +1461: /Users/lute/project/momcozy-lab/app/test/modules/services/service_catalog_states_test.dart: four catalog packages open the matching detail and purchase confirmation 320.0/1.0
00:43 +1462: /Users/lute/project/momcozy-lab/app/test/modules/services/service_catalog_states_test.dart: four catalog packages open the matching detail and purchase confirmation 320.0/1.0
00:43 +1463: /Users/lute/project/momcozy-lab/app/test/modules/services/service_catalog_states_test.dart: four catalog packages open the matching detail and purchase confirmation 320.0/1.0
00:43 +1464: /Users/lute/project/momcozy-lab/app/test/modules/services/service_catalog_states_test.dart: four catalog packages open the matching detail and purchase confirmation 320.0/1.0
00:43 +1465: /Users/lute/project/momcozy-lab/app/test/modules/services/service_catalog_states_test.dart: four catalog packages open the matching detail and purchase confirmation 320.0/1.0
00:43 +1466: /Users/lute/project/momcozy-lab/app/test/modules/services/service_catalog_states_test.dart: four catalog packages open the matching detail and purchase confirmation 320.0/1.0
00:43 +1467: /Users/lute/project/momcozy-lab/app/test/modules/services/service_catalog_states_test.dart: four catalog packages open the matching detail and purchase confirmation 320.0/1.0
00:43 +1468: /Users/lute/project/momcozy-lab/app/test/modules/services/service_catalog_states_test.dart: four catalog packages open the matching detail and purchase confirmation 320.0/1.0
00:43 +1469: /Users/lute/project/momcozy-lab/app/test/modules/services/service_catalog_states_test.dart: four catalog packages open the matching detail and purchase confirmation 320.0/1.0
00:43 +1470: /Users/lute/project/momcozy-lab/app/test/modules/services/service_catalog_states_test.dart: four catalog packages open the matching detail and purchase confirmation 320.0/1.0
00:43 +1471: /Users/lute/project/momcozy-lab/app/test/modules/services/service_catalog_states_test.dart: four catalog packages open the matching detail and purchase confirmation 320.0/1.0
00:43 +1472: /Users/lute/project/momcozy-lab/app/test/modules/services/service_purchase_test.dart: purchase states and booking result at 320.0 / 1.0
00:43 +1473: /Users/lute/project/momcozy-lab/app/test/modules/services/service_purchase_test.dart: purchase states and booking result at 320.0 / 1.0
00:43 +1474: /Users/lute/project/momcozy-lab/app/test/modules/services/booking_test.dart: booking precheck and held dialog flow at 320.0 / 1.0
00:43 +1475: /Users/lute/project/momcozy-lab/app/test/modules/services/booking_test.dart: booking precheck and held dialog flow at 320.0 / 1.0
00:43 +1476: /Users/lute/project/momcozy-lab/app/test/modules/services/booking_test.dart: booking precheck and held dialog flow at 320.0 / 1.0
00:43 +1477: /Users/lute/project/momcozy-lab/app/test/modules/services/booking_test.dart: booking precheck and held dialog flow at 320.0 / 1.0
00:43 +1478: /Users/lute/project/momcozy-lab/app/test/modules/services/expert_home_states_test.dart: home purchased, intake and preparation actions 320.0/1.0
00:43 +1479: /Users/lute/project/momcozy-lab/app/test/modules/services/expert_home_states_test.dart: home purchased, intake and preparation actions 320.0/1.0
00:44 +1480: /Users/lute/project/momcozy-lab/app/test/modules/services/expert_home_states_test.dart: home purchased, intake and preparation actions 320.0/1.0
00:44 +1481: /Users/lute/project/momcozy-lab/app/test/modules/services/intake_test.dart: intake design disclosures consent and save at 320.0 / 1.0
00:44 +1482: /Users/lute/project/momcozy-lab/app/test/modules/services/intake_test.dart: intake design disclosures consent and save at 320.0 / 1.0
00:44 +1483: /Users/lute/project/momcozy-lab/app/test/modules/services/intake_test.dart: intake design disclosures consent and save at 320.0 / 1.0
00:44 +1484: /Users/lute/project/momcozy-lab/app/test/modules/services/intake_test.dart: intake design disclosures consent and save at 320.0 / 1.0
00:44 +1485: /Users/lute/project/momcozy-lab/app/test/modules/services/intake_test.dart: intake design disclosures consent and save at 320.0 / 1.0
00:44 +1486: /Users/lute/project/momcozy-lab/app/test/modules/services/intake_test.dart: intake design disclosures consent and save at 320.0 / 1.0
00:44 +1487: /Users/lute/project/momcozy-lab/app/test/modules/services/intake_test.dart: intake design disclosures consent and save at 320.0 / 1.0
00:44 +1488: /Users/lute/project/momcozy-lab/app/test/modules/services/intake_test.dart: intake design disclosures consent and save at 320.0 / 1.0
00:44 +1489: /Users/lute/project/momcozy-lab/app/test/modules/services/intake_test.dart: intake design disclosures consent and save at 320.0 / 1.0
00:44 +1490: /Users/lute/project/momcozy-lab/app/test/modules/services/intake_test.dart: intake design disclosures consent and save at 320.0 / 1.0
00:44 +1491: /Users/lute/project/momcozy-lab/app/test/modules/services/intake_test.dart: intake design disclosures consent and save at 320.0 / 1.0
00:44 +1492: /Users/lute/project/momcozy-lab/app/test/modules/services/booking_test.dart: booking precheck and held dialog flow at 390.0 / 1.0
00:44 +1493: /Users/lute/project/momcozy-lab/app/test/modules/services/booking_test.dart: booking precheck and held dialog flow at 390.0 / 1.0
00:44 +1494: /Users/lute/project/momcozy-lab/app/test/modules/services/booking_test.dart: booking precheck and held dialog flow at 390.0 / 1.0
00:44 +1495: /Users/lute/project/momcozy-lab/app/test/modules/services/appointment_detail_test.dart: short screen and safe areas keep cancellation actions reachable
00:45 +1496: /Users/lute/project/momcozy-lab/app/test/modules/services/appointment_detail_test.dart: short screen and safe areas keep cancellation actions reachable
00:45 +1497: /Users/lute/project/momcozy-lab/app/test/modules/services/appointment_detail_test.dart: short screen and safe areas keep cancellation actions reachable
00:45 +1498: /Users/lute/project/momcozy-lab/app/test/modules/services/appointment_detail_test.dart: short screen and safe areas keep cancellation actions reachable
00:45 +1499: /Users/lute/project/momcozy-lab/app/test/modules/services/service_catalog_states_test.dart: four catalog packages open the matching detail and purchase confirmation 390.0/2.0
00:45 +1500: /Users/lute/project/momcozy-lab/app/test/modules/services/service_catalog_states_test.dart: four catalog packages open the matching detail and purchase confirmation 390.0/2.0
00:45 +1501: /Users/lute/project/momcozy-lab/app/test/modules/services/service_catalog_states_test.dart: four catalog packages open the matching detail and purchase confirmation 390.0/2.0
00:45 +1502: /Users/lute/project/momcozy-lab/app/test/modules/services/intake_test.dart: intake design disclosures consent and save at 320.0 / 2.0
00:45 +1503: /Users/lute/project/momcozy-lab/app/test/modules/services/intake_test.dart: intake design disclosures consent and save at 320.0 / 2.0
00:45 +1504: /Users/lute/project/momcozy-lab/app/test/modules/services/intake_test.dart: intake design disclosures consent and save at 320.0 / 2.0
00:45 +1505: /Users/lute/project/momcozy-lab/app/test/modules/services/intake_test.dart: intake design disclosures consent and save at 320.0 / 2.0
00:45 +1506: /Users/lute/project/momcozy-lab/app/test/modules/services/intake_test.dart: intake design disclosures consent and save at 320.0 / 2.0
00:45 +1507: /Users/lute/project/momcozy-lab/app/test/modules/services/booking_test.dart: booking precheck and held dialog flow at 430.0 / 1.0
00:45 +1508: /Users/lute/project/momcozy-lab/app/test/modules/services/booking_test.dart: booking precheck and held dialog flow at 430.0 / 1.0
00:45 +1509: /Users/lute/project/momcozy-lab/app/test/modules/services/booking_test.dart: booking precheck and held dialog flow at 430.0 / 1.0
00:45 +1510: /Users/lute/project/momcozy-lab/app/test/modules/services/booking_test.dart: booking precheck and held dialog flow at 430.0 / 1.0
00:45 +1511: /Users/lute/project/momcozy-lab/app/test/modules/services/booking_test.dart: booking precheck and held dialog flow at 430.0 / 1.0
00:45 +1512: /Users/lute/project/momcozy-lab/app/test/modules/services/booking_test.dart: booking precheck and held dialog flow at 430.0 / 1.0
00:45 +1513: /Users/lute/project/momcozy-lab/app/test/modules/services/booking_test.dart: booking precheck and held dialog flow at 430.0 / 1.0
00:45 +1514: /Users/lute/project/momcozy-lab/app/test/modules/services/booking_test.dart: booking precheck and held dialog flow at 430.0 / 1.0
00:45 +1515: /Users/lute/project/momcozy-lab/app/test/modules/services/service_catalog_states_test.dart: four catalog packages open the matching detail and purchase confirmation 430.0/1.0
00:45 +1516: /Users/lute/project/momcozy-lab/app/test/modules/services/service_catalog_states_test.dart: four catalog packages open the matching detail and purchase confirmation 430.0/1.0
00:45 +1517: /Users/lute/project/momcozy-lab/app/test/modules/services/service_catalog_states_test.dart: four catalog packages open the matching detail and purchase confirmation 430.0/1.0
00:45 +1518: /Users/lute/project/momcozy-lab/app/test/modules/services/service_catalog_states_test.dart: four catalog packages open the matching detail and purchase confirmation 430.0/1.0
00:45 +1519: /Users/lute/project/momcozy-lab/app/test/modules/services/service_catalog_states_test.dart: four catalog packages open the matching detail and purchase confirmation 430.0/1.0
00:46 +1520: /Users/lute/project/momcozy-lab/app/test/modules/services/service_catalog_states_test.dart: four catalog packages open the matching detail and purchase confirmation 430.0/1.0
00:46 +1521: /Users/lute/project/momcozy-lab/app/test/modules/services/service_catalog_states_test.dart: four catalog packages open the matching detail and purchase confirmation 430.0/1.0
00:46 +1522: /Users/lute/project/momcozy-lab/app/test/modules/services/service_catalog_states_test.dart: four catalog packages open the matching detail and purchase confirmation 430.0/1.0
00:46 +1523: /Users/lute/project/momcozy-lab/app/test/modules/services/service_catalog_states_test.dart: four catalog packages open the matching detail and purchase confirmation 430.0/1.0
00:46 +1524: /Users/lute/project/momcozy-lab/app/test/modules/services/service_catalog_states_test.dart: four catalog packages open the matching detail and purchase confirmation 430.0/1.0
00:46 +1525: /Users/lute/project/momcozy-lab/app/test/modules/services/service_catalog_states_test.dart: four catalog packages open the matching detail and purchase confirmation 430.0/1.0
00:46 +1526: /Users/lute/project/momcozy-lab/app/test/modules/services/service_design_test.dart: home keeps booking disabled until appointment status is known
00:46 +1527: /Users/lute/project/momcozy-lab/app/test/modules/services/service_design_test.dart: home keeps booking disabled until appointment status is known
00:46 +1528: /Users/lute/project/momcozy-lab/app/test/modules/services/intake_test.dart: intake design disclosures consent and save at 390.0 / 1.0
00:46 +1529: /Users/lute/project/momcozy-lab/app/test/modules/services/intake_test.dart: intake design disclosures consent and save at 390.0 / 1.0
00:46 +1530: /Users/lute/project/momcozy-lab/app/test/modules/services/intake_test.dart: intake design disclosures consent and save at 390.0 / 1.0
00:46 +1531: /Users/lute/project/momcozy-lab/app/test/modules/services/intake_test.dart: intake design disclosures consent and save at 390.0 / 1.0
00:46 +1532: /Users/lute/project/momcozy-lab/app/test/modules/services/intake_test.dart: intake design disclosures consent and save at 390.0 / 1.0
00:46 +1533: /Users/lute/project/momcozy-lab/app/test/modules/services/booking_test.dart: booking precheck and held dialog flow at 430.0 / 2.0
00:46 +1534: /Users/lute/project/momcozy-lab/app/test/modules/services/booking_test.dart: booking precheck and held dialog flow at 430.0 / 2.0
00:46 +1535: /Users/lute/project/momcozy-lab/app/test/modules/services/booking_test.dart: booking precheck and held dialog flow at 430.0 / 2.0
00:46 +1536: /Users/lute/project/momcozy-lab/app/test/modules/services/booking_test.dart: booking precheck and held dialog flow at 430.0 / 2.0
00:46 +1537: /Users/lute/project/momcozy-lab/app/test/modules/services/service_catalog_states_test.dart: four catalog packages open the matching detail and purchase confirmation 430.0/2.0
00:46 +1538: /Users/lute/project/momcozy-lab/app/test/modules/services/service_catalog_states_test.dart: four catalog packages open the matching detail and purchase confirmation 430.0/2.0
00:46 +1539: /Users/lute/project/momcozy-lab/app/test/modules/services/service_catalog_states_test.dart: four catalog packages open the matching detail and purchase confirmation 430.0/2.0
00:46 +1540: /Users/lute/project/momcozy-lab/app/test/modules/services/service_catalog_states_test.dart: four catalog packages open the matching detail and purchase confirmation 430.0/2.0
00:46 +1541: /Users/lute/project/momcozy-lab/app/test/modules/services/service_catalog_states_test.dart: four catalog packages open the matching detail and purchase confirmation 430.0/2.0
00:46 +1542: /Users/lute/project/momcozy-lab/app/test/modules/services/service_catalog_states_test.dart: four catalog packages open the matching detail and purchase confirmation 430.0/2.0
00:46 +1543: /Users/lute/project/momcozy-lab/app/test/modules/services/service_catalog_states_test.dart: four catalog packages open the matching detail and purchase confirmation 430.0/2.0
00:46 +1544: /Users/lute/project/momcozy-lab/app/test/modules/services/service_catalog_states_test.dart: four catalog packages open the matching detail and purchase confirmation 430.0/2.0
00:46 +1545: /Users/lute/project/momcozy-lab/app/test/modules/services/service_catalog_states_test.dart: four catalog packages open the matching detail and purchase confirmation 430.0/2.0
00:46 +1546: /Users/lute/project/momcozy-lab/app/test/modules/services/service_catalog_states_test.dart: four catalog packages open the matching detail and purchase confirmation 430.0/2.0
00:46 +1547: /Users/lute/project/momcozy-lab/app/test/modules/services/intake_test.dart: intake design disclosures consent and save at 390.0 / 2.0
00:46 +1548: /Users/lute/project/momcozy-lab/app/test/modules/services/intake_test.dart: intake design disclosures consent and save at 390.0 / 2.0
00:46 +1549: /Users/lute/project/momcozy-lab/app/test/modules/services/booking_test.dart: release retry closes held dialog after the original cancellation succeeds
00:46 +1550: /Users/lute/project/momcozy-lab/app/test/modules/services/booking_test.dart: release retry closes held dialog after the original cancellation succeeds
00:46 +1551: /Users/lute/project/momcozy-lab/app/test/modules/services/appointment_detail_test.dart: cancel pending locks return and retry uses original appointment version
00:46 +1552: /Users/lute/project/momcozy-lab/app/test/modules/services/appointment_detail_test.dart: cancel pending locks return and retry uses original appointment version
00:46 +1553: /Users/lute/project/momcozy-lab/app/test/modules/services/appointment_detail_test.dart: cancel pending locks return and retry uses original appointment version
00:46 +1554: /Users/lute/project/momcozy-lab/app/test/modules/services/appointment_detail_test.dart: cancel pending locks return and retry uses original appointment version
00:46 +1555: /Users/lute/project/momcozy-lab/app/test/modules/services/appointment_detail_test.dart: cancel pending locks return and retry uses original appointment version
00:46 +1556: /Users/lute/project/momcozy-lab/app/test/modules/services/appointment_detail_test.dart: cancel pending locks return and retry uses original appointment version
00:46 +1557: /Users/lute/project/momcozy-lab/app/test/modules/services/service_design_test.dart: service package at 320.0 / 1.0
00:46 +1558: /Users/lute/project/momcozy-lab/app/test/modules/services/service_design_test.dart: service package at 320.0 / 1.0
00:46 +1559: /Users/lute/project/momcozy-lab/app/test/modules/services/intake_test.dart: intake design disclosures consent and save at 430.0 / 1.0
00:46 +1560: /Users/lute/project/momcozy-lab/app/test/modules/services/intake_test.dart: intake design disclosures consent and save at 430.0 / 1.0
00:46 +1561: /Users/lute/project/momcozy-lab/app/test/modules/services/intake_test.dart: intake design disclosures consent and save at 430.0 / 1.0
00:46 +1562: /Users/lute/project/momcozy-lab/app/test/modules/services/intake_test.dart: intake design disclosures consent and save at 430.0 / 1.0
00:46 +1563: /Users/lute/project/momcozy-lab/app/test/modules/services/intake_test.dart: intake design disclosures consent and save at 430.0 / 1.0
00:47 +1564: /Users/lute/project/momcozy-lab/app/test/modules/services/intake_test.dart: intake design disclosures consent and save at 430.0 / 1.0
00:47 +1565: /Users/lute/project/momcozy-lab/app/test/modules/services/intake_test.dart: intake design disclosures consent and save at 430.0 / 1.0
00:47 +1566: /Users/lute/project/momcozy-lab/app/test/modules/services/intake_test.dart: intake design disclosures consent and save at 430.0 / 1.0
00:47 +1567: /Users/lute/project/momcozy-lab/app/test/modules/services/intake_test.dart: intake design disclosures consent and save at 430.0 / 1.0
00:47 +1568: /Users/lute/project/momcozy-lab/app/test/modules/services/intake_test.dart: intake design disclosures consent and save at 430.0 / 1.0
00:47 +1569: /Users/lute/project/momcozy-lab/app/test/modules/services/intake_test.dart: intake design disclosures consent and save at 430.0 / 1.0
00:47 +1570: /Users/lute/project/momcozy-lab/app/test/modules/services/intake_test.dart: intake design disclosures consent and save at 430.0 / 1.0
00:47 +1571: /Users/lute/project/momcozy-lab/app/test/modules/services/service_renew_test.dart: renew selection opens existing eligibility flow 320.0/1.0
00:47 +1572: /Users/lute/project/momcozy-lab/app/test/modules/services/service_renew_test.dart: renew selection opens existing eligibility flow 320.0/1.0
00:47 +1573: /Users/lute/project/momcozy-lab/app/test/modules/services/service_renew_test.dart: renew selection opens existing eligibility flow 320.0/1.0
00:47 +1574: /Users/lute/project/momcozy-lab/app/test/modules/services/service_renew_test.dart: renew selection opens existing eligibility flow 320.0/1.0
00:47 +1575: /Users/lute/project/momcozy-lab/app/test/modules/services/service_renew_test.dart: renew selection opens existing eligibility flow 320.0/1.0
00:47 +1576: /Users/lute/project/momcozy-lab/app/test/modules/services/service_renew_test.dart: renew selection opens existing eligibility flow 320.0/1.0
00:47 +1577: /Users/lute/project/momcozy-lab/app/test/modules/services/service_renew_test.dart: renew selection opens existing eligibility flow 320.0/1.0
00:47 +1578: /Users/lute/project/momcozy-lab/app/test/modules/services/service_renew_test.dart: renew selection opens existing eligibility flow 320.0/1.0
00:47 +1579: /Users/lute/project/momcozy-lab/app/test/modules/services/service_renew_test.dart: renew selection opens existing eligibility flow 320.0/1.0
00:47 +1580: /Users/lute/project/momcozy-lab/app/test/modules/services/service_renew_test.dart: renew selection opens existing eligibility flow 320.0/1.0
00:47 +1581: /Users/lute/project/momcozy-lab/app/test/modules/services/service_renew_test.dart: renew selection opens existing eligibility flow 320.0/1.0
00:47 +1582: /Users/lute/project/momcozy-lab/app/test/modules/services/service_renew_test.dart: renew selection opens existing eligibility flow 320.0/1.0
00:47 +1583: /Users/lute/project/momcozy-lab/app/test/modules/services/service_renew_test.dart: renew selection opens existing eligibility flow 320.0/1.0
00:47 +1584: /Users/lute/project/momcozy-lab/app/test/modules/services/consultation_summary_test.dart: summary content task and destinations 320.0 / 1.0
00:47 +1585: /Users/lute/project/momcozy-lab/app/test/modules/services/consultation_summary_test.dart: summary content task and destinations 320.0 / 1.0
00:47 +1586: /Users/lute/project/momcozy-lab/app/test/modules/services/consultation_summary_test.dart: summary content task and destinations 320.0 / 1.0
00:47 +1587: /Users/lute/project/momcozy-lab/app/test/modules/services/consultation_summary_test.dart: summary content task and destinations 320.0 / 1.0
00:47 +1588: /Users/lute/project/momcozy-lab/app/test/modules/services/consultation_summary_test.dart: summary content task and destinations 320.0 / 1.0
00:47 +1589: /Users/lute/project/momcozy-lab/app/test/modules/services/consultation_summary_test.dart: summary content task and destinations 320.0 / 1.0
00:48 +1590: /Users/lute/project/momcozy-lab/app/test/modules/services/consultation_summary_test.dart: summary content task and destinations 320.0 / 1.0
00:48 +1591: /Users/lute/project/momcozy-lab/app/test/modules/services/consultation_summary_test.dart: summary content task and destinations 320.0 / 1.0
00:48 +1592: /Users/lute/project/momcozy-lab/app/test/modules/services/consultation_summary_test.dart: summary content task and destinations 320.0 / 1.0
00:48 +1593: /Users/lute/project/momcozy-lab/app/test/modules/services/consultation_summary_test.dart: summary content task and destinations 320.0 / 1.0
00:48 +1594: /Users/lute/project/momcozy-lab/app/test/modules/services/consultation_summary_test.dart: summary content task and destinations 320.0 / 1.0
00:48 +1595: /Users/lute/project/momcozy-lab/app/test/modules/services/consultation_summary_test.dart: summary content task and destinations 320.0 / 1.0
00:48 +1596: /Users/lute/project/momcozy-lab/app/test/modules/services/consultation_summary_test.dart: summary content task and destinations 320.0 / 1.0
00:48 +1597: /Users/lute/project/momcozy-lab/app/test/modules/services/consultation_summary_test.dart: summary content task and destinations 320.0 / 1.0
00:48 +1598: /Users/lute/project/momcozy-lab/app/test/modules/services/consultation_summary_test.dart: summary content task and destinations 320.0 / 1.0
00:48 +1599: /Users/lute/project/momcozy-lab/app/test/modules/services/consultation_summary_test.dart: summary content task and destinations 320.0 / 1.0
00:48 +1600: /Users/lute/project/momcozy-lab/app/test/modules/services/consultation_summary_test.dart: summary content task and destinations 320.0 / 1.0
00:48 +1601: /Users/lute/project/momcozy-lab/app/test/modules/services/consultation_summary_test.dart: summary content task and destinations 320.0 / 1.0
00:48 +1602: /Users/lute/project/momcozy-lab/app/test/modules/services/consultation_summary_test.dart: summary content task and destinations 320.0 / 1.0
00:48 +1603: /Users/lute/project/momcozy-lab/app/test/modules/services/consultation_summary_test.dart: summary content task and destinations 320.0 / 1.0
00:48 +1604: /Users/lute/project/momcozy-lab/app/test/modules/services/consultation_summary_test.dart: summary content task and destinations 320.0 / 1.0
00:48 +1605: /Users/lute/project/momcozy-lab/app/test/modules/services/consultation_summary_test.dart: summary content task and destinations 320.0 / 1.0
00:48 +1606: /Users/lute/project/momcozy-lab/app/test/modules/services/consultation_summary_test.dart: summary content task and destinations 320.0 / 1.0
00:48 +1607: /Users/lute/project/momcozy-lab/app/test/modules/services/consultation_summary_test.dart: summary content task and destinations 320.0 / 1.0
00:48 +1608: /Users/lute/project/momcozy-lab/app/test/modules/services/consultation_summary_test.dart: summary content task and destinations 320.0 / 1.0
00:48 +1609: /Users/lute/project/momcozy-lab/app/test/modules/services/consultation_summary_test.dart: summary content task and destinations 320.0 / 1.0
00:48 +1610: /Users/lute/project/momcozy-lab/app/test/modules/services/consultation_summary_test.dart: summary content task and destinations 320.0 / 1.0
00:48 +1611: /Users/lute/project/momcozy-lab/app/test/modules/services/consultation_summary_test.dart: summary content task and destinations 320.0 / 1.0
00:48 +1612: /Users/lute/project/momcozy-lab/app/test/modules/services/consultation_summary_test.dart: summary content task and destinations 320.0 / 1.0
00:48 +1613: /Users/lute/project/momcozy-lab/app/test/modules/mom/mother_diary_states_test.dart: diary optional and conditional fields save without stale values 320.0/1.0
00:48 +1614: /Users/lute/project/momcozy-lab/app/test/modules/mom/mother_diary_states_test.dart: diary optional and conditional fields save without stale values 320.0/1.0
00:48 +1615: /Users/lute/project/momcozy-lab/app/test/modules/mom/mother_diary_states_test.dart: diary optional and conditional fields save without stale values 320.0/1.0
00:48 +1616: /Users/lute/project/momcozy-lab/app/test/modules/mom/mother_diary_states_test.dart: diary optional and conditional fields save without stale values 320.0/1.0
00:48 +1617: /Users/lute/project/momcozy-lab/app/test/modules/mom/mother_diary_states_test.dart: diary optional and conditional fields save without stale values 320.0/1.0
00:48 +1618: /Users/lute/project/momcozy-lab/app/test/modules/mom/mother_diary_states_test.dart: diary optional and conditional fields save without stale values 320.0/1.0
00:48 +1619: /Users/lute/project/momcozy-lab/app/test/modules/mom/mother_diary_states_test.dart: diary optional and conditional fields save without stale values 320.0/1.0
00:48 +1620: /Users/lute/project/momcozy-lab/app/test/modules/mom/mother_diary_states_test.dart: diary optional and conditional fields save without stale values 320.0/1.0
00:49 +1621: /Users/lute/project/momcozy-lab/app/test/modules/mom/mother_diary_states_test.dart: diary optional and conditional fields save without stale values 320.0/1.0
00:49 +1622: /Users/lute/project/momcozy-lab/app/test/modules/mom/mother_diary_states_test.dart: diary optional and conditional fields save without stale values 320.0/1.0
00:49 +1623: /Users/lute/project/momcozy-lab/app/test/modules/mom/mother_diary_states_test.dart: diary optional and conditional fields save without stale values 320.0/1.0
00:49 +1624: /Users/lute/project/momcozy-lab/app/test/modules/mom/mother_diary_states_test.dart: diary optional and conditional fields save without stale values 320.0/1.0
00:49 +1625: /Users/lute/project/momcozy-lab/app/test/modules/mom/mother_diary_states_test.dart: diary optional and conditional fields save without stale values 320.0/1.0
00:49 +1626: /Users/lute/project/momcozy-lab/app/test/modules/mom/mother_diary_states_test.dart: diary optional and conditional fields save without stale values 320.0/1.0
00:49 +1627: /Users/lute/project/momcozy-lab/app/test/modules/mom/mother_diary_states_test.dart: diary optional and conditional fields save without stale values 320.0/1.0
00:49 +1628: /Users/lute/project/momcozy-lab/app/test/modules/mom/mother_diary_states_test.dart: diary optional and conditional fields save without stale values 320.0/1.0
00:49 +1629: /Users/lute/project/momcozy-lab/app/test/modules/mom/mother_diary_states_test.dart: diary optional and conditional fields save without stale values 320.0/1.0
00:49 +1630: /Users/lute/project/momcozy-lab/app/test/modules/mom/mother_diary_states_test.dart: diary optional and conditional fields save without stale values 320.0/1.0
00:49 +1631: /Users/lute/project/momcozy-lab/app/test/modules/mom/mother_diary_states_test.dart: diary optional and conditional fields save without stale values 320.0/1.0
00:49 +1632: /Users/lute/project/momcozy-lab/app/test/modules/mom/mother_diary_states_test.dart: diary optional and conditional fields save without stale values 320.0/1.0
00:49 +1633: /Users/lute/project/momcozy-lab/app/test/modules/mom/mother_diary_states_test.dart: diary optional and conditional fields save without stale values 320.0/1.0
00:49 +1634: /Users/lute/project/momcozy-lab/app/test/modules/mom/mother_diary_states_test.dart: diary optional and conditional fields save without stale values 320.0/1.0
00:49 +1635: /Users/lute/project/momcozy-lab/app/test/modules/mom/mother_diary_states_test.dart: diary optional and conditional fields save without stale values 320.0/1.0
00:49 +1636: /Users/lute/project/momcozy-lab/app/test/modules/mom/mother_diary_states_test.dart: diary optional and conditional fields save without stale values 320.0/1.0
00:49 +1637: /Users/lute/project/momcozy-lab/app/test/modules/mom/lactation_states_test.dart: lactation states validate, retry, edit and undo 320.0/1.0
00:49 +1638: /Users/lute/project/momcozy-lab/app/test/modules/mom/lactation_states_test.dart: lactation states validate, retry, edit and undo 320.0/1.0
00:49 +1639: /Users/lute/project/momcozy-lab/app/test/modules/mom/lactation_states_test.dart: lactation states validate, retry, edit and undo 320.0/1.0
00:49 +1640: /Users/lute/project/momcozy-lab/app/test/modules/mom/lactation_states_test.dart: lactation states validate, retry, edit and undo 320.0/1.0
00:49 +1641: /Users/lute/project/momcozy-lab/app/test/modules/mom/lactation_states_test.dart: lactation states validate, retry, edit and undo 320.0/1.0
00:49 +1642: /Users/lute/project/momcozy-lab/app/test/modules/mom/lactation_states_test.dart: lactation states validate, retry, edit and undo 320.0/1.0
00:49 +1643: /Users/lute/project/momcozy-lab/app/test/modules/services/consultation_summary_test.dart: summary content task and destinations 390.0 / 2.0
00:49 +1644: /Users/lute/project/momcozy-lab/app/test/modules/services/consultation_summary_test.dart: summary content task and destinations 390.0 / 2.0
00:49 +1645: /Users/lute/project/momcozy-lab/app/test/modules/services/consultation_summary_test.dart: summary content task and destinations 390.0 / 2.0
00:49 +1646: /Users/lute/project/momcozy-lab/app/test/modules/mom/mother_diary_states_test.dart: diary optional and conditional fields save without stale values 320.0/2.0
00:49 +1647: /Users/lute/project/momcozy-lab/app/test/modules/mom/mother_diary_states_test.dart: diary optional and conditional fields save without stale values 320.0/2.0
00:49 +1648: /Users/lute/project/momcozy-lab/app/test/modules/mom/mother_diary_states_test.dart: diary optional and conditional fields save without stale values 320.0/2.0
00:49 +1649: /Users/lute/project/momcozy-lab/app/test/modules/mom/mother_diary_states_test.dart: diary optional and conditional fields save without stale values 320.0/2.0
00:49 +1650: /Users/lute/project/momcozy-lab/app/test/modules/mom/mother_diary_states_test.dart: diary optional and conditional fields save without stale values 320.0/2.0
00:50 +1651: /Users/lute/project/momcozy-lab/app/test/modules/mom/mother_diary_states_test.dart: diary optional and conditional fields save without stale values 320.0/2.0
00:50 +1652: /Users/lute/project/momcozy-lab/app/test/modules/mom/mother_diary_states_test.dart: diary optional and conditional fields save without stale values 320.0/2.0
00:50 +1653: /Users/lute/project/momcozy-lab/app/test/modules/mom/mother_diary_states_test.dart: diary optional and conditional fields save without stale values 320.0/2.0
00:50 +1654: /Users/lute/project/momcozy-lab/app/test/modules/mom/mother_diary_states_test.dart: diary optional and conditional fields save without stale values 320.0/2.0
00:50 +1655: /Users/lute/project/momcozy-lab/app/test/modules/mom/mother_diary_states_test.dart: diary optional and conditional fields save without stale values 320.0/2.0
00:50 +1656: /Users/lute/project/momcozy-lab/app/test/modules/mom/mother_diary_states_test.dart: diary optional and conditional fields save without stale values 320.0/2.0
00:50 +1657: /Users/lute/project/momcozy-lab/app/test/modules/mom/mother_diary_states_test.dart: diary optional and conditional fields save without stale values 320.0/2.0
00:50 +1658: /Users/lute/project/momcozy-lab/app/test/modules/mom/mother_diary_states_test.dart: diary optional and conditional fields save without stale values 320.0/2.0
00:50 +1659: /Users/lute/project/momcozy-lab/app/test/modules/mom/mother_diary_states_test.dart: diary optional and conditional fields save without stale values 320.0/2.0
00:50 +1660: /Users/lute/project/momcozy-lab/app/test/modules/mom/mother_diary_states_test.dart: diary optional and conditional fields save without stale values 320.0/2.0
00:50 +1661: /Users/lute/project/momcozy-lab/app/test/modules/mom/mother_home_test.dart: default home opens grouped diary, saves and refreshes only current API data
00:50 +1662: /Users/lute/project/momcozy-lab/app/test/modules/mom/mother_home_test.dart: default home opens grouped diary, saves and refreshes only current API data
00:50 +1663: /Users/lute/project/momcozy-lab/app/test/modules/mom/mother_home_test.dart: default home opens grouped diary, saves and refreshes only current API data
00:50 +1664: /Users/lute/project/momcozy-lab/app/test/modules/mom/mother_home_test.dart: default home opens grouped diary, saves and refreshes only current API data
00:50 +1665: /Users/lute/project/momcozy-lab/app/test/modules/mom/mother_home_test.dart: default home opens grouped diary, saves and refreshes only current API data
00:50 +1666: /Users/lute/project/momcozy-lab/app/test/modules/mom/mother_home_test.dart: default home opens grouped diary, saves and refreshes only current API data
00:50 +1667: /Users/lute/project/momcozy-lab/app/test/modules/mom/mother_home_test.dart: default home opens grouped diary, saves and refreshes only current API data
00:50 +1668: /Users/lute/project/momcozy-lab/app/test/modules/mom/mother_home_test.dart: default home opens grouped diary, saves and refreshes only current API data
00:50 +1669: /Users/lute/project/momcozy-lab/app/test/modules/mom/mother_forms_design_test.dart: diary rest dialog at 320.0 / 1.0
00:51 +1670: /Users/lute/project/momcozy-lab/app/test/modules/mom/lactation_states_test.dart: lactation states validate, retry, edit and undo 390.0/1.0
00:51 +1671: /Users/lute/project/momcozy-lab/app/test/modules/mom/lactation_states_test.dart: lactation states validate, retry, edit and undo 390.0/1.0
00:51 +1672: /Users/lute/project/momcozy-lab/app/test/modules/mom/lactation_states_test.dart: lactation states validate, retry, edit and undo 390.0/1.0
00:51 +1673: /Users/lute/project/momcozy-lab/app/test/modules/mom/mother_diary_states_test.dart: diary optional and conditional fields save without stale values 390.0/1.0
00:51 +1674: /Users/lute/project/momcozy-lab/app/test/modules/mom/mother_diary_states_test.dart: diary optional and conditional fields save without stale values 390.0/1.0
00:51 +1675: /Users/lute/project/momcozy-lab/app/test/modules/mom/mother_diary_states_test.dart: diary optional and conditional fields save without stale values 390.0/1.0
00:51 +1676: /Users/lute/project/momcozy-lab/app/test/modules/mom/mother_diary_page_test.dart: independent diary uses shared sections, preserves draft and saves 320.0/1.0
00:51 +1677: /Users/lute/project/momcozy-lab/app/test/modules/mom/mother_diary_page_test.dart: independent diary uses shared sections, preserves draft and saves 320.0/1.0
00:51 +1678: /Users/lute/project/momcozy-lab/app/test/modules/mom/mother_diary_page_test.dart: independent diary uses shared sections, preserves draft and saves 320.0/1.0
00:51 +1679: /Users/lute/project/momcozy-lab/app/test/modules/mom/mother_diary_page_test.dart: independent diary uses shared sections, preserves draft and saves 320.0/1.0
00:51 +1680: /Users/lute/project/momcozy-lab/app/test/modules/mom/mother_diary_page_test.dart: independent diary uses shared sections, preserves draft and saves 320.0/1.0
00:51 +1681: /Users/lute/project/momcozy-lab/app/test/modules/mom/mother_diary_page_test.dart: independent diary uses shared sections, preserves draft and saves 320.0/1.0
00:51 +1682: /Users/lute/project/momcozy-lab/app/test/modules/mom/mother_diary_page_test.dart: independent diary uses shared sections, preserves draft and saves 320.0/1.0
00:51 +1683: /Users/lute/project/momcozy-lab/app/test/modules/mom/mother_diary_page_test.dart: independent diary uses shared sections, preserves draft and saves 320.0/1.0
00:51 +1684: /Users/lute/project/momcozy-lab/app/test/modules/mom/mother_diary_page_test.dart: independent diary uses shared sections, preserves draft and saves 320.0/1.0
00:51 +1685: /Users/lute/project/momcozy-lab/app/test/modules/mom/mother_diary_page_test.dart: independent diary uses shared sections, preserves draft and saves 320.0/1.0
00:51 +1686: /Users/lute/project/momcozy-lab/app/test/modules/mom/mother_diary_page_test.dart: independent diary uses shared sections, preserves draft and saves 320.0/1.0
00:51 +1687: /Users/lute/project/momcozy-lab/app/test/modules/mom/mother_diary_page_test.dart: independent diary uses shared sections, preserves draft and saves 320.0/1.0
00:51 +1688: /Users/lute/project/momcozy-lab/app/test/modules/mom/mother_diary_page_test.dart: independent diary uses shared sections, preserves draft and saves 320.0/1.0
00:51 +1689: /Users/lute/project/momcozy-lab/app/test/modules/mom/mother_diary_page_test.dart: independent diary uses shared sections, preserves draft and saves 320.0/1.0
00:51 +1690: /Users/lute/project/momcozy-lab/app/test/modules/mom/mother_diary_page_test.dart: independent diary uses shared sections, preserves draft and saves 320.0/1.0
00:51 +1691: /Users/lute/project/momcozy-lab/app/test/modules/mom/mother_diary_page_test.dart: independent diary uses shared sections, preserves draft and saves 320.0/1.0
00:52 +1692: /Users/lute/project/momcozy-lab/app/test/modules/mom/mother_diary_test.dart: app router opens the selected diary section with the current API
00:52 +1693: /Users/lute/project/momcozy-lab/app/test/modules/mom/mother_diary_test.dart: app router opens the selected diary section with the current API
00:52 +1694: /Users/lute/project/momcozy-lab/app/test/modules/mom/mother_diary_test.dart: app router opens the selected diary section with the current API
00:52 +1695: /Users/lute/project/momcozy-lab/app/test/modules/mom/mother_diary_test.dart: app router opens the selected diary section with the current API
00:52 +1696: /Users/lute/project/momcozy-lab/app/test/modules/mom/mother_diary_test.dart: app router opens the selected diary section with the current API
00:52 +1697: /Users/lute/project/momcozy-lab/app/test/modules/mom/mother_diary_test.dart: app router opens the selected diary section with the current API
00:52 +1698: /Users/lute/project/momcozy-lab/app/test/modules/mom/mother_diary_states_test.dart: diary optional and conditional fields save without stale values 430.0/1.0
00:52 +1699: /Users/lute/project/momcozy-lab/app/test/modules/mom/mother_diary_states_test.dart: diary optional and conditional fields save without stale values 430.0/1.0
00:52 +1700: /Users/lute/project/momcozy-lab/app/test/modules/mom/mother_diary_states_test.dart: diary optional and conditional fields save without stale values 430.0/1.0
00:52 +1701: /Users/lute/project/momcozy-lab/app/test/modules/mom/mother_diary_states_test.dart: diary optional and conditional fields save without stale values 430.0/1.0
00:52 +1702: /Users/lute/project/momcozy-lab/app/test/modules/mom/mother_diary_states_test.dart: diary optional and conditional fields save without stale values 430.0/1.0
00:52 +1703: /Users/lute/project/momcozy-lab/app/test/modules/mom/lactation_states_test.dart: lactation states validate, retry, edit and undo 430.0/2.0
00:52 +1704: /Users/lute/project/momcozy-lab/app/test/modules/mom/lactation_states_test.dart: lactation states validate, retry, edit and undo 430.0/2.0
00:52 +1705: /Users/lute/project/momcozy-lab/app/test/modules/mom/lactation_states_test.dart: lactation states validate, retry, edit and undo 430.0/2.0
00:52 +1706: /Users/lute/project/momcozy-lab/app/test/modules/mom/lactation_states_test.dart: lactation states validate, retry, edit and undo 430.0/2.0
00:52 +1707: /Users/lute/project/momcozy-lab/app/test/modules/mom/lactation_states_test.dart: lactation states validate, retry, edit and undo 430.0/2.0
00:52 +1708: /Users/lute/project/momcozy-lab/app/test/modules/mom/mother_diary_page_test.dart: independent diary uses shared sections, preserves draft and saves 390.0/1.0
00:52 +1709: /Users/lute/project/momcozy-lab/app/test/modules/mom/mother_diary_page_test.dart: independent diary uses shared sections, preserves draft and saves 390.0/1.0
00:52 +1710: /Users/lute/project/momcozy-lab/app/test/modules/mom/mother_diary_page_test.dart: independent diary uses shared sections, preserves draft and saves 390.0/1.0
00:52 +1711: /Users/lute/project/momcozy-lab/app/test/modules/mom/mother_diary_page_test.dart: independent diary uses shared sections, preserves draft and saves 390.0/1.0
00:52 +1712: /Users/lute/project/momcozy-lab/app/test/modules/mom/mother_diary_page_test.dart: independent diary uses shared sections, preserves draft and saves 390.0/1.0
00:52 +1713: /Users/lute/project/momcozy-lab/app/test/modules/mom/mother_diary_states_test.dart: diary optional and conditional fields save without stale values 430.0/2.0
00:53 +1714: /Users/lute/project/momcozy-lab/app/test/modules/mom/mother_diary_states_test.dart: diary optional and conditional fields save without stale values 430.0/2.0
00:53 +1715: /Users/lute/project/momcozy-lab/app/test/modules/mom/mother_diary_states_test.dart: diary optional and conditional fields save without stale values 430.0/2.0
00:53 +1716: /Users/lute/project/momcozy-lab/app/test/modules/mom/mother_diary_page_test.dart: independent diary uses shared sections, preserves draft and saves 390.0/2.0
00:53 +1717: /Users/lute/project/momcozy-lab/app/test/modules/mom/mother_diary_page_test.dart: independent diary uses shared sections, preserves draft and saves 390.0/2.0
00:53 +1718: /Users/lute/project/momcozy-lab/app/test/modules/mom/mother_diary_page_test.dart: independent diary uses shared sections, preserves draft and saves 390.0/2.0
00:53 +1719: /Users/lute/project/momcozy-lab/app/test/modules/mom/mother_forms_design_test.dart: diary mood dialog at 390.0 / 2.0
00:53 +1720: /Users/lute/project/momcozy-lab/app/test/modules/mom/mother_diary_page_test.dart: independent diary uses shared sections, preserves draft and saves 430.0/1.0
00:53 +1721: /Users/lute/project/momcozy-lab/app/test/modules/mom/mother_diary_page_test.dart: independent diary uses shared sections, preserves draft and saves 430.0/1.0
00:53 +1722: /Users/lute/project/momcozy-lab/app/test/modules/mom/mother_forms_design_test.dart: diary body dialog at 430.0 / 1.0
00:53 +1723: /Users/lute/project/momcozy-lab/app/test/modules/mom/mother_diary_page_test.dart: independent diary uses shared sections, preserves draft and saves 430.0/2.0
00:53 +1724: /Users/lute/project/momcozy-lab/app/test/modules/mom/mother_diary_page_test.dart: independent diary uses shared sections, preserves draft and saves 430.0/2.0
00:53 +1725: /Users/lute/project/momcozy-lab/app/test/modules/mom/mother_forms_design_test.dart: diary rest dialog at 430.0 / 2.0
00:53 +1726: /Users/lute/project/momcozy-lab/app/test/modules/mom/mother_diary_page_test.dart: short diary keeps note and save reachable with keyboard and large text
00:53 +1727: /Users/lute/project/momcozy-lab/app/test/modules/mom/mother_diary_page_test.dart: short diary keeps note and save reachable with keyboard and large text
00:53 +1728: /Users/lute/project/momcozy-lab/app/test/modules/mom/mother_forms_design_test.dart: diary mood dialog at 430.0 / 2.0
00:53 +1729: /Users/lute/project/momcozy-lab/app/test/modules/mom/mother_forms_design_test.dart: (tearDownAll)
00:53 +1729: All tests passed!
