Resolving dependencies...
Downloading packages...
  archive 4.0.9 (4.2.0 available)
  clock 1.1.2 (1.1.3 available)
  code_assets 1.2.1 (2.0.0 available)
  cross_file 0.3.5+4 (0.3.5+5 available)
  dart_webrtc 1.8.1 (1.8.2 available)
  file_selector_android 0.5.2+8 (0.5.2+10 available)
  file_selector_ios 0.5.3+5 (0.5.3+6 available)
  file_selector_linux 0.9.4 (0.9.4+1 available)
  file_selector_macos 0.9.5 (0.9.5+1 available)
  file_selector_windows 0.9.3+5 (0.9.3+6 available)
  flutter_markdown_plus 1.0.11 (1.0.12 available)
  flutter_secure_storage 10.3.1 (11.1.0 available)
  flutter_secure_storage_darwin 0.3.2 (0.4.1 available)
  flutter_secure_storage_linux 3.0.1 (3.0.2 available)
  flutter_secure_storage_platform_interface 2.0.1 (2.1.0 available)
  flutter_webrtc 1.6.0 (1.6.2+hotfix.1 available)
  go_router 17.3.0 (18.0.1 available)
  hooks 2.0.2 (2.2.0 available)
  html 0.15.6 (0.15.7 available)
  image 4.9.1 (4.9.2 available)
  image_picker_android 0.8.13+19 (0.8.13+22 available)
  image_picker_ios 0.8.13+6 (0.8.13+7 available)
  intl 0.20.2 (0.20.3 available)
  jni 1.0.0 (1.0.3 available)
  jni_flutter 1.0.1 (1.0.3 available)
  logger 2.7.0 (2.8.0 available)
  matcher 0.12.19 (0.12.20 available)
  material_color_utilities 0.13.0 (0.13.1 available)
  meta 1.18.0 (1.19.0 available)
  mime 2.0.0 (2.1.0 available)
  objective_c 9.4.1 (9.6.0 available)
  package_config 2.2.0 (3.0.0 available)
  pdfium_dart 0.1.3 (0.3.0 available)
  pdfium_flutter 0.1.9 (0.3.0 available)
  pdfrx 2.2.24 (2.6.1 available)
  pdfrx_engine 0.3.9 (0.6.0 available)
  platform 3.1.6 (3.2.0 available)
  posix 6.5.0 (6.5.2 available)
  process 5.0.5 (5.0.6 available)
  pub_semver 2.2.0 (2.2.1 available)
  record_use 0.6.0 (1.1.1 available)
  share_plus 13.2.0 (13.3.0 available)
  share_plus_platform_interface 7.1.0 (7.2.0 available)
  stack_trace 1.12.1 (1.12.2 available)
  synchronized 3.4.1 (3.4.2 available)
  test_api 0.7.11 (0.7.14 available)
  url_launcher_android 6.3.32 (6.3.33 available)
  url_launcher_ios 6.4.1 (6.4.2 available)
  url_launcher_linux 3.2.2 (3.2.3 available)
  url_launcher_macos 3.2.5 (3.2.6 available)
  url_launcher_windows 3.1.5 (3.1.6 available)
  uuid 4.5.3 (4.6.0 available)
  vector_math 2.2.0 (2.4.2 available)
  video_player 2.11.1 (2.14.0 available)
  video_player_android 2.10.0 (2.12.2 available)
  video_player_avfoundation 2.10.0 (2.12.0 available)
  vm_service 15.2.0 (15.3.0 available)
  webdriver 3.1.0 (3.2.0 available)
  win32 6.3.0 (6.4.0 available)
  yaml 3.1.3 (3.1.4 available)
Got dependencies!
60 packages have newer versions incompatible with dependency constraints.
Try `flutter pub outdated` for more information.
00:00 +0: loading /Users/lute/project/momcozy-lab/app/test/core/preferences/volume_unit_preference_test.dart
00:00 +0: /Users/lute/project/momcozy-lab/app/test/core/privacy/fixture_privacy_test.dart: fixture privacy audit test fixtures and future goldens use synthetic data only
00:00 +1: /Users/lute/project/momcozy-lab/app/test/core/privacy/fixture_privacy_test.dart: fixture privacy audit test fixtures and future goldens use synthetic data only
00:00 +2: /Users/lute/project/momcozy-lab/app/test/core/privacy/fixture_privacy_test.dart: fixture privacy audit test fixtures and future goldens use synthetic data only
00:00 +3: /Users/lute/project/momcozy-lab/app/test/core/privacy/fixture_privacy_test.dart: fixture privacy audit test fixtures and future goldens use synthetic data only
00:00 +4: /Users/lute/project/momcozy-lab/app/test/core/privacy/fixture_privacy_test.dart: fixture privacy audit test fixtures and future goldens use synthetic data only
00:00 +5: /Users/lute/project/momcozy-lab/app/test/core/privacy/fixture_privacy_test.dart: fixture privacy audit test fixtures and future goldens use synthetic data only
00:00 +6: /Users/lute/project/momcozy-lab/app/test/core/privacy/fixture_privacy_test.dart: fixture privacy audit test fixtures and future goldens use synthetic data only
00:00 +7: /Users/lute/project/momcozy-lab/app/test/core/privacy/fixture_privacy_test.dart: fixture privacy audit test fixtures and future goldens use synthetic data only
00:00 +8: /Users/lute/project/momcozy-lab/app/test/core/privacy/fixture_privacy_test.dart: fixture privacy audit test fixtures and future goldens use synthetic data only
00:00 +9: /Users/lute/project/momcozy-lab/app/test/core/privacy/fixture_privacy_test.dart: fixture privacy audit test fixtures and future goldens use synthetic data only
00:00 +10: /Users/lute/project/momcozy-lab/app/test/core/privacy/log_redactor_test.dart: log redactor redacts sensitive keys inside nested maps and lists
00:00 +11: /Users/lute/project/momcozy-lab/app/test/core/privacy/log_redactor_test.dart: log redactor redacts sensitive query parameters in log URLs
00:00 +12: /Users/lute/project/momcozy-lab/app/test/core/privacy/log_redactor_test.dart: log redactor leaves non-sensitive values readable for diagnostics
00:00 +13: /Users/lute/project/momcozy-lab/app/test/core/privacy/log_redactor_test.dart: log redactor redacts full health data containers while keeping scalar diagnostics
00:00 +14: /Users/lute/project/momcozy-lab/app/test/core/privacy/log_redactor_test.dart: log redactor builds crash reports without sensitive context fields
00:00 +15: /Users/lute/project/momcozy-lab/app/test/core/ble/ble_protocol_test.dart: BLE protocol fixtures encode request packets aligned with golden and boundary hex
00:00 +16: /Users/lute/project/momcozy-lab/app/test/core/ble/pump_device_snapshot_test.dart: Pump device snapshot reducer applies legacy protocol frames to the matching side only
00:00 +17: /Users/lute/project/momcozy-lab/app/test/core/ble/pump_device_snapshot_test.dart: Pump device snapshot reducer applies legacy protocol frames to the matching side only
00:00 +18: /Users/lute/project/momcozy-lab/app/test/core/ble/ble_protocol_test.dart: BLE protocol fixtures parse valid frames into stable domain values
00:00 +19: /Users/lute/project/momcozy-lab/app/test/core/ble/ble_protocol_test.dart: BLE protocol fixtures parse valid frames into stable domain values
00:00 +20: /Users/lute/project/momcozy-lab/app/test/core/ble/ble_protocol_test.dart: BLE protocol fixtures keep standalone E1 status fixture aligned with parser output
00:00 +21: /Users/lute/project/momcozy-lab/app/test/core/preferences/volume_unit_preference_test.dart: uses the account-scoped volume unit key
00:00 +22: /Users/lute/project/momcozy-lab/app/test/core/preferences/volume_unit_preference_test.dart: uses the account-scoped volume unit key
00:00 +23: /Users/lute/project/momcozy-lab/app/test/core/preferences/volume_unit_preference_test.dart: uses the account-scoped volume unit key
00:00 +24: /Users/lute/project/momcozy-lab/app/test/core/preferences/volume_unit_preference_test.dart: uses the account-scoped volume unit key
00:00 +25: /Users/lute/project/momcozy-lab/app/test/core/preferences/volume_unit_preference_test.dart: ignores malformed and unsupported stored values
00:00 +26: /Users/lute/project/momcozy-lab/app/test/core/preferences/volume_unit_preference_test.dart: formats volume values consistently
00:00 +27: /Users/lute/project/momcozy-lab/app/test/core/preferences/volume_unit_preference_test.dart: canonical milliliter input conversion rounds mL input to the nearest whole mL with half values up
00:00 +28: /Users/lute/project/momcozy-lab/app/test/core/preferences/volume_unit_preference_test.dart: canonical milliliter input conversion converts ounce input and preserves displayed tenth-ounce values
00:00 +29: /Users/lute/project/momcozy-lab/app/test/core/preferences/volume_unit_preference_test.dart: canonical milliliter input conversion rejects negative, non-finite, and overflowing input
00:00 +30: /Users/lute/project/momcozy-lab/app/test/core/network/transport_security_policy_test.dart: TransportSecurityPolicy allows HTTPS and WSS remote endpoints
00:00 +31: /Users/lute/project/momcozy-lab/app/test/core/network/transport_security_policy_test.dart: TransportSecurityPolicy keeps HTTP and WS limited to local development hosts
00:00 +32: /Users/lute/project/momcozy-lab/app/test/core/network/transport_security_policy_test.dart: TransportSecurityPolicy rejects remote plaintext HTTP and WebSocket endpoints
00:00 +33: /Users/lute/project/momcozy-lab/app/test/core/network/api_json_transport_test.dart: IoApiJsonTransport sends GET query, auth, and headers
00:00 +34: /Users/lute/project/momcozy-lab/app/test/core/network/api_json_transport_test.dart: IoApiJsonTransport sends POST JSON body and content type
00:00 +35: /Users/lute/project/momcozy-lab/app/test/core/network/api_json_transport_test.dart: IoApiJsonTransport sends PUT, PATCH, and DELETE mutations
00:00 +36: /Users/lute/project/momcozy-lab/app/test/core/network/api_json_transport_test.dart: IoApiJsonTransport keeps schedule optimistic-lock query out of the DELETE path
00:00 +37: /Users/lute/project/momcozy-lab/app/test/core/network/api_json_transport_test.dart: IoApiJsonTransport accepts an empty successful DELETE response
00:00 +38: /Users/lute/project/momcozy-lab/app/test/core/network/api_json_transport_test.dart: IoApiJsonTransport HTTP connector sends non-ASCII JSON bodies as UTF-8
00:00 +39: /Users/lute/project/momcozy-lab/app/test/core/network/api_json_transport_test.dart: IoApiJsonTransport throws typed exceptions for HTTP and malformed bodies
00:00 +40: /Users/lute/project/momcozy-lab/app/test/core/network/api_json_transport_test.dart: IoApiJsonTransport omits missing tokens and surfaces expired-token HTTP status
00:00 +41: /Users/lute/project/momcozy-lab/app/test/core/network/api_json_transport_test.dart: IoApiMultipartTransport sends query parameters separately from the upload path
00:00 +42: /Users/lute/project/momcozy-lab/app/test/core/network/workbench_transport_test.dart: empty 204 acknowledgements succeed while empty JSON responses are rejected
00:00 +43: /Users/lute/project/momcozy-lab/app/test/core/network/workbench_transport_test.dart: empty 204 acknowledgements succeed while empty JSON responses are rejected
00:00 +44: /Users/lute/project/momcozy-lab/app/test/core/network/api_json_transport_test.dart: IoApiMultipartTransport streams file bytes and reports monotonic upload progress
00:00 +45: /Users/lute/project/momcozy-lab/app/test/core/network/api_json_transport_test.dart: IoApiMultipartTransport streams file bytes and reports monotonic upload progress
00:00 +46: /Users/lute/project/momcozy-lab/app/test/core/network/api_json_transport_test.dart: IoApiMultipartTransport streams file bytes and reports monotonic upload progress
00:00 +47: /Users/lute/project/momcozy-lab/app/test/core/network/api_json_transport_test.dart: IoApiMultipartTransport streams file bytes and reports monotonic upload progress
00:00 +48: /Users/lute/project/momcozy-lab/app/test/core/auth/momcozy_session_test.dart: MomCozySession environment bootstrap is anonymous without tokens
00:00 +49: /Users/lute/project/momcozy-lab/app/test/core/auth/momcozy_session_test.dart: MomCozySession environment bootstrap is anonymous without tokens
00:00 +50: /Users/lute/project/momcozy-lab/app/test/core/auth/momcozy_session_test.dart: MomCozySession environment bootstrap is authenticated with access token
00:00 +51: /Users/lute/project/momcozy-lab/app/test/core/auth/momcozy_session_test.dart: MomCozySessionManager stored secure session wins over environment session
00:00 +52: /Users/lute/project/momcozy-lab/app/test/core/auth/momcozy_session_test.dart: MomCozySessionManager logout clears stored secrets and returns anonymous session
00:00 +53: /Users/lute/project/momcozy-lab/app/test/core/auth/momcozy_session_test.dart: MomCozySessionManager switchAccount clears old session before writing next account
00:00 +54: /Users/lute/project/momcozy-lab/app/test/core/auth/momcozy_session_test.dart: MomCozySessionManager switchAccount clears scoped cache before persisting next account
00:01 +55: /Users/lute/project/momcozy-lab/app/test/core/auth/flutter_secure_momcozy_session_store_test.dart: writes one atomic payload and verifies the stored session
00:01 +56: /Users/lute/project/momcozy-lab/app/test/core/auth/momcozy_auth_api_test.dart: MomCozyAuthApiRepository login posts production auth body and maps token response
00:01 +57: /Users/lute/project/momcozy-lab/app/test/core/auth/momcozy_auth_api_test.dart: MomCozyAuthApiRepository login posts production auth body and maps token response
00:01 +58: /Users/lute/project/momcozy-lab/app/test/core/auth/momcozy_auth_api_test.dart: MomCozyAuthApiRepository login posts production auth body and maps token response
00:01 +59: /Users/lute/project/momcozy-lab/app/test/core/auth/momcozy_auth_api_test.dart: MomCozyAuthApiRepository register sends mailbox verification request without profile fields
00:01 +60: /Users/lute/project/momcozy-lab/app/test/core/auth/momcozy_auth_api_test.dart: MomCozyAuthApiRepository invite login posts invite code and device id
00:01 +61: /Users/lute/project/momcozy-lab/app/test/core/auth/momcozy_auth_api_test.dart: MomCozyAuthApiRepository accepts empty or missing display name as non-auth metadata
00:01 +62: /Users/lute/project/momcozy-lab/app/test/core/auth/momcozy_auth_api_test.dart: MomCozyAuthApiRepository refresh sends refresh token in the body only
00:01 +63: /Users/lute/project/momcozy-lab/app/test/core/auth/momcozy_auth_api_test.dart: MomCozyAuthApiRepository logout uses the production logout endpoint
00:01 +64: /Users/lute/project/momcozy-lab/app/test/core/auth/momcozy_auth_api_test.dart: MomCozyAuthApiRepository rejects malformed token responses
00:01 +65: /Users/lute/project/momcozy-lab/app/test/core/auth/momcozy_auth_api_test.dart: MomCozySessionRefreshCoordinator concurrent refresh calls share one backend request
00:01 +66: /Users/lute/project/momcozy-lab/app/test/core/auth/account_session_lifecycle_test.dart: restart restores and persists rotated tokens; revoked refresh expires session
00:01 +67: /Users/lute/project/momcozy-lab/app/test/core/auth/account_session_lifecycle_test.dart: restart restores and persists rotated tokens; revoked refresh expires session
00:01 +68: /Users/lute/project/momcozy-lab/app/test/core/auth/account_session_lifecycle_test.dart: restart restores and persists rotated tokens; revoked refresh expires session
00:01 +69: /Users/lute/project/momcozy-lab/app/test/core/auth/account_session_lifecycle_test.dart: restart restores and persists rotated tokens; revoked refresh expires session
00:01 +70: /Users/lute/project/momcozy-lab/app/test/core/auth/account_session_lifecycle_test.dart: restart restores and persists rotated tokens; revoked refresh expires session
00:01 +71: /Users/lute/project/momcozy-lab/app/test/core/auth/account_session_lifecycle_test.dart: restart restores and persists rotated tokens; revoked refresh expires session
00:01 +72: /Users/lute/project/momcozy-lab/app/test/core/auth/momcozy_auth_api_test.dart: AuthenticatedApiJsonTransport does not refresh non-auth HTTP failures
00:01 +73: /Users/lute/project/momcozy-lab/app/test/core/auth/account_session_lifecycle_test.dart: logout prevents an in-flight refresh write from restoring credentials
00:01 +74: /Users/lute/project/momcozy-lab/app/test/core/auth/account_session_lifecycle_test.dart: logout prevents an in-flight refresh write from restoring credentials
00:01 +75: /Users/lute/project/momcozy-lab/app/test/core/auth/account_session_lifecycle_test.dart: logout prevents an in-flight refresh write from restoring credentials
00:01 +76: /Users/lute/project/momcozy-lab/app/test/core/auth/account_session_lifecycle_test.dart: late login persistence cannot revive a session after logout
00:01 +77: /Users/lute/project/momcozy-lab/app/test/core/network/test_certificate_trust_test.dart: test certificate trust only enables the two exact test HTTPS endpoints
00:01 +78: /Users/lute/project/momcozy-lab/app/test/core/network/test_certificate_trust_test.dart: test certificate trust does not load or install trust outside the test target
00:01 +79: /Users/lute/project/momcozy-lab/app/test/core/network/test_certificate_trust_test.dart: test certificate trust loads the bundled certificate and installs a trusted context
00:01 +80: /Users/lute/project/momcozy-lab/app/test/core/agent_stream/agent_work_status_projection_test.dart: projectAgentWorkStatus keeps active user work ahead of generic progress
00:01 +81: /Users/lute/project/momcozy-lab/app/test/core/agent_stream/agent_work_status_projection_test.dart: projectAgentWorkStatus holds a fast completion before falling back to generic progress
00:01 +82: /Users/lute/project/momcozy-lab/app/test/core/agent_stream/agent_work_status_projection_test.dart: projectAgentWorkStatus failed lifecycle closes prior work without becoming visible
00:01 +83: /Users/lute/project/momcozy-lab/app/test/core/agent_stream/agent_work_status_projection_test.dart: projectAgentWorkStatus terminal response clears all work status
00:01 +84: /Users/lute/project/momcozy-lab/app/test/core/agent_stream/agent_stream_io_transport_test.dart: Agent stream IO transports production SSE transport creates run and follows event stream
00:01 +85: /Users/lute/project/momcozy-lab/app/test/core/agent_stream/agent_stream_io_transport_test.dart: Agent stream IO transports production SSE transport resumes existing runs after sequence
00:01 +86: /Users/lute/project/momcozy-lab/app/test/core/agent_stream/agent_stream_io_transport_test.dart: Agent stream IO transports production run status reader uses run-scoped authenticated GET
00:01 +87: /Users/lute/project/momcozy-lab/app/test/core/agent_stream/agent_stream_io_transport_test.dart: Agent stream IO transports production run status reader treats expired runs as terminal
00:01 +88: /Users/lute/project/momcozy-lab/app/test/core/agent_stream/agent_stream_io_transport_test.dart: Agent stream IO transports production run status reader refreshes authorization once
00:01 +89: /Users/lute/project/momcozy-lab/app/test/core/agent_stream/agent_stream_io_transport_test.dart: Agent stream IO transports production SSE transport classifies connector failures as retryable
00:01 +90: /Users/lute/project/momcozy-lab/app/test/core/agent_stream/agent_stream_io_transport_test.dart: Agent stream IO transports production SSE transport times out run creation as retryable
00:01 +91: /Users/lute/project/momcozy-lab/app/test/core/agent_stream/agent_run_create_context_test.dart: loads an IANA timezone and a local RFC 3339 message timestamp
00:01 +92: /Users/lute/project/momcozy-lab/app/test/core/agent_stream/agent_run_create_context_test.dart: loads an IANA timezone and a local RFC 3339 message timestamp
00:01 +93: /Users/lute/project/momcozy-lab/app/test/core/agent_stream/agent_stream_io_transport_test.dart: Agent stream IO transports production SSE transport treats an idle stream as retryable
00:01 +94: /Users/lute/project/momcozy-lab/app/test/core/agent_stream/agent_stream_io_transport_test.dart: Agent stream IO transports production SSE transport treats an idle stream as retryable
00:01 +95: /Users/lute/project/momcozy-lab/app/test/core/agent_stream/agent_stream_io_transport_test.dart: Agent stream IO transports production SSE transport treats an idle stream as retryable
00:01 +96: /Users/lute/project/momcozy-lab/app/test/core/agent_stream/agent_stream_io_transport_test.dart: Agent stream IO transports production SSE transport treats an idle stream as retryable
00:01 +97: /Users/lute/project/momcozy-lab/app/test/core/agent_stream/agent_stream_io_transport_test.dart: Agent stream IO transports production SSE transport treats an idle stream as retryable
00:01 +98: /Users/lute/project/momcozy-lab/app/test/core/agent_stream/agent_stream_io_transport_test.dart: Agent stream IO transports production SSE transport treats an idle stream as retryable
00:01 +99: /Users/lute/project/momcozy-lab/app/test/core/network/api_envelope_test.dart: API contract fixtures provide every required variant for each Flutter API domain
00:01 +100: /Users/lute/project/momcozy-lab/app/test/core/network/api_envelope_test.dart: API contract fixtures provide every required variant for each Flutter API domain
00:01 +101: /Users/lute/project/momcozy-lab/app/test/core/network/api_envelope_test.dart: API contract fixtures provide every required variant for each Flutter API domain
00:01 +102: /Users/lute/project/momcozy-lab/app/test/core/network/api_envelope_test.dart: API contract fixtures provide every required variant for each Flutter API domain
00:01 +103: /Users/lute/project/momcozy-lab/app/test/core/network/api_envelope_test.dart: API contract fixtures provide every required variant for each Flutter API domain
00:01 +104: /Users/lute/project/momcozy-lab/app/test/core/network/api_envelope_test.dart: API contract fixtures provide every required variant for each Flutter API domain
00:01 +105: /Users/lute/project/momcozy-lab/app/test/core/network/api_envelope_test.dart: API contract fixtures provide every required variant for each Flutter API domain
00:01 +106: /Users/lute/project/momcozy-lab/app/test/core/network/api_envelope_test.dart: API contract fixtures provide every required variant for each Flutter API domain
00:01 +107: /Users/lute/project/momcozy-lab/app/test/core/network/api_envelope_test.dart: API contract fixtures provide every required variant for each Flutter API domain
00:01 +108: /Users/lute/project/momcozy-lab/app/test/core/agent_stream/agent_stream_io_transport_test.dart: Agent stream IO transports control connector sends non-ASCII JSON bodies as UTF-8
00:01 +109: /Users/lute/project/momcozy-lab/app/test/core/network/api_envelope_test.dart: API contract fixtures unwrap success envelopes and keep business errors distinct from HTTP errors
00:01 +110: /Users/lute/project/momcozy-lab/app/test/core/agent_stream/agent_stream_io_transport_test.dart: Agent stream IO transports cancel client posts production run-scoped cancel and accepts 2xx or 404
00:01 +111: /Users/lute/project/momcozy-lab/app/test/core/network/api_envelope_test.dart: API contract fixtures accept legacy snake/camel aliases without adding secret-shaped values
00:01 +112: /Users/lute/project/momcozy-lab/app/test/core/network/api_envelope_test.dart: API contract fixtures accept legacy snake/camel aliases without adding secret-shaped values
00:01 +113: /Users/lute/project/momcozy-lab/app/test/core/network/api_envelope_test.dart: API contract fixtures accept legacy snake/camel aliases without adding secret-shaped values
00:01 +114: /Users/lute/project/momcozy-lab/app/test/core/network/api_envelope_test.dart: API contract fixtures accept legacy snake/camel aliases without adding secret-shaped values
00:01 +115: /Users/lute/project/momcozy-lab/app/test/core/agent_stream/agent_stream_io_transport_test.dart: Agent stream IO transports action client posts confirmation and rejection to action-scoped endpoints
00:01 +116: /Users/lute/project/momcozy-lab/app/test/core/agent_stream/agent_stream_io_transport_test.dart: Agent stream IO transports action client refreshes once and preserves confirmation idempotency
00:01 +117: /Users/lute/project/momcozy-lab/app/test/core/agent_stream/agent_stream_io_transport_test.dart: Agent stream IO transports action client returns the 401 when refresh fails
00:01 +118: /Users/lute/project/momcozy-lab/app/test/core/agent_stream/agent_stream_io_transport_test.dart: Agent stream IO transports client event client records safe local events without user authority
00:01 +119: /Users/lute/project/momcozy-lab/app/test/core/agent_stream/agent_stream_io_transport_test.dart: Agent stream IO transports client event client posts run-scoped events to backend
00:01 +120: /Users/lute/project/momcozy-lab/app/test/core/agent_stream/agent_stream_io_transport_test.dart: Agent stream IO transports client event client refreshes authorization once after 401
00:01 +121: /Users/lute/project/momcozy-lab/app/test/core/agent_stream/agent_stream_io_transport_test.dart: Agent stream IO transports client event client reports 401 when refresh fails
00:01 +122: /Users/lute/project/momcozy-lab/app/test/core/agent_stream/agent_stream_io_transport_test.dart: Agent stream IO transports client event client reports guard and local recorder failures
00:01 +123: /Users/lute/project/momcozy-lab/app/test/core/observability/momcozy_observability_test.dart: MomCozyObservability records redacted route, feature, agent, and non-fatal events
00:01 +124: /Users/lute/project/momcozy-lab/app/test/core/observability/momcozy_observability_test.dart: MomCozyObservability observed JSON transport records success and HTTP failure
00:01 +125: /Users/lute/project/momcozy-lab/app/test/core/observability/momcozy_observability_test.dart: MomCozyObservability observed JSON transport records mutation methods
00:01 +126: /Users/lute/project/momcozy-lab/app/test/core/observability/momcozy_observability_test.dart: MomCozyObservability observed multipart transport records upload without file metadata
00:01 +127: /Users/lute/project/momcozy-lab/app/test/core/agent_stream/agent_stream_event_test.dart: Agent stream fixtures parse the same logical text stream from JSONL and SSE frames
00:01 +128: /Users/lute/project/momcozy-lab/app/test/core/agent_stream/agent_stream_event_test.dart: Agent stream fixtures cover the required domain event types and stable merge keys
00:01 +129: /Users/lute/project/momcozy-lab/app/test/core/agent_stream/agent_stream_event_test.dart: Agent stream fixtures treats waiting for confirmation as a stable terminal stream event
00:01 +130: /Users/lute/project/momcozy-lab/app/test/core/agent_stream/agent_stream_event_test.dart: Agent stream fixtures uses payload action ids as stable reducer keys
00:01 +131: /Users/lute/project/momcozy-lab/app/test/core/agent_stream/agent_stream_event_test.dart: Agent stream fixtures exposes production reducer ids from raw or payload fields
00:01 +132: /Users/lute/project/momcozy-lab/app/test/core/agent_stream/agent_stream_event_test.dart: Agent stream fixtures recognizes transient message delta events
00:01 +133: /Users/lute/project/momcozy-lab/app/test/core/agent_stream/agent_stream_event_test.dart: Agent stream fixtures exposes backend semantic metadata from payload or raw fields
00:01 +134: /Users/lute/project/momcozy-lab/app/test/core/agent_stream/agent_stream_event_test.dart: Agent stream fixtures uses payload tool call ids as stable reducer keys
00:01 +135: /Users/lute/project/momcozy-lab/app/test/core/agent_stream/agent_stream_event_test.dart: Agent stream fixtures does not expose canonical tool payloads as assistant text
00:01 +136: /Users/lute/project/momcozy-lab/app/test/core/agent_stream/agent_stream_event_test.dart: Agent stream fixtures strips structured tool JSON from assistant completed text
00:01 +137: /Users/lute/project/momcozy-lab/app/test/core/agent_stream/agent_stream_event_test.dart: Agent stream fixtures does not extract quick replies from assistant text JSON fallback
00:01 +138: /Users/lute/project/momcozy-lab/app/test/core/agent_stream/agent_stream_event_test.dart: Agent stream fixtures extracts exactly three quick replies from completed message payload
00:01 +139: /Users/lute/project/momcozy-lab/app/test/core/agent_stream/agent_stream_event_test.dart: Agent stream fixtures extracts an opaque workflow reply cursor from completed messages
00:01 +140: /Users/lute/project/momcozy-lab/app/test/core/agent_stream/agent_stream_event_test.dart: Agent stream fixtures ignores incomplete quick reply sets
00:01 +141: /Users/lute/project/momcozy-lab/app/test/core/agent_stream/agent_stream_event_test.dart: Agent stream fixtures extracts completed text from durable message payloads
00:02 +142: /Users/lute/project/momcozy-lab/app/test/core/routing/safe_link_target_test.dart: SafeLinkTarget accepts app paths and preserves query parameters
00:02 +143: /Users/lute/project/momcozy-lab/app/test/core/routing/safe_link_target_test.dart: SafeLinkTarget accepts absolute HTTP and HTTPS links without credentials
00:02 +144: /Users/lute/project/momcozy-lab/app/test/core/routing/safe_link_target_test.dart: SafeLinkTarget rejects unsafe schemes and ambiguous locations
00:02 +145: /Users/lute/project/momcozy-lab/app/test/core/agent_stream/agent_stream_run_state_test.dart: AgentStreamRunState withdrawal clears text and integrity state, survives reconnect and ignores late deltas
00:02 +146: /Users/lute/project/momcozy-lab/app/test/core/agent_stream/agent_stream_run_state_test.dart: AgentStreamRunState masked final repairs stream without receiving withdrawal event
00:02 +147: /Users/lute/project/momcozy-lab/app/test/core/agent_stream/agent_stream_run_state_test.dart: AgentStreamRunState accumulates streamed text and finishes on terminal events
00:02 +148: /Users/lute/project/momcozy-lab/app/test/core/agent_stream/agent_stream_run_state_test.dart: AgentStreamRunState preserves partial text and marks disconnect as retryable
00:02 +149: /Users/lute/project/momcozy-lab/app/test/core/agent_stream/agent_stream_run_state_test.dart: AgentStreamRunState releases received artifacts after text or a successful terminal signal
00:02 +150: /Users/lute/project/momcozy-lab/app/test/core/agent_stream/agent_stream_run_state_test.dart: AgentStreamRunState deduplicates replayed events by event id or sequence
00:02 +151: /Users/lute/project/momcozy-lab/app/test/core/agent_stream/agent_stream_run_state_test.dart: AgentStreamRunState keeps replay keys isolated across reducer snapshots and branches
00:02 +152: /Users/lute/project/momcozy-lab/app/test/core/agent_stream/agent_stream_run_state_test.dart: AgentStreamRunState merges repeated assistant completion events by message id
00:02 +153: /Users/lute/project/momcozy-lab/app/test/core/agent_stream/agent_stream_run_state_test.dart: AgentStreamRunState keeps streamed text stable when assistant completed arrives
00:02 +154: /Users/lute/project/momcozy-lab/app/test/core/agent_stream/agent_stream_run_state_test.dart: AgentStreamRunState only appends missing completed suffix to streamed text
00:02 +155: /Users/lute/project/momcozy-lab/app/test/core/agent_stream/agent_stream_run_state_test.dart: AgentStreamRunState replaces streamed text with authoritative completed text
00:02 +156: /Users/lute/project/momcozy-lab/app/test/core/agent_stream/agent_stream_run_state_test.dart: AgentStreamRunState updates quick replies from transient completed message payload
00:02 +157: /Users/lute/project/momcozy-lab/app/test/core/agent_stream/agent_stream_run_state_test.dart: AgentStreamRunState persists the latest workflow reply cursor across app restoration
00:02 +158: /Users/lute/project/momcozy-lab/app/test/core/agent_stream/agent_stream_run_state_test.dart: AgentStreamRunState replaces stale streamed text on completed mismatch
00:02 +159: /Users/lute/project/momcozy-lab/app/test/core/agent_stream/agent_stream_run_state_test.dart: AgentStreamRunState buffers indexed segment gaps and drains them in order
00:02 +160: /Users/lute/project/momcozy-lab/app/test/core/agent_stream/agent_stream_run_state_test.dart: AgentStreamRunState rejects an indexed segment with invalid prefix integrity
00:02 +161: /Users/lute/project/momcozy-lab/app/test/core/agent_stream/agent_stream_run_state_test.dart: AgentStreamRunState completed text only appends a missing indexed suffix
00:02 +162: /Users/lute/project/momcozy-lab/app/test/core/agent_stream/agent_stream_run_state_test.dart: AgentStreamRunState keeps repeated text deltas when no replay key is present
00:02 +163: /Users/lute/project/momcozy-lab/app/test/core/agent_stream/agent_stream_run_state_test.dart: AgentStreamRunState keeps transient delta replay keys without growing event history
00:02 +164: /Users/lute/project/momcozy-lab/app/test/core/agent_stream/agent_stream_run_state_test.dart: AgentStreamRunState uses durable completed message text when deltas are absent
00:02 +165: /Users/lute/project/momcozy-lab/app/test/core/agent_stream/agent_stream_run_state_test.dart: AgentStreamRunState applies canonical text and terminal events from SSE
00:02 +166: /Users/lute/project/momcozy-lab/app/test/core/agent_stream/agent_stream_run_state_test.dart: AgentStreamRunState keeps canonical tool JSON out of text and stores quick replies
00:02 +167: /Users/lute/project/momcozy-lab/app/test/core/agent_stream/agent_stream_run_state_test.dart: AgentStreamRunState maps run error events to non-retryable error state
00:02 +168: /Users/lute/project/momcozy-lab/app/test/core/agent_stream/agent_stream_run_state_test.dart: AgentStreamRunState preserves waiting-for-confirmation state without retry affordance
00:02 +169: /Users/lute/project/momcozy-lab/app/test/core/agent_stream/agent_stream_run_state_test.dart: AgentStreamRunState does not index or serialize hidden and implicit action cards
00:02 +170: /Users/lute/project/momcozy-lab/app/test/core/agent_stream/agent_stream_run_state_test.dart: AgentStreamRunState keeps one visible action through confirmation lifecycle events
00:02 +171: /Users/lute/project/momcozy-lab/app/test/core/agent_stream/agent_stream_run_state_test.dart: AgentStreamRunState merges action events after waiting for confirmation
00:02 +172: /Users/lute/project/momcozy-lab/app/test/core/agent_stream/agent_stream_run_state_test.dart: AgentStreamRunState indexes tool and artifact lifecycle by stable ids
00:02 +173: /Users/lute/project/momcozy-lab/app/test/core/agent_stream/agent_stream_run_state_test.dart: AgentStreamRunState keeps local cancel state even when backend cancel fails
00:02 +174: /Users/lute/project/momcozy-lab/app/test/core/agent_stream/agent_stream_run_state_test.dart: AgentStreamRunState records acknowledged cancel responses
00:02 +175: /Users/lute/project/momcozy-lab/app/test/core/agent_stream/agent_stream_run_state_test.dart: AgentStreamRunState serializes and restores stable replay state
00:02 +176: /Users/lute/project/momcozy-lab/app/test/core/agent_stream/agent_stream_run_state_test.dart: AgentStreamRunState serializes transient delta replay keys without raw delta events
00:02 +177: /Users/lute/project/momcozy-lab/app/test/core/agent_stream/agent_stream_run_state_test.dart: AgentStreamRunState restores pending indexed segments and drains a recovered gap
00:02 +178: /Users/lute/project/momcozy-lab/app/test/core/agent_stream/agent_stream_runner_test.dart: AgentStreamRunner produces the same final state for SSE and JSONL clients
00:02 +179: /Users/lute/project/momcozy-lab/app/test/core/agent_stream/agent_stream_runner_test.dart: AgentStreamRunner keeps non-retryable transport errors as a manual retry state
00:02 +180: /Users/lute/project/momcozy-lab/app/test/core/agent_stream/agent_stream_runner_test.dart: AgentStreamRunner automatically resumes the same run after a follow window ends
00:02 +181: /Users/lute/project/momcozy-lab/app/test/core/agent_stream/agent_stream_runner_test.dart: AgentStreamRunner keeps listening after message completion until the run is terminal
00:02 +182: /Users/lute/project/momcozy-lab/app/test/core/agent_stream/agent_stream_runner_test.dart: AgentStreamRunner resumes after a retryable transport failure without duplicating text
00:02 +183: /Users/lute/project/momcozy-lab/app/test/core/agent_stream/agent_stream_runner_test.dart: AgentStreamRunner retries an uncertain run creation with the same idempotency key
00:02 +184: /Users/lute/project/momcozy-lab/app/test/core/agent_stream/agent_stream_client_test.dart: AgentStreamClient normalizes SSE and JSONL transports into the same event stream
00:02 +185: /Users/lute/project/momcozy-lab/app/test/core/agent_stream/agent_stream_client_test.dart: AgentStreamClient normalizes SSE and JSONL transports into the same event stream
00:02 +186: /Users/lute/project/momcozy-lab/app/test/core/agent_stream/agent_stream_runner_test.dart: AgentStreamRunner does not reconnect after the run subscription is cancelled
00:02 +187: /Users/lute/project/momcozy-lab/app/test/core/agent_stream/agent_stream_runner_test.dart: AgentStreamRunner does not reconnect after the run subscription is cancelled
00:02 +188: /Users/lute/project/momcozy-lab/app/test/core/agent_stream/agent_stream_runner_test.dart: AgentStreamRunner does not reconnect after the run subscription is cancelled
00:02 +189: /Users/lute/project/momcozy-lab/app/test/core/agent_stream/agent_stream_runner_test.dart: AgentStreamRunner does not reconnect after the run subscription is cancelled
00:02 +190: /Users/lute/project/momcozy-lab/app/test/core/agent_stream/agent_stream_runner_test.dart: AgentStreamRunner does not reconnect after the run subscription is cancelled
00:02 +191: /Users/lute/project/momcozy-lab/app/test/core/agent_stream/agent_stream_runner_test.dart: AgentStreamRunner does not reconnect after the run subscription is cancelled
00:02 +192: /Users/lute/project/momcozy-lab/app/test/core/test_environment/test_smoke_test.dart: TestSmokeConfig reads env flags and session context
00:02 +193: /Users/lute/project/momcozy-lab/app/test/core/test_environment/test_smoke_test.dart: TestSmokeConfig reads env flags and session context
00:02 +194: /Users/lute/project/momcozy-lab/app/test/core/test_environment/test_smoke_test.dart: TestSmokeConfig reads env flags and session context
00:02 +195: /Users/lute/project/momcozy-lab/app/test/core/test_environment/test_smoke_test.dart: TestSmokeConfig reads env flags and session context
00:02 +196: /Users/lute/project/momcozy-lab/app/test/core/test_environment/test_smoke_test.dart: TestSmokeConfig reads env flags and session context
00:02 +197: /Users/lute/project/momcozy-lab/app/test/core/test_environment/test_smoke_test.dart: TestSmokeConfig reads env flags and session context
00:02 +198: /Users/lute/project/momcozy-lab/app/test/core/test_environment/test_smoke_test.dart: runner skips every probe when test smoke is disabled
00:02 +199: /Users/lute/project/momcozy-lab/app/test/core/test_environment/test_smoke_test.dart: headless smoke builds Agent context without platform plugins
00:02 +200: /Users/lute/project/momcozy-lab/app/test/core/test_environment/test_smoke_test.dart: runner gates mutating and agent probes behind explicit flags
00:02 +201: /Users/lute/project/momcozy-lab/app/test/core/test_environment/test_smoke_test.dart: runner records failures without leaking bearer tokens
00:02 +202: /Users/lute/project/momcozy-lab/app/test/core/test_environment/test_smoke_test.dart: agent smoke accepts only completed runs with an assistant response
00:02 +203: /Users/lute/project/momcozy-lab/app/test/core/test_environment/test_smoke_test.dart: agent smoke rejects failed terminal events
00:02 +204: /Users/lute/project/momcozy-lab/app/test/core/test_environment/test_smoke_test.dart: agent smoke rejects completed runs without a non-empty assistant response
00:02 +205: /Users/lute/project/momcozy-lab/app/test/core/routing/route_intent_test.dart: Route intent fixtures keeps retired events generic and rejects retired status routes
00:02 +206: /Users/lute/project/momcozy-lab/app/test/core/routing/route_intent_test.dart: Route intent fixtures maps native Schedule navigation to the canonical Schedule route
00:02 +207: /Users/lute/project/momcozy-lab/app/test/core/routing/route_intent_test.dart: Route intent fixtures reject unsafe routes and keep unknown same-origin routes recoverable
00:02 +208: /Users/lute/project/momcozy-lab/app/test/core/routing/route_intent_test.dart: Route intent fixtures map legacy pump notifications to the lactation surface
00:02 +209: /Users/lute/project/momcozy-lab/app/test/core/routing/route_intent_test.dart: Route intent fixtures map agent and feature navigation events to typed intents
00:02 +210: /Users/lute/project/momcozy-lab/app/test/core/routing/route_intent_test.dart: Route intent fixtures map media viewer and IBCLC return inputs to typed intents
00:02 +211: /Users/lute/project/momcozy-lab/app/test/app/typography_design_test.dart: (setUpAll)
00:02 +211: /Users/lute/project/momcozy-lab/app/test/app/typography_design_test.dart: title hierarchy at 320.0 / 1.0
00:03 +212: /Users/lute/project/momcozy-lab/app/test/app/typography_design_test.dart: title hierarchy at 320.0 / 1.0
00:03 +213: /Users/lute/project/momcozy-lab/app/test/app/typography_design_test.dart: title hierarchy at 320.0 / 1.0
00:03 +214: /Users/lute/project/momcozy-lab/app/test/app/typography_design_test.dart: title hierarchy at 320.0 / 1.0
00:03 +215: /Users/lute/project/momcozy-lab/app/test/app/typography_design_test.dart: title hierarchy at 320.0 / 1.0
00:03 +216: /Users/lute/project/momcozy-lab/app/test/app/typography_design_test.dart: title hierarchy at 320.0 / 1.0
00:03 +217: /Users/lute/project/momcozy-lab/app/test/app/me_theme_test.dart: Me-themed form remains usable at 320.0 with large text and keyboard
00:03 +218: /Users/lute/project/momcozy-lab/app/test/app/me_theme_test.dart: Me-themed form remains usable at 320.0 with large text and keyboard
00:03 +219: /Users/lute/project/momcozy-lab/app/test/app/me_theme_test.dart: Me-themed form remains usable at 320.0 with large text and keyboard
00:03 +220: /Users/lute/project/momcozy-lab/app/test/app/me_theme_test.dart: Me-themed form remains usable at 320.0 with large text and keyboard
00:03 +221: /Users/lute/project/momcozy-lab/app/test/app/me_theme_test.dart: Me-themed form remains usable at 320.0 with large text and keyboard
00:03 +222: /Users/lute/project/momcozy-lab/app/test/app/mom_navigation_test.dart: navigation reference at 320.0 with all selected states
00:03 +223: /Users/lute/project/momcozy-lab/app/test/app/mom_navigation_test.dart: navigation reference at 320.0 with all selected states
00:04 +224: /Users/lute/project/momcozy-lab/app/test/app/more_design_test.dart: More navigation and privacy at 320.0 / 1.0
00:04 +225: /Users/lute/project/momcozy-lab/app/test/app/more_design_test.dart: More navigation and privacy at 320.0 / 1.0
00:04 +226: /Users/lute/project/momcozy-lab/app/test/app/more_design_test.dart: More navigation and privacy at 320.0 / 1.0
00:04 +227: /Users/lute/project/momcozy-lab/app/test/app/more_design_test.dart: More navigation and privacy at 320.0 / 1.0
00:04 +228: /Users/lute/project/momcozy-lab/app/test/app/more_design_test.dart: More navigation and privacy at 320.0 / 1.0
00:04 +229: /Users/lute/project/momcozy-lab/app/test/app/more_design_test.dart: More navigation and privacy at 320.0 / 1.0
00:04 +230: /Users/lute/project/momcozy-lab/app/test/app/not_found_design_test.dart: unknown route shows a recoverable page at 320.0/1.0
00:04 +231: /Users/lute/project/momcozy-lab/app/test/app/momcozy_route_shell_contract_test.dart: primary navigation is hidden on secondary pages
00:04 +232: /Users/lute/project/momcozy-lab/app/test/app/momcozy_route_shell_contract_test.dart: primary navigation is hidden on secondary pages
00:04 +233: /Users/lute/project/momcozy-lab/app/test/app/momcozy_route_shell_contract_test.dart: primary navigation is hidden on secondary pages
00:04 +234: /Users/lute/project/momcozy-lab/app/test/app/momcozy_route_shell_contract_test.dart: primary navigation is hidden on secondary pages
00:04 +235: /Users/lute/project/momcozy-lab/app/test/app/momcozy_route_shell_contract_test.dart: primary navigation is hidden on secondary pages
00:04 +236: /Users/lute/project/momcozy-lab/app/test/app/momcozy_route_shell_contract_test.dart: primary navigation is hidden on secondary pages
00:04 +237: /Users/lute/project/momcozy-lab/app/test/app/momcozy_route_shell_contract_test.dart: primary navigation is hidden on secondary pages
00:04 +238: /Users/lute/project/momcozy-lab/app/test/app/momcozy_route_shell_contract_test.dart: primary navigation is hidden on secondary pages
00:04 +239: /Users/lute/project/momcozy-lab/app/test/app/momcozy_route_shell_contract_test.dart: primary navigation is hidden on secondary pages
00:04 +240: /Users/lute/project/momcozy-lab/app/test/app/momcozy_route_shell_contract_test.dart: primary navigation is hidden on secondary pages
00:04 +241: /Users/lute/project/momcozy-lab/app/test/app/more_design_test.dart: More navigation and privacy at 390.0 / 2.0
00:04 +242: /Users/lute/project/momcozy-lab/app/test/app/more_design_test.dart: More navigation and privacy at 390.0 / 2.0
00:04 +243: /Users/lute/project/momcozy-lab/app/test/app/more_design_test.dart: More navigation and privacy at 390.0 / 2.0
00:04 +244: /Users/lute/project/momcozy-lab/app/test/app/more_design_test.dart: More navigation and privacy at 390.0 / 2.0
00:04 +245: /Users/lute/project/momcozy-lab/app/test/app/more_design_test.dart: More navigation and privacy at 390.0 / 2.0
00:04 +246: /Users/lute/project/momcozy-lab/app/test/app/more_design_test.dart: More navigation and privacy at 390.0 / 2.0
00:04 +247: /Users/lute/project/momcozy-lab/app/test/app/more_design_test.dart: More navigation and privacy at 390.0 / 2.0
00:04 +248: /Users/lute/project/momcozy-lab/app/test/app/more_design_test.dart: More navigation and privacy at 390.0 / 2.0
00:04 +249: /Users/lute/project/momcozy-lab/app/test/app/more_design_test.dart: More navigation and privacy at 390.0 / 2.0
00:04 +250: /Users/lute/project/momcozy-lab/app/test/app/more_design_test.dart: More navigation and privacy at 390.0 / 2.0
00:04 +251: /Users/lute/project/momcozy-lab/app/test/app/more_design_test.dart: More navigation and privacy at 390.0 / 2.0
00:04 +252: /Users/lute/project/momcozy-lab/app/test/app/more_design_test.dart: More navigation and privacy at 390.0 / 2.0
00:04 +253: /Users/lute/project/momcozy-lab/app/test/app/more_design_test.dart: More navigation and privacy at 390.0 / 2.0
00:04 +254: /Users/lute/project/momcozy-lab/app/test/app/reading_typography_test.dart: reading leading is scoped to user paragraphs: workbench=false
00:04 +255: /Users/lute/project/momcozy-lab/app/test/app/reading_typography_test.dart: reading leading is scoped to user paragraphs: workbench=false
00:04 +256: /Users/lute/project/momcozy-lab/app/test/app/reading_typography_test.dart: reading leading is scoped to user paragraphs: workbench=false
00:04 +257: /Users/lute/project/momcozy-lab/app/test/app/reading_typography_test.dart: reading leading is scoped to user paragraphs: workbench=false
00:04 +258: /Users/lute/project/momcozy-lab/app/test/app/reading_typography_test.dart: reading leading is scoped to user paragraphs: workbench=false
00:04 +259: /Users/lute/project/momcozy-lab/app/test/app/reading_typography_test.dart: reading leading is scoped to user paragraphs: workbench=false
00:04 +260: /Users/lute/project/momcozy-lab/app/test/app/reading_typography_test.dart: reading leading is scoped to user paragraphs: workbench=false
00:04 +261: /Users/lute/project/momcozy-lab/app/test/app/reading_typography_test.dart: reading leading is scoped to user paragraphs: workbench=false
00:04 +262: /Users/lute/project/momcozy-lab/app/test/app/reading_typography_test.dart: reading leading is scoped to user paragraphs: workbench=false
00:05 +263: /Users/lute/project/momcozy-lab/app/test/app/status_card_accessibility_test.dart: mother and baby status cards expose a semantic tap action
00:05 +264: /Users/lute/project/momcozy-lab/app/test/app/status_card_accessibility_test.dart: mother and baby status cards expose a semantic tap action
00:05 +265: /Users/lute/project/momcozy-lab/app/test/app/status_card_accessibility_test.dart: mother and baby status cards expose a semantic tap action
00:05 +266: /Users/lute/project/momcozy-lab/app/test/app/momcozy_design_system_test.dart: semantic colors match the approved product design
00:05 +267: /Users/lute/project/momcozy-lab/app/test/native/p0_platform_interfaces_test.dart: P0 native fake platforms fake BLE platform enforces permission before scan
00:05 +268: /Users/lute/project/momcozy-lab/app/test/native/p0_platform_interfaces_test.dart: P0 native fake platforms fake BLE platform scans, fails, connects, reads, writes, and notifies
00:05 +269: /Users/lute/project/momcozy-lab/app/test/native/p0_platform_interfaces_test.dart: P0 native fake platforms fake BLE platform clears subscriptions and reads again after reconnect
00:05 +270: /Users/lute/project/momcozy-lab/app/test/native/p0_platform_interfaces_test.dart: P0 native fake platforms fake BLE platform records settings handoffs
00:05 +271: /Users/lute/project/momcozy-lab/app/test/native/p0_platform_interfaces_test.dart: P0 native fake platforms fake pump protocol emits typed method command schemas
00:05 +272: /Users/lute/project/momcozy-lab/app/test/native/p0_platform_interfaces_test.dart: P0 native fake platforms fake pump agent upload emits method schemas and dedupes uploads
00:05 +273: /Users/lute/project/momcozy-lab/app/test/native/p0_platform_interfaces_test.dart: P0 native fake platforms fake pump agent upload redacts sensitive failure payloads
00:05 +274: /Users/lute/project/momcozy-lab/app/test/native/p0_platform_interfaces_test.dart: P0 native fake platforms fake pump foreground service emits lifecycle and notice events
00:05 +275: /Users/lute/project/momcozy-lab/app/test/native/p0_platform_interfaces_test.dart: P0 native fake platforms fake pump foreground service consumes pending native navigation once
00:05 +276: /Users/lute/project/momcozy-lab/app/test/native/p0_platform_interfaces_test.dart: P0 native fake platforms fake wake lock reference count is idempotent on extra release
00:05 +277: /Users/lute/project/momcozy-lab/app/test/native/p0_platform_interfaces_test.dart: P0 native fake platforms fake route intent platform handles pending and active route events
00:05 +278: /Users/lute/project/momcozy-lab/app/test/native/native_release_config_test.dart: release identity is preserved and build number advances
00:05 +279: /Users/lute/project/momcozy-lab/app/test/native/pump_device_snapshot_binding_test.dart: pump device snapshot binding consumes BLE notification frames
00:05 +280: /Users/lute/project/momcozy-lab/app/test/native/pump_device_snapshot_binding_test.dart: pump device snapshot binding consumes BLE notification frames
00:05 +281: /Users/lute/project/momcozy-lab/app/test/native/pump_device_snapshot_binding_test.dart: pump device snapshot binding consumes BLE notification frames
00:05 +282: /Users/lute/project/momcozy-lab/app/test/native/pump_device_snapshot_binding_test.dart: pump device snapshot binding consumes BLE notification frames
00:05 +283: /Users/lute/project/momcozy-lab/app/test/native/pump_device_snapshot_binding_test.dart: pump device snapshot binding consumes BLE notification frames
00:05 +284: /Users/lute/project/momcozy-lab/app/test/native/android_voice_pcm_threading_test.dart: Android PCM playback stays off the platform main thread
00:05 +285: /Users/lute/project/momcozy-lab/app/test/native/pump_agent_upload_snapshot_sync_test.dart: pump agent upload snapshot sync forwards binding updates
00:05 +286: /Users/lute/project/momcozy-lab/app/test/native/media_pdf_design_test.dart: (setUpAll)
00:05 +286: /Users/lute/project/momcozy-lab/app/test/native/media_pdf_design_test.dart: native PDF preview, scroll and zoom 320.0 / 1.0
00:06 +287: /Users/lute/project/momcozy-lab/app/test/native/media_pdf_design_test.dart: native PDF preview, scroll and zoom 320.0 / 1.0
00:06 +288: /Users/lute/project/momcozy-lab/app/test/native/media_pdf_design_test.dart: native PDF preview, scroll and zoom 320.0 / 1.0
00:06 +289: /Users/lute/project/momcozy-lab/app/test/native/media_pdf_design_test.dart: native PDF preview, scroll and zoom 320.0 / 1.0
PdfDocument initial load: PdfDocumentRefKey(local-pdf) (215 ms)
PdfViewer: Loaded page 2 of 2 in 96 ms
00:06 +290: /Users/lute/project/momcozy-lab/app/test/native/media_pdf_design_test.dart: native PDF preview, scroll and zoom 320.0 / 1.0
00:06 +291: /Users/lute/project/momcozy-lab/app/test/native/media_pdf_design_test.dart: native PDF preview, scroll and zoom 320.0 / 1.0
00:06 +292: /Users/lute/project/momcozy-lab/app/test/native/media_pdf_design_test.dart: native PDF preview, scroll and zoom 320.0 / 1.0
00:06 +293: /Users/lute/project/momcozy-lab/app/test/native/media_pdf_design_test.dart: native PDF preview, scroll and zoom 320.0 / 1.0
00:06 +294: /Users/lute/project/momcozy-lab/app/test/native/media_pdf_design_test.dart: native PDF preview, scroll and zoom 320.0 / 1.0
00:06 +295: /Users/lute/project/momcozy-lab/app/test/native/media_pdf_design_test.dart: native PDF preview, scroll and zoom 320.0 / 1.0
00:06 +296: /Users/lute/project/momcozy-lab/app/test/native/media_pdf_design_test.dart: native PDF preview, scroll and zoom 320.0 / 1.0
00:06 +297: /Users/lute/project/momcozy-lab/app/test/native/media_pdf_design_test.dart: native PDF preview, scroll and zoom 320.0 / 1.0
00:06 +298: /Users/lute/project/momcozy-lab/app/test/native/media_pdf_design_test.dart: native PDF preview, scroll and zoom 320.0 / 1.0
00:06 +299: /Users/lute/project/momcozy-lab/app/test/native/media_pdf_design_test.dart: native PDF preview, scroll and zoom 320.0 / 1.0
00:06 +300: /Users/lute/project/momcozy-lab/app/test/native/media_pdf_design_test.dart: native PDF preview, scroll and zoom 320.0 / 1.0
00:06 +301: /Users/lute/project/momcozy-lab/app/test/native/media_pdf_design_test.dart: native PDF preview, scroll and zoom 320.0 / 1.0
00:06 +302: /Users/lute/project/momcozy-lab/app/test/native/media_pdf_design_test.dart: native PDF preview, scroll and zoom 320.0 / 1.0
00:06 +303: /Users/lute/project/momcozy-lab/app/test/native/media_pdf_design_test.dart: native PDF preview, scroll and zoom 320.0 / 1.0
00:06 +304: /Users/lute/project/momcozy-lab/app/test/native/media_pdf_design_test.dart: native PDF preview, scroll and zoom 320.0 / 1.0
00:06 +305: /Users/lute/project/momcozy-lab/app/test/native/media_pdf_design_test.dart: native PDF preview, scroll and zoom 320.0 / 1.0
00:06 +306: /Users/lute/project/momcozy-lab/app/test/native/media_pdf_design_test.dart: native PDF preview, scroll and zoom 320.0 / 1.0
00:06 +307: /Users/lute/project/momcozy-lab/app/test/native/media_pdf_design_test.dart: native PDF preview, scroll and zoom 320.0 / 1.0
00:06 +308: /Users/lute/project/momcozy-lab/app/test/native/media_pdf_design_test.dart: native PDF preview, scroll and zoom 320.0 / 1.0
00:06 +309: /Users/lute/project/momcozy-lab/app/test/native/media_pdf_design_test.dart: native PDF preview, scroll and zoom 320.0 / 1.0
00:06 +310: /Users/lute/project/momcozy-lab/app/test/native/media_pdf_design_test.dart: native PDF preview, scroll and zoom 320.0 / 1.0
00:06 +311: /Users/lute/project/momcozy-lab/app/test/native/media_pdf_design_test.dart: native PDF preview, scroll and zoom 320.0 / 1.0
00:06 +312: /Users/lute/project/momcozy-lab/app/test/native/media_pdf_design_test.dart: native PDF preview, scroll and zoom 320.0 / 1.0
══╡ EXCEPTION CAUGHT BY FLUTTER TEST FRAMEWORK ╞════════════════════════════════════════════════════
The following TestFailure was thrown running a test:
Expected: null
  Actual: FlutterError:<Golden "../goldens/design_system/media-pdf-loaded-320.png": Pixel test
failed, 0.72%, 1956px diff detected.
          Failure feedback can be found at /Users/lute/project/momcozy-lab/app/test/native/failures>

When the exception was thrown, this was the stack:
#4      main.<anonymous closure> (file:///Users/lute/project/momcozy-lab/app/test/native/media_pdf_design_test.dart:152:9)
<asynchronous suspension>
#5      testWidgets.<anonymous closure>.<anonymous closure> (package:flutter_test/src/widget_tester.dart:192:15)
<asynchronous suspension>
#6      TestWidgetsFlutterBinding._runTestBody (package:flutter_test/src/binding.dart:1952:5)
<asynchronous suspension>
<asynchronous suspension>
(elided one frame from package:stack_trace)

This was caught by the test expectation on the following line:
  file:///Users/lute/project/momcozy-lab/app/test/native/media_pdf_design_test.dart line 152
The test description was:
  native PDF preview, scroll and zoom 320.0 / 1.0
════════════════════════════════════════════════════════════════════════════════════════════════════
00:07 +312 -1: /Users/lute/project/momcozy-lab/app/test/native/media_pdf_design_test.dart: native PDF preview, scroll and zoom 320.0 / 1.0 [E]
  Test failed. See exception logs above.
  The test description was: native PDF preview, scroll and zoom 320.0 / 1.0
  
00:07 +312 -1: /Users/lute/project/momcozy-lab/app/test/native/media_pdf_design_test.dart: native PDF preview, scroll and zoom 320.0 / 2.0
PdfDocument initial load: PdfDocumentRefKey(local-pdf) (104 ms)
00:07 +313 -1: /Users/lute/project/momcozy-lab/app/test/native/media_pdf_design_test.dart: native PDF preview, scroll and zoom 320.0 / 2.0
00:07 +314 -1: /Users/lute/project/momcozy-lab/app/test/native/media_pdf_design_test.dart: native PDF preview, scroll and zoom 320.0 / 2.0
00:07 +315 -1: /Users/lute/project/momcozy-lab/app/test/native/media_pdf_design_test.dart: native PDF preview, scroll and zoom 320.0 / 2.0
00:07 +316 -1: /Users/lute/project/momcozy-lab/app/test/native/media_pdf_design_test.dart: native PDF preview, scroll and zoom 320.0 / 2.0
00:07 +317 -1: /Users/lute/project/momcozy-lab/app/test/native/media_pdf_design_test.dart: native PDF preview, scroll and zoom 320.0 / 2.0
00:07 +318 -1: /Users/lute/project/momcozy-lab/app/test/native/media_pdf_design_test.dart: native PDF preview, scroll and zoom 320.0 / 2.0
00:07 +319 -1: /Users/lute/project/momcozy-lab/app/test/native/media_pdf_design_test.dart: native PDF preview, scroll and zoom 320.0 / 2.0
00:07 +320 -1: /Users/lute/project/momcozy-lab/app/test/native/media_pdf_design_test.dart: native PDF preview, scroll and zoom 320.0 / 2.0
00:07 +321 -1: /Users/lute/project/momcozy-lab/app/test/native/media_pdf_design_test.dart: native PDF preview, scroll and zoom 320.0 / 2.0
00:07 +322 -1: /Users/lute/project/momcozy-lab/app/test/native/media_pdf_design_test.dart: native PDF preview, scroll and zoom 320.0 / 2.0
00:07 +323 -1: /Users/lute/project/momcozy-lab/app/test/native/media_pdf_design_test.dart: native PDF preview, scroll and zoom 320.0 / 2.0
00:07 +324 -1: /Users/lute/project/momcozy-lab/app/test/native/media_pdf_design_test.dart: native PDF preview, scroll and zoom 320.0 / 2.0
00:07 +325 -1: /Users/lute/project/momcozy-lab/app/test/native/media_pdf_design_test.dart: native PDF preview, scroll and zoom 320.0 / 2.0
00:07 +326 -1: /Users/lute/project/momcozy-lab/app/test/native/media_pdf_design_test.dart: native PDF preview, scroll and zoom 320.0 / 2.0
00:07 +327 -1: /Users/lute/project/momcozy-lab/app/test/native/media_pdf_design_test.dart: native PDF preview, scroll and zoom 320.0 / 2.0
00:07 +328 -1: /Users/lute/project/momcozy-lab/app/test/native/media_pdf_design_test.dart: native PDF preview, scroll and zoom 320.0 / 2.0
00:07 +329 -1: /Users/lute/project/momcozy-lab/app/test/native/media_pdf_design_test.dart: native PDF preview, scroll and zoom 320.0 / 2.0
00:07 +330 -1: /Users/lute/project/momcozy-lab/app/test/native/media_pdf_design_test.dart: native PDF preview, scroll and zoom 320.0 / 2.0
00:07 +331 -1: /Users/lute/project/momcozy-lab/app/test/native/media_pdf_design_test.dart: native PDF preview, scroll and zoom 320.0 / 2.0
00:07 +332 -1: /Users/lute/project/momcozy-lab/app/test/native/media_pdf_design_test.dart: native PDF preview, scroll and zoom 320.0 / 2.0
00:07 +333 -1: /Users/lute/project/momcozy-lab/app/test/native/media_pdf_design_test.dart: native PDF preview, scroll and zoom 320.0 / 2.0
00:07 +334 -1: /Users/lute/project/momcozy-lab/app/test/native/media_pdf_design_test.dart: native PDF preview, scroll and zoom 320.0 / 2.0
00:07 +335 -1: /Users/lute/project/momcozy-lab/app/test/native/media_pdf_design_test.dart: native PDF preview, scroll and zoom 320.0 / 2.0
00:07 +336 -1: /Users/lute/project/momcozy-lab/app/test/native/media_pdf_design_test.dart: native PDF preview, scroll and zoom 320.0 / 2.0
00:07 +337 -1: /Users/lute/project/momcozy-lab/app/test/native/media_pdf_design_test.dart: native PDF preview, scroll and zoom 320.0 / 2.0
00:07 +338 -1: /Users/lute/project/momcozy-lab/app/test/native/media_pdf_design_test.dart: native PDF preview, scroll and zoom 320.0 / 2.0
00:07 +339 -1: /Users/lute/project/momcozy-lab/app/test/native/media_pdf_design_test.dart: native PDF preview, scroll and zoom 320.0 / 2.0
00:07 +340 -1: /Users/lute/project/momcozy-lab/app/test/native/media_pdf_design_test.dart: native PDF preview, scroll and zoom 320.0 / 2.0
00:07 +341 -1: /Users/lute/project/momcozy-lab/app/test/native/media_pdf_design_test.dart: native PDF preview, scroll and zoom 320.0 / 2.0
00:07 +342 -1: /Users/lute/project/momcozy-lab/app/test/native/media_pdf_design_test.dart: native PDF preview, scroll and zoom 320.0 / 2.0
00:07 +343 -1: /Users/lute/project/momcozy-lab/app/test/native/media_pdf_design_test.dart: native PDF preview, scroll and zoom 320.0 / 2.0
00:07 +344 -1: /Users/lute/project/momcozy-lab/app/test/native/media_pdf_design_test.dart: native PDF preview, scroll and zoom 320.0 / 2.0
00:07 +345 -1: /Users/lute/project/momcozy-lab/app/test/native/media_pdf_design_test.dart: native PDF preview, scroll and zoom 320.0 / 2.0
00:07 +346 -1: /Users/lute/project/momcozy-lab/app/test/native/media_pdf_design_test.dart: native PDF preview, scroll and zoom 320.0 / 2.0
00:07 +347 -1: /Users/lute/project/momcozy-lab/app/test/native/media_pdf_design_test.dart: native PDF preview, scroll and zoom 320.0 / 2.0
PdfViewer: Loaded page 2 of 2 in 20 ms
00:07 +348 -1: /Users/lute/project/momcozy-lab/app/test/native/media_pdf_design_test.dart: native PDF preview, scroll and zoom 320.0 / 2.0
00:07 +349 -1: /Users/lute/project/momcozy-lab/app/test/native/media_pdf_design_test.dart: native PDF preview, scroll and zoom 320.0 / 2.0
00:07 +350 -1: /Users/lute/project/momcozy-lab/app/test/native/media_pdf_design_test.dart: native PDF preview, scroll and zoom 320.0 / 2.0
00:07 +351 -1: /Users/lute/project/momcozy-lab/app/test/native/media_pdf_design_test.dart: native PDF preview, scroll and zoom 320.0 / 2.0
00:07 +352 -1: /Users/lute/project/momcozy-lab/app/test/native/media_pdf_design_test.dart: native PDF preview, scroll and zoom 320.0 / 2.0
00:07 +353 -1: /Users/lute/project/momcozy-lab/app/test/native/media_pdf_design_test.dart: native PDF preview, scroll and zoom 320.0 / 2.0
00:07 +354 -1: /Users/lute/project/momcozy-lab/app/test/native/media_pdf_design_test.dart: native PDF preview, scroll and zoom 320.0 / 2.0
══╡ EXCEPTION CAUGHT BY FLUTTER TEST FRAMEWORK ╞════════════════════════════════════════════════════
The following TestFailure was thrown running a test:
Expected: null
  Actual: FlutterError:<Golden "../goldens/design_system/media-pdf-loaded-320-2x.png": Pixel test
failed, 4.72%, 12743px diff detected.
          Failure feedback can be found at /Users/lute/project/momcozy-lab/app/test/native/failures>

When the exception was thrown, this was the stack:
#4      main.<anonymous closure> (file:///Users/lute/project/momcozy-lab/app/test/native/media_pdf_design_test.dart:152:9)
<asynchronous suspension>
#5      testWidgets.<anonymous closure>.<anonymous closure> (package:flutter_test/src/widget_tester.dart:192:15)
<asynchronous suspension>
#6      TestWidgetsFlutterBinding._runTestBody (package:flutter_test/src/binding.dart:1952:5)
<asynchronous suspension>
<asynchronous suspension>
(elided one frame from package:stack_trace)

This was caught by the test expectation on the following line:
  file:///Users/lute/project/momcozy-lab/app/test/native/media_pdf_design_test.dart line 152
The test description was:
  native PDF preview, scroll and zoom 320.0 / 2.0
════════════════════════════════════════════════════════════════════════════════════════════════════
00:08 +354 -2: /Users/lute/project/momcozy-lab/app/test/native/media_pdf_design_test.dart: native PDF preview, scroll and zoom 320.0 / 2.0 [E]
  Test failed. See exception logs above.
  The test description was: native PDF preview, scroll and zoom 320.0 / 2.0
  
00:08 +354 -2: /Users/lute/project/momcozy-lab/app/test/native/media_pdf_design_test.dart: native PDF preview, scroll and zoom 390.0 / 1.0
PdfDocument initial load: PdfDocumentRefKey(local-pdf) (104 ms)
00:08 +355 -2: /Users/lute/project/momcozy-lab/app/test/native/media_pdf_design_test.dart: native PDF preview, scroll and zoom 390.0 / 1.0
00:08 +356 -2: /Users/lute/project/momcozy-lab/app/test/native/media_pdf_design_test.dart: native PDF preview, scroll and zoom 390.0 / 1.0
00:08 +357 -2: /Users/lute/project/momcozy-lab/app/test/native/media_pdf_design_test.dart: native PDF preview, scroll and zoom 390.0 / 1.0
00:08 +358 -2: /Users/lute/project/momcozy-lab/app/test/native/media_pdf_design_test.dart: native PDF preview, scroll and zoom 390.0 / 1.0
00:08 +359 -2: /Users/lute/project/momcozy-lab/app/test/native/media_pdf_design_test.dart: native PDF preview, scroll and zoom 390.0 / 1.0
00:08 +360 -2: /Users/lute/project/momcozy-lab/app/test/native/media_pdf_design_test.dart: native PDF preview, scroll and zoom 390.0 / 1.0
00:08 +361 -2: /Users/lute/project/momcozy-lab/app/test/native/media_pdf_design_test.dart: native PDF preview, scroll and zoom 390.0 / 1.0
00:08 +362 -2: /Users/lute/project/momcozy-lab/app/test/native/media_pdf_design_test.dart: native PDF preview, scroll and zoom 390.0 / 1.0
00:08 +363 -2: /Users/lute/project/momcozy-lab/app/test/native/media_pdf_design_test.dart: native PDF preview, scroll and zoom 390.0 / 1.0
00:08 +364 -2: /Users/lute/project/momcozy-lab/app/test/native/media_pdf_design_test.dart: native PDF preview, scroll and zoom 390.0 / 1.0
00:08 +365 -2: /Users/lute/project/momcozy-lab/app/test/native/media_pdf_design_test.dart: native PDF preview, scroll and zoom 390.0 / 1.0
00:08 +366 -2: /Users/lute/project/momcozy-lab/app/test/native/media_pdf_design_test.dart: native PDF preview, scroll and zoom 390.0 / 1.0
00:08 +367 -2: /Users/lute/project/momcozy-lab/app/test/native/media_pdf_design_test.dart: native PDF preview, scroll and zoom 390.0 / 1.0
00:08 +368 -2: /Users/lute/project/momcozy-lab/app/test/native/media_pdf_design_test.dart: native PDF preview, scroll and zoom 390.0 / 1.0
00:08 +369 -2: /Users/lute/project/momcozy-lab/app/test/native/media_pdf_design_test.dart: native PDF preview, scroll and zoom 390.0 / 1.0
00:08 +370 -2: /Users/lute/project/momcozy-lab/app/test/native/media_pdf_design_test.dart: native PDF preview, scroll and zoom 390.0 / 1.0
00:08 +371 -2: /Users/lute/project/momcozy-lab/app/test/native/media_pdf_design_test.dart: native PDF preview, scroll and zoom 390.0 / 1.0
00:08 +372 -2: /Users/lute/project/momcozy-lab/app/test/native/media_pdf_design_test.dart: native PDF preview, scroll and zoom 390.0 / 1.0
00:08 +373 -2: /Users/lute/project/momcozy-lab/app/test/native/media_pdf_design_test.dart: native PDF preview, scroll and zoom 390.0 / 1.0
00:08 +374 -2: /Users/lute/project/momcozy-lab/app/test/native/media_pdf_design_test.dart: native PDF preview, scroll and zoom 390.0 / 1.0
00:08 +375 -2: /Users/lute/project/momcozy-lab/app/test/native/media_pdf_design_test.dart: native PDF preview, scroll and zoom 390.0 / 1.0
PdfViewer: Loaded page 2 of 2 in 32 ms
00:08 +376 -2: /Users/lute/project/momcozy-lab/app/test/native/media_pdf_design_test.dart: native PDF preview, scroll and zoom 390.0 / 1.0
00:08 +377 -2: /Users/lute/project/momcozy-lab/app/test/native/media_pdf_design_test.dart: native PDF preview, scroll and zoom 390.0 / 1.0
00:08 +378 -2: /Users/lute/project/momcozy-lab/app/test/native/media_pdf_design_test.dart: native PDF preview, scroll and zoom 390.0 / 1.0
00:08 +379 -2: /Users/lute/project/momcozy-lab/app/test/native/media_pdf_design_test.dart: native PDF preview, scroll and zoom 390.0 / 1.0
00:08 +380 -2: /Users/lute/project/momcozy-lab/app/test/native/media_pdf_design_test.dart: native PDF preview, scroll and zoom 390.0 / 1.0
00:08 +381 -2: /Users/lute/project/momcozy-lab/app/test/native/media_pdf_design_test.dart: native PDF preview, scroll and zoom 390.0 / 1.0
00:08 +382 -2: /Users/lute/project/momcozy-lab/app/test/native/media_pdf_design_test.dart: native PDF preview, scroll and zoom 390.0 / 1.0
00:08 +383 -2: /Users/lute/project/momcozy-lab/app/test/native/media_pdf_design_test.dart: native PDF preview, scroll and zoom 390.0 / 1.0
00:08 +384 -2: /Users/lute/project/momcozy-lab/app/test/native/media_pdf_design_test.dart: native PDF preview, scroll and zoom 390.0 / 1.0
00:08 +385 -2: /Users/lute/project/momcozy-lab/app/test/native/media_pdf_design_test.dart: native PDF preview, scroll and zoom 390.0 / 1.0
00:08 +386 -2: /Users/lute/project/momcozy-lab/app/test/native/media_pdf_design_test.dart: native PDF preview, scroll and zoom 390.0 / 1.0
00:08 +387 -2: /Users/lute/project/momcozy-lab/app/test/native/media_pdf_design_test.dart: native PDF preview, scroll and zoom 390.0 / 1.0
00:08 +388 -2: /Users/lute/project/momcozy-lab/app/test/native/media_pdf_design_test.dart: native PDF preview, scroll and zoom 390.0 / 1.0
00:08 +389 -2: /Users/lute/project/momcozy-lab/app/test/native/media_pdf_design_test.dart: native PDF preview, scroll and zoom 390.0 / 1.0
00:08 +390 -2: /Users/lute/project/momcozy-lab/app/test/native/media_pdf_design_test.dart: native PDF preview, scroll and zoom 390.0 / 1.0
00:08 +391 -2: /Users/lute/project/momcozy-lab/app/test/native/media_pdf_design_test.dart: native PDF preview, scroll and zoom 390.0 / 1.0
00:08 +392 -2: /Users/lute/project/momcozy-lab/app/test/native/media_pdf_design_test.dart: native PDF preview, scroll and zoom 390.0 / 1.0
00:08 +393 -2: /Users/lute/project/momcozy-lab/app/test/native/media_pdf_design_test.dart: native PDF preview, scroll and zoom 390.0 / 1.0
00:08 +394 -2: /Users/lute/project/momcozy-lab/app/test/native/media_pdf_design_test.dart: native PDF preview, scroll and zoom 390.0 / 1.0
00:08 +395 -2: /Users/lute/project/momcozy-lab/app/test/native/media_pdf_design_test.dart: native PDF preview, scroll and zoom 390.0 / 1.0
00:08 +396 -2: /Users/lute/project/momcozy-lab/app/test/native/media_pdf_design_test.dart: native PDF preview, scroll and zoom 390.0 / 1.0
00:08 +397 -2: /Users/lute/project/momcozy-lab/app/test/native/media_pdf_design_test.dart: native PDF preview, scroll and zoom 390.0 / 1.0
00:08 +398 -2: /Users/lute/project/momcozy-lab/app/test/native/media_pdf_design_test.dart: native PDF preview, scroll and zoom 390.0 / 1.0
00:08 +399 -2: /Users/lute/project/momcozy-lab/app/test/native/media_pdf_design_test.dart: native PDF preview, scroll and zoom 390.0 / 1.0
00:08 +400 -2: /Users/lute/project/momcozy-lab/app/test/native/media_pdf_design_test.dart: native PDF preview, scroll and zoom 390.0 / 1.0
00:08 +401 -2: /Users/lute/project/momcozy-lab/app/test/native/media_pdf_design_test.dart: native PDF preview, scroll and zoom 390.0 / 1.0
00:08 +402 -2: /Users/lute/project/momcozy-lab/app/test/native/media_pdf_design_test.dart: native PDF preview, scroll and zoom 390.0 / 1.0
00:08 +402 -2: /Users/lute/project/momcozy-lab/app/test/features/motion_assessment/presentation/motion_assessment_controller_test.dart: stops the local camera when native pose inference fails
Motion pose stream failed: PlatformException(pose_inference_failed, MediaPipe execution failed, null, null)
00:08 +403 -2: /Users/lute/project/momcozy-lab/app/test/native/media_pdf_design_test.dart: native PDF preview, scroll and zoom 390.0 / 1.0
00:08 +404 -2: /Users/lute/project/momcozy-lab/app/test/native/media_pdf_design_test.dart: native PDF preview, scroll and zoom 390.0 / 1.0
00:08 +405 -2: /Users/lute/project/momcozy-lab/app/test/native/media_pdf_design_test.dart: native PDF preview, scroll and zoom 390.0 / 1.0
00:08 +406 -2: /Users/lute/project/momcozy-lab/app/test/native/media_pdf_design_test.dart: native PDF preview, scroll and zoom 390.0 / 1.0
00:08 +407 -2: /Users/lute/project/momcozy-lab/app/test/native/media_pdf_design_test.dart: native PDF preview, scroll and zoom 390.0 / 1.0
══╡ EXCEPTION CAUGHT BY FLUTTER TEST FRAMEWORK ╞════════════════════════════════════════════════════
The following TestFailure was thrown running a test:
Expected: null
  Actual: FlutterError:<Golden "../goldens/design_system/media-pdf-loaded-390.png": Pixel test
failed, 0.59%, 1956px diff detected.
          Failure feedback can be found at /Users/lute/project/momcozy-lab/app/test/native/failures>

When the exception was thrown, this was the stack:
#4      main.<anonymous closure> (file:///Users/lute/project/momcozy-lab/app/test/native/media_pdf_design_test.dart:152:9)
<asynchronous suspension>
#5      testWidgets.<anonymous closure>.<anonymous closure> (package:flutter_test/src/widget_tester.dart:192:15)
<asynchronous suspension>
#6      TestWidgetsFlutterBinding._runTestBody (package:flutter_test/src/binding.dart:1952:5)
<asynchronous suspension>
<asynchronous suspension>
(elided one frame from package:stack_trace)

This was caught by the test expectation on the following line:
  file:///Users/lute/project/momcozy-lab/app/test/native/media_pdf_design_test.dart line 152
The test description was:
  native PDF preview, scroll and zoom 390.0 / 1.0
════════════════════════════════════════════════════════════════════════════════════════════════════
00:08 +407 -3: /Users/lute/project/momcozy-lab/app/test/features/motion_assessment/presentation/motion_assessment_controller_test.dart: gives a standing person a full-height guide on a portrait phone
00:08 +407 -3: /Users/lute/project/momcozy-lab/app/test/native/media_pdf_design_test.dart: native PDF preview, scroll and zoom 390.0 / 1.0 [E]
  Test failed. See exception logs above.
  The test description was: native PDF preview, scroll and zoom 390.0 / 1.0
  
00:08 +408 -3: /Users/lute/project/momcozy-lab/app/test/native/media_pdf_design_test.dart: native PDF preview, scroll and zoom 390.0 / 2.0
00:08 +409 -3: /Users/lute/project/momcozy-lab/app/test/native/media_pdf_design_test.dart: native PDF preview, scroll and zoom 390.0 / 2.0
00:08 +410 -3: /Users/lute/project/momcozy-lab/app/test/native/media_pdf_design_test.dart: native PDF preview, scroll and zoom 390.0 / 2.0
00:08 +411 -3: /Users/lute/project/momcozy-lab/app/test/native/media_pdf_design_test.dart: native PDF preview, scroll and zoom 390.0 / 2.0
PdfDocument initial load: PdfDocumentRefKey(local-pdf) (104 ms)
00:08 +412 -3: /Users/lute/project/momcozy-lab/app/test/native/media_pdf_design_test.dart: native PDF preview, scroll and zoom 390.0 / 2.0
00:09 +413 -3: /Users/lute/project/momcozy-lab/app/test/native/media_pdf_design_test.dart: native PDF preview, scroll and zoom 390.0 / 2.0
00:09 +414 -3: /Users/lute/project/momcozy-lab/app/test/native/media_pdf_design_test.dart: native PDF preview, scroll and zoom 390.0 / 2.0
00:09 +415 -3: /Users/lute/project/momcozy-lab/app/test/native/media_pdf_design_test.dart: native PDF preview, scroll and zoom 390.0 / 2.0
00:09 +415 -3: /Users/lute/project/momcozy-lab/app/test/features/motion_assessment/presentation/motion_assessment_controller_test.dart: motion responsive failure retry and exit 320.0 / 1.0
Motion pose stream failed: PlatformException(pose_model_initialization_failed, null, null, null)
00:09 +416 -3: /Users/lute/project/momcozy-lab/app/test/native/media_pdf_design_test.dart: native PDF preview, scroll and zoom 390.0 / 2.0
00:09 +416 -3: /Users/lute/project/momcozy-lab/app/test/features/motion_assessment/presentation/motion_assessment_controller_test.dart: motion responsive failure retry and exit 320.0 / 2.0
Motion pose stream failed: PlatformException(pose_model_initialization_failed, null, null, null)
00:09 +416 -3: /Users/lute/project/momcozy-lab/app/test/native/media_pdf_design_test.dart: native PDF preview, scroll and zoom 390.0 / 2.0
PdfViewer: Loaded page 2 of 2 in 22 ms
00:09 +417 -3: /Users/lute/project/momcozy-lab/app/test/native/media_pdf_design_test.dart: native PDF preview, scroll and zoom 390.0 / 2.0
00:09 +417 -3: /Users/lute/project/momcozy-lab/app/test/features/motion_assessment/presentation/motion_assessment_controller_test.dart: motion responsive failure retry and exit 390.0 / 1.0
Motion pose stream failed: PlatformException(pose_model_initialization_failed, null, null, null)
00:09 +418 -3: /Users/lute/project/momcozy-lab/app/test/native/media_pdf_design_test.dart: native PDF preview, scroll and zoom 390.0 / 2.0
00:09 +419 -3: /Users/lute/project/momcozy-lab/app/test/native/media_pdf_design_test.dart: native PDF preview, scroll and zoom 390.0 / 2.0
00:09 +420 -3: /Users/lute/project/momcozy-lab/app/test/native/media_pdf_design_test.dart: native PDF preview, scroll and zoom 390.0 / 2.0
00:09 +421 -3: /Users/lute/project/momcozy-lab/app/test/native/media_pdf_design_test.dart: native PDF preview, scroll and zoom 390.0 / 2.0
00:09 +422 -3: /Users/lute/project/momcozy-lab/app/test/native/media_pdf_design_test.dart: native PDF preview, scroll and zoom 390.0 / 2.0
00:09 +423 -3: /Users/lute/project/momcozy-lab/app/test/native/media_pdf_design_test.dart: native PDF preview, scroll and zoom 390.0 / 2.0
00:09 +424 -3: /Users/lute/project/momcozy-lab/app/test/native/media_pdf_design_test.dart: native PDF preview, scroll and zoom 390.0 / 2.0
00:09 +425 -3: /Users/lute/project/momcozy-lab/app/test/native/media_pdf_design_test.dart: native PDF preview, scroll and zoom 390.0 / 2.0
00:09 +426 -3: /Users/lute/project/momcozy-lab/app/test/native/media_pdf_design_test.dart: native PDF preview, scroll and zoom 390.0 / 2.0
00:09 +427 -3: /Users/lute/project/momcozy-lab/app/test/native/media_pdf_design_test.dart: native PDF preview, scroll and zoom 390.0 / 2.0
00:09 +428 -3: /Users/lute/project/momcozy-lab/app/test/native/media_pdf_design_test.dart: native PDF preview, scroll and zoom 390.0 / 2.0
00:09 +428 -3: /Users/lute/project/momcozy-lab/app/test/features/motion_assessment/presentation/motion_assessment_controller_test.dart: motion responsive failure retry and exit 390.0 / 2.0
Motion pose stream failed: PlatformException(pose_model_initialization_failed, null, null, null)
00:09 +429 -3: /Users/lute/project/momcozy-lab/app/test/native/media_pdf_design_test.dart: native PDF preview, scroll and zoom 390.0 / 2.0
00:09 +430 -3: /Users/lute/project/momcozy-lab/app/test/native/media_pdf_design_test.dart: native PDF preview, scroll and zoom 390.0 / 2.0
00:09 +431 -3: /Users/lute/project/momcozy-lab/app/test/native/media_pdf_design_test.dart: native PDF preview, scroll and zoom 390.0 / 2.0
00:09 +432 -3: /Users/lute/project/momcozy-lab/app/test/native/media_pdf_design_test.dart: native PDF preview, scroll and zoom 390.0 / 2.0
00:09 +433 -3: /Users/lute/project/momcozy-lab/app/test/native/media_pdf_design_test.dart: native PDF preview, scroll and zoom 390.0 / 2.0
00:09 +434 -3: /Users/lute/project/momcozy-lab/app/test/native/media_pdf_design_test.dart: native PDF preview, scroll and zoom 390.0 / 2.0
00:09 +435 -3: /Users/lute/project/momcozy-lab/app/test/native/media_pdf_design_test.dart: native PDF preview, scroll and zoom 390.0 / 2.0
00:09 +436 -3: /Users/lute/project/momcozy-lab/app/test/native/media_pdf_design_test.dart: native PDF preview, scroll and zoom 390.0 / 2.0
00:09 +437 -3: /Users/lute/project/momcozy-lab/app/test/native/media_pdf_design_test.dart: native PDF preview, scroll and zoom 390.0 / 2.0
00:09 +438 -3: /Users/lute/project/momcozy-lab/app/test/native/media_pdf_design_test.dart: native PDF preview, scroll and zoom 390.0 / 2.0
00:09 +439 -3: /Users/lute/project/momcozy-lab/app/test/native/media_pdf_design_test.dart: native PDF preview, scroll and zoom 390.0 / 2.0
00:09 +440 -3: /Users/lute/project/momcozy-lab/app/test/native/media_pdf_design_test.dart: native PDF preview, scroll and zoom 390.0 / 2.0
00:09 +441 -3: /Users/lute/project/momcozy-lab/app/test/native/media_pdf_design_test.dart: native PDF preview, scroll and zoom 390.0 / 2.0
00:09 +442 -3: /Users/lute/project/momcozy-lab/app/test/native/media_pdf_design_test.dart: native PDF preview, scroll and zoom 390.0 / 2.0
00:09 +443 -3: /Users/lute/project/momcozy-lab/app/test/native/media_pdf_design_test.dart: native PDF preview, scroll and zoom 390.0 / 2.0
00:09 +444 -3: /Users/lute/project/momcozy-lab/app/test/native/media_pdf_design_test.dart: native PDF preview, scroll and zoom 390.0 / 2.0
00:09 +444 -3: /Users/lute/project/momcozy-lab/app/test/features/motion_assessment/presentation/motion_assessment_controller_test.dart: motion responsive failure retry and exit 430.0 / 1.0
Motion pose stream failed: PlatformException(pose_model_initialization_failed, null, null, null)
00:09 +445 -3: /Users/lute/project/momcozy-lab/app/test/native/media_pdf_design_test.dart: native PDF preview, scroll and zoom 390.0 / 2.0
00:09 +445 -3: /Users/lute/project/momcozy-lab/app/test/features/motion_assessment/presentation/motion_assessment_controller_test.dart: motion responsive failure retry and exit 430.0 / 2.0
Motion pose stream failed: PlatformException(pose_model_initialization_failed, null, null, null)
00:09 +446 -3: /Users/lute/project/momcozy-lab/app/test/native/media_pdf_design_test.dart: native PDF preview, scroll and zoom 390.0 / 2.0
══╡ EXCEPTION CAUGHT BY FLUTTER TEST FRAMEWORK ╞════════════════════════════════════════════════════
The following TestFailure was thrown running a test:
Expected: null
  Actual: FlutterError:<Golden "../goldens/design_system/media-pdf-loaded-390-2x.png": Pixel test
failed, 4.39%, 14449px diff detected.
          Failure feedback can be found at /Users/lute/project/momcozy-lab/app/test/native/failures>

When the exception was thrown, this was the stack:
#4      main.<anonymous closure> (file:///Users/lute/project/momcozy-lab/app/test/native/media_pdf_design_test.dart:152:9)
<asynchronous suspension>
#5      testWidgets.<anonymous closure>.<anonymous closure> (package:flutter_test/src/widget_tester.dart:192:15)
<asynchronous suspension>
#6      TestWidgetsFlutterBinding._runTestBody (package:flutter_test/src/binding.dart:1952:5)
<asynchronous suspension>
<asynchronous suspension>
(elided one frame from package:stack_trace)

This was caught by the test expectation on the following line:
  file:///Users/lute/project/momcozy-lab/app/test/native/media_pdf_design_test.dart line 152
The test description was:
  native PDF preview, scroll and zoom 390.0 / 2.0
════════════════════════════════════════════════════════════════════════════════════════════════════
00:09 +446 -4: /Users/lute/project/momcozy-lab/app/test/features/auth/auth_design_test.dart: email entry and registration at 320.0 / 1.0
00:09 +446 -4: /Users/lute/project/momcozy-lab/app/test/native/media_pdf_design_test.dart: native PDF preview, scroll and zoom 390.0 / 2.0 [E]
  Test failed. See exception logs above.
  The test description was: native PDF preview, scroll and zoom 390.0 / 2.0
  
00:09 +446 -4: /Users/lute/project/momcozy-lab/app/test/native/media_pdf_design_test.dart: native PDF preview, scroll and zoom 430.0 / 1.0
PdfDocument initial load: PdfDocumentRefKey(local-pdf) (109 ms)
00:09 +447 -4: /Users/lute/project/momcozy-lab/app/test/features/auth/auth_design_test.dart: email entry and registration at 320.0 / 1.0
00:09 +448 -4: /Users/lute/project/momcozy-lab/app/test/features/auth/auth_design_test.dart: email entry and registration at 320.0 / 1.0
00:09 +449 -4: /Users/lute/project/momcozy-lab/app/test/features/auth/auth_design_test.dart: email entry and registration at 320.0 / 1.0
00:09 +450 -4: /Users/lute/project/momcozy-lab/app/test/features/auth/auth_design_test.dart: email entry and registration at 320.0 / 1.0
00:10 +450 -4: /Users/lute/project/momcozy-lab/app/test/native/media_pdf_design_test.dart: native PDF preview, scroll and zoom 430.0 / 1.0
PdfViewer: Loaded page 2 of 2 in 20 ms
00:10 +451 -4: /Users/lute/project/momcozy-lab/app/test/features/auth/auth_design_test.dart: email entry and registration at 320.0 / 1.0
00:10 +452 -4: /Users/lute/project/momcozy-lab/app/test/features/auth/auth_design_test.dart: email entry and registration at 320.0 / 1.0
00:10 +453 -4: /Users/lute/project/momcozy-lab/app/test/features/auth/consumer_auth_page_test.dart: language menu preserves the form and legal links open official pages
00:10 +454 -4: /Users/lute/project/momcozy-lab/app/test/features/auth/consumer_auth_page_test.dart: language menu preserves the form and legal links open official pages
00:10 +455 -4: /Users/lute/project/momcozy-lab/app/test/native/media_pdf_design_test.dart: native PDF preview, scroll and zoom 430.0 / 1.0
00:10 +456 -4: /Users/lute/project/momcozy-lab/app/test/native/media_pdf_design_test.dart: native PDF preview, scroll and zoom 430.0 / 1.0
00:10 +457 -4: /Users/lute/project/momcozy-lab/app/test/native/media_pdf_design_test.dart: native PDF preview, scroll and zoom 430.0 / 1.0
══╡ EXCEPTION CAUGHT BY FLUTTER TEST FRAMEWORK ╞════════════════════════════════════════════════════
The following TestFailure was thrown running a test:
Expected: null
  Actual: FlutterError:<Golden "../goldens/design_system/media-pdf-loaded-430.png": Pixel test
failed, 0.54%, 1956px diff detected.
          Failure feedback can be found at /Users/lute/project/momcozy-lab/app/test/native/failures>

When the exception was thrown, this was the stack:
#4      main.<anonymous closure> (file:///Users/lute/project/momcozy-lab/app/test/native/media_pdf_design_test.dart:152:9)
<asynchronous suspension>
#5      testWidgets.<anonymous closure>.<anonymous closure> (package:flutter_test/src/widget_tester.dart:192:15)
<asynchronous suspension>
#6      TestWidgetsFlutterBinding._runTestBody (package:flutter_test/src/binding.dart:1952:5)
<asynchronous suspension>
<asynchronous suspension>
(elided one frame from package:stack_trace)

This was caught by the test expectation on the following line:
  file:///Users/lute/project/momcozy-lab/app/test/native/media_pdf_design_test.dart line 152
The test description was:
  native PDF preview, scroll and zoom 430.0 / 1.0
════════════════════════════════════════════════════════════════════════════════════════════════════
00:10 +457 -5: /Users/lute/project/momcozy-lab/app/test/features/auth/auth_design_test.dart: reset form with keyboard at 320.0 / 1.0
00:10 +457 -5: /Users/lute/project/momcozy-lab/app/test/native/media_pdf_design_test.dart: native PDF preview, scroll and zoom 430.0 / 1.0 [E]
  Test failed. See exception logs above.
  The test description was: native PDF preview, scroll and zoom 430.0 / 1.0
  
00:10 +458 -5: /Users/lute/project/momcozy-lab/app/test/features/auth/auth_page_test.dart: auth page exposes only invite login entry
00:10 +459 -5: /Users/lute/project/momcozy-lab/app/test/features/auth/auth_page_test.dart: auth page exposes only invite login entry
00:10 +460 -5: /Users/lute/project/momcozy-lab/app/test/features/auth/auth_page_test.dart: auth page exposes only invite login entry
00:10 +461 -5: /Users/lute/project/momcozy-lab/app/test/features/auth/auth_page_test.dart: auth page exposes only invite login entry
00:10 +462 -5: /Users/lute/project/momcozy-lab/app/test/features/auth/auth_page_test.dart: auth page exposes only invite login entry
00:10 +462 -5: /Users/lute/project/momcozy-lab/app/test/native/media_pdf_design_test.dart: native PDF preview, scroll and zoom 430.0 / 2.0
PdfDocument initial load: PdfDocumentRefKey(local-pdf) (105 ms)
00:10 +463 -5: /Users/lute/project/momcozy-lab/app/test/features/auth/auth_page_test.dart: auth page exposes only invite login entry
00:10 +464 -5: /Users/lute/project/momcozy-lab/app/test/native/media_pdf_design_test.dart: native PDF preview, scroll and zoom 430.0 / 2.0
00:10 +465 -5: /Users/lute/project/momcozy-lab/app/test/native/media_pdf_design_test.dart: native PDF preview, scroll and zoom 430.0 / 2.0
00:10 +466 -5: /Users/lute/project/momcozy-lab/app/test/native/media_pdf_design_test.dart: native PDF preview, scroll and zoom 430.0 / 2.0
00:10 +467 -5: /Users/lute/project/momcozy-lab/app/test/native/media_pdf_design_test.dart: native PDF preview, scroll and zoom 430.0 / 2.0
00:10 +468 -5: /Users/lute/project/momcozy-lab/app/test/native/media_pdf_design_test.dart: native PDF preview, scroll and zoom 430.0 / 2.0
00:10 +469 -5: /Users/lute/project/momcozy-lab/app/test/native/media_pdf_design_test.dart: native PDF preview, scroll and zoom 430.0 / 2.0
00:10 +470 -5: /Users/lute/project/momcozy-lab/app/test/native/media_pdf_design_test.dart: native PDF preview, scroll and zoom 430.0 / 2.0
PdfViewer: Loaded page 2 of 2 in 19 ms
00:10 +471 -5: /Users/lute/project/momcozy-lab/app/test/native/media_pdf_design_test.dart: native PDF preview, scroll and zoom 430.0 / 2.0
00:10 +472 -5: /Users/lute/project/momcozy-lab/app/test/native/media_pdf_design_test.dart: native PDF preview, scroll and zoom 430.0 / 2.0
00:10 +473 -5: /Users/lute/project/momcozy-lab/app/test/native/media_pdf_design_test.dart: native PDF preview, scroll and zoom 430.0 / 2.0
00:10 +474 -5: /Users/lute/project/momcozy-lab/app/test/native/media_pdf_design_test.dart: native PDF preview, scroll and zoom 430.0 / 2.0
00:10 +475 -5: /Users/lute/project/momcozy-lab/app/test/native/media_pdf_design_test.dart: native PDF preview, scroll and zoom 430.0 / 2.0
00:10 +476 -5: /Users/lute/project/momcozy-lab/app/test/native/media_pdf_design_test.dart: native PDF preview, scroll and zoom 430.0 / 2.0
00:11 +477 -5: /Users/lute/project/momcozy-lab/app/test/native/media_pdf_design_test.dart: native PDF preview, scroll and zoom 430.0 / 2.0
00:11 +478 -5: /Users/lute/project/momcozy-lab/app/test/native/media_pdf_design_test.dart: native PDF preview, scroll and zoom 430.0 / 2.0
00:11 +479 -5: /Users/lute/project/momcozy-lab/app/test/native/media_pdf_design_test.dart: native PDF preview, scroll and zoom 430.0 / 2.0
00:11 +480 -5: /Users/lute/project/momcozy-lab/app/test/native/media_pdf_design_test.dart: native PDF preview, scroll and zoom 430.0 / 2.0
00:11 +481 -5: /Users/lute/project/momcozy-lab/app/test/native/media_pdf_design_test.dart: native PDF preview, scroll and zoom 430.0 / 2.0
══╡ EXCEPTION CAUGHT BY FLUTTER TEST FRAMEWORK ╞════════════════════════════════════════════════════
The following TestFailure was thrown running a test:
Expected: null
  Actual: FlutterError:<Golden "../goldens/design_system/media-pdf-loaded-430-2x.png": Pixel test
failed, 4.44%, 16122px diff detected.
          Failure feedback can be found at /Users/lute/project/momcozy-lab/app/test/native/failures>

When the exception was thrown, this was the stack:
#4      main.<anonymous closure> (file:///Users/lute/project/momcozy-lab/app/test/native/media_pdf_design_test.dart:152:9)
<asynchronous suspension>
#5      testWidgets.<anonymous closure>.<anonymous closure> (package:flutter_test/src/widget_tester.dart:192:15)
<asynchronous suspension>
#6      TestWidgetsFlutterBinding._runTestBody (package:flutter_test/src/binding.dart:1952:5)
<asynchronous suspension>
<asynchronous suspension>
(elided one frame from package:stack_trace)

This was caught by the test expectation on the following line:
  file:///Users/lute/project/momcozy-lab/app/test/native/media_pdf_design_test.dart line 152
The test description was:
  native PDF preview, scroll and zoom 430.0 / 2.0
════════════════════════════════════════════════════════════════════════════════════════════════════
00:11 +481 -6: /Users/lute/project/momcozy-lab/app/test/features/agent_hub/artifacts/agent_card_export_test.dart: supported cards fit the 360.0 px viewport without exports
00:11 +481 -6: /Users/lute/project/momcozy-lab/app/test/native/media_pdf_design_test.dart: native PDF preview, scroll and zoom 430.0 / 2.0 [E]
  Test failed. See exception logs above.
  The test description was: native PDF preview, scroll and zoom 430.0 / 2.0
  
00:11 +481 -6: /Users/lute/project/momcozy-lab/app/test/features/agent_hub/artifacts/agent_card_export_test.dart: supported cards fit the 360.0 px viewport without exports
00:11 +482 -6: /Users/lute/project/momcozy-lab/app/test/features/agent_hub/artifacts/agent_card_export_test.dart: supported cards fit the 360.0 px viewport without exports
00:11 +483 -6: /Users/lute/project/momcozy-lab/app/test/features/auth/auth_design_test.dart: account and confirmations at 320.0 / 2.0
00:11 +484 -6: /Users/lute/project/momcozy-lab/app/test/features/agent_hub/artifacts/agent_card_export_test.dart: supported cards fit the 390.0 px viewport without exports
00:11 +485 -6: /Users/lute/project/momcozy-lab/app/test/features/auth/auth_design_test.dart: email entry and registration at 390.0 / 1.0
00:11 +486 -6: /Users/lute/project/momcozy-lab/app/test/features/auth/auth_design_test.dart: email entry and registration at 390.0 / 1.0
00:11 +487 -6: /Users/lute/project/momcozy-lab/app/test/features/auth/auth_design_test.dart: email entry and registration at 390.0 / 1.0
00:11 +488 -6: /Users/lute/project/momcozy-lab/app/test/features/auth/auth_design_test.dart: email entry and registration at 390.0 / 1.0
00:11 +489 -6: /Users/lute/project/momcozy-lab/app/test/features/auth/auth_design_test.dart: email entry and registration at 390.0 / 1.0
00:11 +490 -6: /Users/lute/project/momcozy-lab/app/test/features/auth/auth_design_test.dart: email entry and registration at 390.0 / 1.0
00:11 +491 -6: /Users/lute/project/momcozy-lab/app/test/features/auth/auth_design_test.dart: email entry and registration at 390.0 / 1.0
00:11 +492 -6: /Users/lute/project/momcozy-lab/app/test/features/auth/auth_design_test.dart: email entry and registration at 390.0 / 1.0
00:11 +493 -6: /Users/lute/project/momcozy-lab/app/test/features/auth/auth_design_test.dart: email entry and registration at 390.0 / 1.0
00:11 +494 -6: /Users/lute/project/momcozy-lab/app/test/features/auth/auth_design_test.dart: email entry and registration at 390.0 / 1.0
00:11 +495 -6: /Users/lute/project/momcozy-lab/app/test/features/auth/auth_design_test.dart: reset form with keyboard at 390.0 / 1.0
00:11 +496 -6: /Users/lute/project/momcozy-lab/app/test/features/agent_hub/agent_me_design_test.dart: conversation drawer long titles at 320.0
00:11 +497 -6: /Users/lute/project/momcozy-lab/app/test/features/agent_hub/agent_me_design_test.dart: conversation drawer long titles at 320.0
00:11 +498 -6: /Users/lute/project/momcozy-lab/app/test/features/agent_hub/agent_me_design_test.dart: conversation drawer long titles at 320.0
00:11 +499 -6: /Users/lute/project/momcozy-lab/app/test/features/agent_hub/agent_me_design_test.dart: conversation drawer long titles at 320.0
00:11 +500 -6: /Users/lute/project/momcozy-lab/app/test/features/agent_hub/agent_me_design_test.dart: conversation drawer long titles at 320.0
00:11 +501 -6: /Users/lute/project/momcozy-lab/app/test/features/agent_hub/agent_me_design_test.dart: conversation drawer long titles at 320.0
00:11 +502 -6: /Users/lute/project/momcozy-lab/app/test/features/agent_hub/agent_me_design_test.dart: conversation drawer long titles at 320.0
00:11 +503 -6: /Users/lute/project/momcozy-lab/app/test/features/agent_hub/agent_me_design_test.dart: conversation drawer long titles at 320.0
00:11 +504 -6: /Users/lute/project/momcozy-lab/app/test/features/agent_hub/agent_me_design_test.dart: conversation drawer long titles at 320.0
00:11 +505 -6: /Users/lute/project/momcozy-lab/app/test/features/agent_hub/agent_me_design_test.dart: conversation drawer long titles at 320.0
00:11 +506 -6: /Users/lute/project/momcozy-lab/app/test/features/agent_hub/agent_me_design_test.dart: conversation drawer long titles at 320.0
00:11 +507 -6: /Users/lute/project/momcozy-lab/app/test/features/agent_hub/agent_me_design_test.dart: conversation drawer long titles at 320.0
00:12 +508 -6: /Users/lute/project/momcozy-lab/app/test/features/agent_hub/agent_image_previews_test.dart: empty thumbnail stops loading and preserves original access
00:12 +509 -6: /Users/lute/project/momcozy-lab/app/test/features/agent_hub/agent_image_previews_test.dart: empty thumbnail stops loading and preserves original access
00:12 +510 -6: /Users/lute/project/momcozy-lab/app/test/features/agent_hub/agent_image_previews_test.dart: empty thumbnail stops loading and preserves original access
00:12 +511 -6: /Users/lute/project/momcozy-lab/app/test/features/agent_hub/agent_image_previews_test.dart: empty thumbnail stops loading and preserves original access
00:12 +512 -6: /Users/lute/project/momcozy-lab/app/test/features/agent_hub/agent_history_design_test.dart: history states 320.0/1.0
00:12 +513 -6: /Users/lute/project/momcozy-lab/app/test/features/agent_hub/agent_history_design_test.dart: history states 320.0/1.0
00:12 +514 -6: /Users/lute/project/momcozy-lab/app/test/features/agent_hub/agent_history_design_test.dart: history states 320.0/1.0
00:12 +515 -6: /Users/lute/project/momcozy-lab/app/test/features/agent_hub/agent_history_design_test.dart: history states 320.0/1.0
00:12 +516 -6: /Users/lute/project/momcozy-lab/app/test/features/agent_hub/agent_history_design_test.dart: history states 320.0/1.0
00:12 +517 -6: /Users/lute/project/momcozy-lab/app/test/features/agent_hub/agent_history_design_test.dart: history states 320.0/1.0
00:12 +518 -6: /Users/lute/project/momcozy-lab/app/test/features/agent_hub/agent_history_design_test.dart: history states 320.0/1.0
00:12 +519 -6: /Users/lute/project/momcozy-lab/app/test/features/agent_hub/agent_history_design_test.dart: history states 320.0/1.0
00:12 +520 -6: /Users/lute/project/momcozy-lab/app/test/features/agent_hub/agent_history_design_test.dart: history states 320.0/1.0
00:12 +521 -6: /Users/lute/project/momcozy-lab/app/test/features/agent_hub/agent_history_design_test.dart: history states 320.0/1.0
00:12 +522 -6: /Users/lute/project/momcozy-lab/app/test/features/agent_hub/agent_history_design_test.dart: history states 320.0/1.0
00:12 +523 -6: /Users/lute/project/momcozy-lab/app/test/features/agent_hub/agent_history_design_test.dart: history states 320.0/1.0
00:12 +524 -6: /Users/lute/project/momcozy-lab/app/test/features/agent_hub/agent_message_menu_design_test.dart: message menu 320.0/1.0
00:12 +525 -6: /Users/lute/project/momcozy-lab/app/test/features/agent_hub/agent_message_menu_design_test.dart: message menu 320.0/1.0
00:12 +526 -6: /Users/lute/project/momcozy-lab/app/test/features/agent_hub/agent_message_menu_design_test.dart: message menu 320.0/1.0
00:12 +527 -6: /Users/lute/project/momcozy-lab/app/test/features/agent_hub/agent_message_menu_design_test.dart: message menu 320.0/1.0
00:12 +528 -6: /Users/lute/project/momcozy-lab/app/test/features/agent_hub/agent_message_menu_design_test.dart: message menu 320.0/1.0
00:12 +529 -6: /Users/lute/project/momcozy-lab/app/test/features/agent_hub/agent_message_menu_design_test.dart: message menu 320.0/1.0
00:13 +530 -6: /Users/lute/project/momcozy-lab/app/test/features/agent_hub/agent_message_menu_design_test.dart: message menu 320.0/1.0
00:13 +531 -6: /Users/lute/project/momcozy-lab/app/test/features/agent_hub/agent_message_menu_design_test.dart: message menu 320.0/1.0
00:13 +532 -6: /Users/lute/project/momcozy-lab/app/test/features/agent_hub/agent_markdown_design_test.dart: markdown reading 320.0/1.0
00:13 +533 -6: /Users/lute/project/momcozy-lab/app/test/features/agent_hub/agent_markdown_design_test.dart: markdown reading 320.0/1.0
00:13 +534 -6: /Users/lute/project/momcozy-lab/app/test/features/agent_hub/agent_markdown_design_test.dart: markdown reading 320.0/1.0
00:13 +535 -6: /Users/lute/project/momcozy-lab/app/test/features/agent_hub/agent_markdown_design_test.dart: markdown reading 320.0/1.0
00:13 +536 -6: /Users/lute/project/momcozy-lab/app/test/features/agent_hub/agent_markdown_design_test.dart: markdown reading 320.0/1.0
00:13 +537 -6: /Users/lute/project/momcozy-lab/app/test/features/agent_hub/agent_history_design_test.dart: history states 320.0/2.0
00:13 +538 -6: /Users/lute/project/momcozy-lab/app/test/features/agent_hub/agent_history_design_test.dart: history states 320.0/2.0
00:13 +539 -6: /Users/lute/project/momcozy-lab/app/test/features/agent_hub/agent_message_menu_design_test.dart: message menu 320.0/2.0
00:13 +540 -6: /Users/lute/project/momcozy-lab/app/test/features/agent_hub/agent_message_menu_design_test.dart: message menu 320.0/2.0
00:13 +541 -6: /Users/lute/project/momcozy-lab/app/test/features/agent_hub/agent_message_menu_design_test.dart: message menu 320.0/2.0
00:13 +542 -6: /Users/lute/project/momcozy-lab/app/test/features/agent_hub/agent_message_menu_design_test.dart: message menu 320.0/2.0
00:13 +543 -6: /Users/lute/project/momcozy-lab/app/test/features/agent_hub/agent_message_menu_design_test.dart: message menu 320.0/2.0
00:13 +544 -6: /Users/lute/project/momcozy-lab/app/test/features/agent_hub/agent_markdown_design_test.dart: markdown reading 320.0/2.0
00:13 +545 -6: /Users/lute/project/momcozy-lab/app/test/features/agent_hub/agent_history_design_test.dart: history states 390.0/1.0
00:13 +546 -6: /Users/lute/project/momcozy-lab/app/test/features/agent_hub/agent_history_design_test.dart: history states 390.0/1.0
00:13 +547 -6: /Users/lute/project/momcozy-lab/app/test/features/agent_hub/agent_history_design_test.dart: history states 390.0/1.0
00:13 +548 -6: /Users/lute/project/momcozy-lab/app/test/features/agent_hub/agent_history_design_test.dart: history states 390.0/1.0
00:13 +549 -6: /Users/lute/project/momcozy-lab/app/test/features/agent_hub/agent_history_design_test.dart: history states 390.0/1.0
00:13 +550 -6: /Users/lute/project/momcozy-lab/app/test/features/agent_hub/agent_history_design_test.dart: history states 390.0/1.0
00:13 +551 -6: /Users/lute/project/momcozy-lab/app/test/features/agent_hub/agent_history_design_test.dart: history states 390.0/1.0
00:13 +552 -6: /Users/lute/project/momcozy-lab/app/test/features/agent_hub/agent_markdown_design_test.dart: markdown reading 390.0/2.0
00:13 +553 -6: /Users/lute/project/momcozy-lab/app/test/features/agent_hub/agent_markdown_design_test.dart: markdown reading 390.0/2.0
00:13 +554 -6: /Users/lute/project/momcozy-lab/app/test/features/agent_hub/agent_message_menu_design_test.dart: message menu 390.0/2.0
00:13 +555 -6: /Users/lute/project/momcozy-lab/app/test/features/agent_hub/agent_result_design_test.dart: result cards 430.0/2.0
00:13 +556 -6: /Users/lute/project/momcozy-lab/app/test/features/agent_hub/agent_result_design_test.dart: result cards 430.0/2.0
00:13 +557 -6: /Users/lute/project/momcozy-lab/app/test/features/agent_hub/agent_result_design_test.dart: result cards 430.0/2.0
00:13 +558 -6: /Users/lute/project/momcozy-lab/app/test/features/agent_hub/agent_result_design_test.dart: result cards 430.0/2.0
00:13 +559 -6: /Users/lute/project/momcozy-lab/app/test/features/agent_hub/agent_result_design_test.dart: result cards 430.0/2.0
00:13 +560 -6: /Users/lute/project/momcozy-lab/app/test/features/agent_hub/agent_result_design_test.dart: result cards 430.0/2.0
00:13 +561 -6: /Users/lute/project/momcozy-lab/app/test/features/agent_hub/agent_result_design_test.dart: result cards 430.0/2.0
00:13 +562 -6: /Users/lute/project/momcozy-lab/app/test/features/agent_hub/agent_result_design_test.dart: result cards 430.0/2.0
00:13 +563 -6: /Users/lute/project/momcozy-lab/app/test/features/agent_hub/agent_result_design_test.dart: result cards 430.0/2.0
00:13 +564 -6: /Users/lute/project/momcozy-lab/app/test/features/agent_hub/agent_history_design_test.dart: history states 390.0/2.0
00:13 +565 -6: /Users/lute/project/momcozy-lab/app/test/features/agent_hub/agent_history_design_test.dart: history states 390.0/2.0
00:13 +566 -6: /Users/lute/project/momcozy-lab/app/test/features/agent_hub/agent_history_design_test.dart: history states 390.0/2.0
00:13 +567 -6: /Users/lute/project/momcozy-lab/app/test/features/agent_hub/agent_history_design_test.dart: history states 390.0/2.0
00:13 +568 -6: /Users/lute/project/momcozy-lab/app/test/features/agent_hub/agent_form_design_test.dart: form state rejects duplicate and completed submissions
00:13 +569 -6: /Users/lute/project/momcozy-lab/app/test/features/agent_hub/agent_form_design_test.dart: form state rejects duplicate and completed submissions
00:13 +570 -6: /Users/lute/project/momcozy-lab/app/test/features/agent_hub/agent_markdown_design_test.dart: markdown reading 430.0/2.0
00:13 +571 -6: /Users/lute/project/momcozy-lab/app/test/features/agent_hub/agent_message_menu_design_test.dart: message menu 430.0/2.0
00:13 +572 -6: /Users/lute/project/momcozy-lab/app/test/features/agent_hub/agent_message_menu_design_test.dart: message menu 430.0/2.0
00:14 +573 -6: /Users/lute/project/momcozy-lab/app/test/features/agent_hub/agent_history_design_test.dart: history states 430.0/1.0
00:14 +574 -6: /Users/lute/project/momcozy-lab/app/test/features/agent_hub/agent_form_design_test.dart: form states 320.0/1.0
00:14 +575 -6: /Users/lute/project/momcozy-lab/app/test/features/agent_hub/agent_form_design_test.dart: form states 320.0/1.0
00:14 +576 -6: /Users/lute/project/momcozy-lab/app/test/features/agent_hub/agent_form_design_test.dart: form states 320.0/1.0
00:14 +577 -6: /Users/lute/project/momcozy-lab/app/test/features/agent_hub/agent_form_design_test.dart: form states 320.0/1.0
00:14 +578 -6: /Users/lute/project/momcozy-lab/app/test/features/agent_hub/agent_form_design_test.dart: form states 320.0/1.0
00:14 +579 -6: /Users/lute/project/momcozy-lab/app/test/features/agent_hub/agent_form_design_test.dart: form states 320.0/1.0
00:14 +580 -6: /Users/lute/project/momcozy-lab/app/test/features/agent_hub/agent_form_design_test.dart: form states 320.0/1.0
00:14 +581 -6: /Users/lute/project/momcozy-lab/app/test/features/agent_hub/agent_form_design_test.dart: form states 320.0/1.0
00:14 +582 -6: /Users/lute/project/momcozy-lab/app/test/features/agent_hub/agent_form_design_test.dart: form states 320.0/1.0
00:14 +583 -6: /Users/lute/project/momcozy-lab/app/test/features/agent_hub/agent_form_design_test.dart: form states 320.0/1.0
00:14 +584 -6: /Users/lute/project/momcozy-lab/app/test/features/agent_hub/agent_form_design_test.dart: form states 320.0/1.0
00:14 +585 -6: /Users/lute/project/momcozy-lab/app/test/features/agent_hub/agent_form_design_test.dart: form states 320.0/1.0
00:14 +586 -6: /Users/lute/project/momcozy-lab/app/test/features/agent_hub/agent_form_design_test.dart: form states 320.0/1.0
00:14 +587 -6: /Users/lute/project/momcozy-lab/app/test/features/agent_hub/agent_form_design_test.dart: form states 320.0/1.0
00:14 +588 -6: /Users/lute/project/momcozy-lab/app/test/features/agent_hub/agent_form_design_test.dart: form states 320.0/1.0
00:14 +589 -6: /Users/lute/project/momcozy-lab/app/test/features/agent_hub/agent_form_design_test.dart: form states 320.0/1.0
00:14 +590 -6: /Users/lute/project/momcozy-lab/app/test/features/agent_hub/agent_form_design_test.dart: form states 320.0/1.0
00:14 +591 -6: /Users/lute/project/momcozy-lab/app/test/features/agent_hub/agent_form_design_test.dart: form states 320.0/1.0
00:15 +592 -6: /Users/lute/project/momcozy-lab/app/test/features/agent_hub/agent_form_design_test.dart: form states 320.0/1.0
00:15 +593 -6: /Users/lute/project/momcozy-lab/app/test/features/agent_hub/agent_form_design_test.dart: form states 320.0/1.0
00:15 +594 -6: /Users/lute/project/momcozy-lab/app/test/features/agent_hub/agent_form_design_test.dart: form states 320.0/1.0
00:15 +595 -6: /Users/lute/project/momcozy-lab/app/test/features/agent_hub/agent_form_design_test.dart: form states 320.0/1.0
00:15 +596 -6: /Users/lute/project/momcozy-lab/app/test/features/agent_hub/agent_form_design_test.dart: form states 320.0/1.0
00:15 +597 -6: /Users/lute/project/momcozy-lab/app/test/features/agent_hub/agent_form_design_test.dart: form states 320.0/1.0
00:15 +598 -6: /Users/lute/project/momcozy-lab/app/test/features/agent_hub/agent_image_design_test.dart: image metadata, empty response, retry and zoom 320.0/1.0
00:15 +599 -6: /Users/lute/project/momcozy-lab/app/test/features/agent_hub/agent_image_design_test.dart: image metadata, empty response, retry and zoom 320.0/1.0
00:15 +600 -6: /Users/lute/project/momcozy-lab/app/test/features/agent_hub/agent_image_design_test.dart: image metadata, empty response, retry and zoom 320.0/1.0
00:15 +601 -6: /Users/lute/project/momcozy-lab/app/test/features/agent_hub/agent_image_design_test.dart: image metadata, empty response, retry and zoom 320.0/1.0
00:15 +602 -6: /Users/lute/project/momcozy-lab/app/test/features/agent_hub/agent_image_design_test.dart: image metadata, empty response, retry and zoom 320.0/1.0
00:15 +603 -6: /Users/lute/project/momcozy-lab/app/test/features/agent_hub/agent_image_design_test.dart: image metadata, empty response, retry and zoom 320.0/1.0
00:15 +604 -6: /Users/lute/project/momcozy-lab/app/test/features/agent_hub/agent_image_design_test.dart: image metadata, empty response, retry and zoom 320.0/1.0
00:15 +605 -6: /Users/lute/project/momcozy-lab/app/test/features/agent_hub/agent_image_design_test.dart: image metadata, empty response, retry and zoom 320.0/1.0
00:15 +606 -6: /Users/lute/project/momcozy-lab/app/test/features/agent_hub/agent_image_design_test.dart: image metadata, empty response, retry and zoom 320.0/1.0
00:15 +607 -6: /Users/lute/project/momcozy-lab/app/test/features/agent_hub/agent_image_design_test.dart: image metadata, empty response, retry and zoom 320.0/1.0
00:15 +608 -6: /Users/lute/project/momcozy-lab/app/test/features/agent_hub/agent_image_design_test.dart: image metadata, empty response, retry and zoom 320.0/1.0
00:15 +609 -6: /Users/lute/project/momcozy-lab/app/test/features/agent_hub/agent_image_design_test.dart: image metadata, empty response, retry and zoom 320.0/1.0
00:15 +610 -6: /Users/lute/project/momcozy-lab/app/test/features/agent_hub/agent_image_design_test.dart: image metadata, empty response, retry and zoom 320.0/1.0
00:15 +611 -6: /Users/lute/project/momcozy-lab/app/test/features/agent_hub/agent_image_design_test.dart: image metadata, empty response, retry and zoom 320.0/1.0
00:15 +612 -6: /Users/lute/project/momcozy-lab/app/test/features/agent_hub/agent_voice_design_test.dart: voice states 320.0/1.0
00:15 +613 -6: /Users/lute/project/momcozy-lab/app/test/features/agent_hub/agent_voice_design_test.dart: voice states 320.0/1.0
00:15 +614 -6: /Users/lute/project/momcozy-lab/app/test/features/agent_hub/agent_voice_design_test.dart: voice states 320.0/1.0
00:15 +615 -6: /Users/lute/project/momcozy-lab/app/test/features/agent_hub/agent_voice_design_test.dart: voice states 320.0/1.0
00:15 +616 -6: /Users/lute/project/momcozy-lab/app/test/features/agent_hub/agent_voice_design_test.dart: voice states 320.0/1.0
00:15 +617 -6: /Users/lute/project/momcozy-lab/app/test/features/agent_hub/agent_voice_design_test.dart: voice states 320.0/1.0
00:15 +618 -6: /Users/lute/project/momcozy-lab/app/test/features/agent_hub/agent_voice_design_test.dart: voice states 320.0/1.0
00:15 +619 -6: /Users/lute/project/momcozy-lab/app/test/features/agent_hub/agent_voice_design_test.dart: voice states 320.0/1.0
00:15 +620 -6: /Users/lute/project/momcozy-lab/app/test/features/agent_hub/agent_voice_design_test.dart: voice states 320.0/1.0
00:15 +621 -6: /Users/lute/project/momcozy-lab/app/test/features/agent_hub/agent_voice_design_test.dart: voice states 320.0/1.0
00:15 +622 -6: /Users/lute/project/momcozy-lab/app/test/features/agent_hub/agent_voice_design_test.dart: voice states 320.0/1.0
00:15 +623 -6: /Users/lute/project/momcozy-lab/app/test/features/agent_hub/agent_voice_design_test.dart: voice states 320.0/1.0
00:15 +624 -6: /Users/lute/project/momcozy-lab/app/test/features/agent_hub/agent_voice_design_test.dart: voice states 320.0/1.0
00:15 +625 -6: /Users/lute/project/momcozy-lab/app/test/features/agent_hub/agent_voice_design_test.dart: voice states 320.0/1.0
00:15 +626 -6: /Users/lute/project/momcozy-lab/app/test/features/agent_hub/agent_voice_design_test.dart: voice states 320.0/1.0
00:15 +627 -6: /Users/lute/project/momcozy-lab/app/test/features/agent_hub/agent_voice_design_test.dart: voice states 320.0/1.0
00:15 +628 -6: /Users/lute/project/momcozy-lab/app/test/features/agent_hub/agent_voice_design_test.dart: voice states 320.0/1.0
00:15 +629 -6: /Users/lute/project/momcozy-lab/app/test/features/agent_hub/agent_voice_design_test.dart: voice states 320.0/1.0
00:15 +630 -6: /Users/lute/project/momcozy-lab/app/test/features/agent_hub/agent_voice_design_test.dart: voice states 320.0/1.0
00:15 +631 -6: /Users/lute/project/momcozy-lab/app/test/features/agent_hub/agent_voice_design_test.dart: voice states 320.0/1.0
00:15 +632 -6: /Users/lute/project/momcozy-lab/app/test/features/agent_hub/agent_voice_design_test.dart: voice states 320.0/1.0
00:15 +633 -6: /Users/lute/project/momcozy-lab/app/test/features/agent_hub/agent_voice_design_test.dart: voice states 320.0/1.0
00:15 +634 -6: /Users/lute/project/momcozy-lab/app/test/features/agent_hub/agent_voice_design_test.dart: voice states 320.0/1.0
00:15 +635 -6: /Users/lute/project/momcozy-lab/app/test/features/agent_hub/agent_voice_design_test.dart: voice states 320.0/1.0
00:15 +636 -6: /Users/lute/project/momcozy-lab/app/test/features/agent_hub/agent_voice_design_test.dart: voice states 320.0/1.0
00:15 +637 -6: /Users/lute/project/momcozy-lab/app/test/features/agent_hub/agent_voice_design_test.dart: voice states 320.0/1.0
00:15 +638 -6: /Users/lute/project/momcozy-lab/app/test/features/agent_hub/agent_conversation_design_test.dart: conversation recovery 320.0/1.0
00:15 +639 -6: /Users/lute/project/momcozy-lab/app/test/features/agent_hub/agent_conversation_design_test.dart: conversation recovery 320.0/1.0
00:15 +640 -6: /Users/lute/project/momcozy-lab/app/test/features/agent_hub/agent_conversation_design_test.dart: conversation recovery 320.0/1.0
00:16 +641 -6: /Users/lute/project/momcozy-lab/app/test/features/agent_hub/agent_conversation_design_test.dart: conversation recovery 320.0/1.0
00:16 +642 -6: /Users/lute/project/momcozy-lab/app/test/features/agent_hub/agent_conversation_design_test.dart: conversation recovery 320.0/1.0
00:16 +643 -6: /Users/lute/project/momcozy-lab/app/test/features/agent_hub/agent_conversation_design_test.dart: conversation recovery 320.0/1.0
00:16 +644 -6: /Users/lute/project/momcozy-lab/app/test/features/agent_hub/agent_conversation_design_test.dart: conversation recovery 320.0/1.0
00:16 +645 -6: /Users/lute/project/momcozy-lab/app/test/features/agent_hub/agent_conversation_design_test.dart: conversation recovery 320.0/1.0
00:16 +646 -6: /Users/lute/project/momcozy-lab/app/test/features/agent_hub/agent_conversation_design_test.dart: conversation recovery 320.0/1.0
00:16 +647 -6: /Users/lute/project/momcozy-lab/app/test/features/agent_hub/agent_conversation_design_test.dart: conversation recovery 320.0/1.0
00:16 +648 -6: /Users/lute/project/momcozy-lab/app/test/features/agent_hub/agent_conversation_design_test.dart: conversation recovery 320.0/1.0
00:16 +649 -6: /Users/lute/project/momcozy-lab/app/test/features/agent_hub/agent_conversation_design_test.dart: conversation recovery 320.0/1.0
00:16 +650 -6: /Users/lute/project/momcozy-lab/app/test/features/agent_hub/agent_conversation_design_test.dart: conversation recovery 320.0/1.0
00:16 +651 -6: /Users/lute/project/momcozy-lab/app/test/features/agent_hub/agent_conversation_design_test.dart: conversation recovery 320.0/1.0
00:16 +652 -6: /Users/lute/project/momcozy-lab/app/test/features/agent_hub/agent_conversation_design_test.dart: conversation recovery 320.0/1.0
00:16 +653 -6: /Users/lute/project/momcozy-lab/app/test/features/agent_hub/agent_conversation_design_test.dart: conversation recovery 320.0/1.0
00:16 +654 -6: /Users/lute/project/momcozy-lab/app/test/features/agent_hub/agent_conversation_design_test.dart: conversation recovery 320.0/1.0
00:16 +655 -6: /Users/lute/project/momcozy-lab/app/test/features/agent_hub/agent_conversation_design_test.dart: conversation recovery 320.0/1.0
00:16 +656 -6: /Users/lute/project/momcozy-lab/app/test/features/agent_hub/agent_conversation_design_test.dart: conversation recovery 320.0/1.0
00:16 +657 -6: /Users/lute/project/momcozy-lab/app/test/features/agent_hub/agent_voice_design_test.dart: voice states 390.0/1.0
00:16 +658 -6: /Users/lute/project/momcozy-lab/app/test/features/agent_hub/agent_form_design_test.dart: form states 390.0/2.0
00:16 +659 -6: /Users/lute/project/momcozy-lab/app/test/features/agent_hub/agent_message_menu_test.dart: history message copies its own complete text
00:16 +660 -6: /Users/lute/project/momcozy-lab/app/test/features/agent_hub/agent_message_menu_test.dart: history message copies its own complete text
00:16 +661 -6: /Users/lute/project/momcozy-lab/app/test/features/agent_hub/agent_message_menu_test.dart: history message copies its own complete text
00:16 +662 -6: /Users/lute/project/momcozy-lab/app/test/features/agent_hub/agent_message_menu_test.dart: history message copies its own complete text
00:16 +663 -6: /Users/lute/project/momcozy-lab/app/test/features/agent_hub/agent_message_menu_test.dart: history message copies its own complete text
00:17 +664 -6: /Users/lute/project/momcozy-lab/app/test/features/agent_hub/agent_conversation_design_test.dart: conversation recovery 320.0/2.0
00:17 +665 -6: /Users/lute/project/momcozy-lab/app/test/features/agent_hub/agent_conversation_design_test.dart: conversation recovery 320.0/2.0
00:17 +666 -6: /Users/lute/project/momcozy-lab/app/test/features/agent_hub/agent_conversation_design_test.dart: conversation recovery 320.0/2.0
00:17 +667 -6: /Users/lute/project/momcozy-lab/app/test/features/agent_hub/agent_conversation_design_test.dart: conversation recovery 320.0/2.0
00:17 +668 -6: /Users/lute/project/momcozy-lab/app/test/features/agent_hub/agent_conversation_design_test.dart: conversation recovery 320.0/2.0
00:17 +669 -6: /Users/lute/project/momcozy-lab/app/test/features/agent_hub/agent_conversation_design_test.dart: conversation recovery 320.0/2.0
00:17 +670 -6: /Users/lute/project/momcozy-lab/app/test/features/agent_hub/agent_conversation_design_test.dart: conversation recovery 320.0/2.0
00:17 +671 -6: /Users/lute/project/momcozy-lab/app/test/features/agent_hub/agent_conversation_design_test.dart: conversation recovery 320.0/2.0
00:17 +672 -6: /Users/lute/project/momcozy-lab/app/test/features/agent_hub/agent_conversation_design_test.dart: conversation recovery 320.0/2.0
00:17 +673 -6: /Users/lute/project/momcozy-lab/app/test/features/agent_hub/agent_conversation_design_test.dart: conversation recovery 320.0/2.0
00:17 +674 -6: /Users/lute/project/momcozy-lab/app/test/features/agent_hub/agent_conversation_design_test.dart: conversation recovery 320.0/2.0
00:17 +675 -6: /Users/lute/project/momcozy-lab/app/test/features/agent_hub/agent_conversation_design_test.dart: conversation recovery 320.0/2.0
00:17 +676 -6: /Users/lute/project/momcozy-lab/app/test/features/agent_hub/agent_conversation_design_test.dart: conversation recovery 320.0/2.0
00:17 +677 -6: /Users/lute/project/momcozy-lab/app/test/features/agent_hub/agent_conversation_design_test.dart: conversation recovery 320.0/2.0
00:17 +678 -6: /Users/lute/project/momcozy-lab/app/test/features/agent_hub/agent_conversation_design_test.dart: conversation recovery 320.0/2.0
00:17 +679 -6: /Users/lute/project/momcozy-lab/app/test/features/agent_hub/agent_conversation_design_test.dart: conversation recovery 320.0/2.0
00:17 +680 -6: /Users/lute/project/momcozy-lab/app/test/features/agent_hub/agent_attachment_design_test.dart: attachment layout and draft actions 320.0/1.0
00:17 +681 -6: /Users/lute/project/momcozy-lab/app/test/features/agent_hub/agent_attachment_design_test.dart: attachment layout and draft actions 320.0/1.0
00:17 +682 -6: /Users/lute/project/momcozy-lab/app/test/features/agent_hub/agent_attachment_design_test.dart: attachment layout and draft actions 320.0/1.0
00:17 +683 -6: /Users/lute/project/momcozy-lab/app/test/features/agent_hub/agent_attachment_design_test.dart: attachment layout and draft actions 320.0/1.0
00:17 +684 -6: /Users/lute/project/momcozy-lab/app/test/features/agent_hub/agent_attachment_design_test.dart: attachment layout and draft actions 320.0/1.0
00:17 +685 -6: /Users/lute/project/momcozy-lab/app/test/features/agent_hub/agent_attachment_design_test.dart: attachment layout and draft actions 320.0/1.0
00:17 +686 -6: /Users/lute/project/momcozy-lab/app/test/features/agent_hub/agent_attachment_design_test.dart: attachment layout and draft actions 320.0/1.0
00:17 +687 -6: /Users/lute/project/momcozy-lab/app/test/features/agent_hub/agent_attachment_design_test.dart: attachment layout and draft actions 320.0/1.0
00:17 +688 -6: /Users/lute/project/momcozy-lab/app/test/features/agent_hub/agent_attachment_design_test.dart: attachment layout and draft actions 320.0/1.0
00:17 +689 -6: /Users/lute/project/momcozy-lab/app/test/features/agent_hub/agent_attachment_design_test.dart: attachment layout and draft actions 320.0/1.0
00:17 +690 -6: /Users/lute/project/momcozy-lab/app/test/features/agent_hub/agent_attachment_design_test.dart: attachment layout and draft actions 320.0/1.0
00:17 +691 -6: /Users/lute/project/momcozy-lab/app/test/features/agent_hub/agent_attachment_design_test.dart: attachment layout and draft actions 320.0/1.0
00:17 +692 -6: /Users/lute/project/momcozy-lab/app/test/features/agent_hub/agent_attachment_design_test.dart: attachment layout and draft actions 320.0/1.0
00:17 +693 -6: /Users/lute/project/momcozy-lab/app/test/features/agent_hub/agent_attachment_design_test.dart: attachment layout and draft actions 320.0/1.0
00:17 +694 -6: /Users/lute/project/momcozy-lab/app/test/features/agent_hub/agent_attachment_design_test.dart: attachment layout and draft actions 320.0/1.0
00:17 +695 -6: /Users/lute/project/momcozy-lab/app/test/features/agent_hub/agent_attachment_design_test.dart: attachment layout and draft actions 320.0/1.0
00:17 +696 -6: /Users/lute/project/momcozy-lab/app/test/features/agent_hub/agent_attachment_design_test.dart: attachment layout and draft actions 320.0/1.0
00:17 +697 -6: /Users/lute/project/momcozy-lab/app/test/features/agent_hub/agent_attachment_design_test.dart: attachment layout and draft actions 320.0/1.0
00:17 +698 -6: /Users/lute/project/momcozy-lab/app/test/features/agent_hub/agent_attachment_design_test.dart: attachment layout and draft actions 320.0/1.0
00:17 +699 -6: /Users/lute/project/momcozy-lab/app/test/features/agent_hub/agent_attachment_design_test.dart: attachment layout and draft actions 320.0/1.0
00:17 +700 -6: /Users/lute/project/momcozy-lab/app/test/features/agent_hub/agent_attachment_design_test.dart: attachment layout and draft actions 320.0/1.0
00:18 +701 -6: /Users/lute/project/momcozy-lab/app/test/features/agent_hub/agent_conversation_panel_test.dart: current conversation closes while switching is locked
00:18 +702 -6: /Users/lute/project/momcozy-lab/app/test/features/agent_hub/agent_conversation_panel_test.dart: current conversation closes while switching is locked
00:18 +703 -6: /Users/lute/project/momcozy-lab/app/test/features/agent_hub/agent_conversation_panel_test.dart: current conversation closes while switching is locked
00:18 +704 -6: /Users/lute/project/momcozy-lab/app/test/features/agent_hub/agent_voice_design_test.dart: voice states 430.0/2.0
00:18 +705 -6: /Users/lute/project/momcozy-lab/app/test/features/agent_hub/agent_voice_design_test.dart: voice states 430.0/2.0
00:18 +706 -6: /Users/lute/project/momcozy-lab/app/test/features/agent_hub/agent_voice_design_test.dart: voice states 430.0/2.0
00:18 +707 -6: /Users/lute/project/momcozy-lab/app/test/features/agent_hub/agent_conversation_design_test.dart: conversation recovery 390.0/2.0
00:18 +708 -6: /Users/lute/project/momcozy-lab/app/test/features/agent_hub/agent_conversation_design_test.dart: conversation recovery 390.0/2.0
00:18 +709 -6: /Users/lute/project/momcozy-lab/app/test/features/agent_hub/agent_conversation_design_test.dart: conversation recovery 390.0/2.0
00:18 +710 -6: /Users/lute/project/momcozy-lab/app/test/features/agent_hub/agent_conversation_design_test.dart: conversation recovery 390.0/2.0
00:18 +711 -6: /Users/lute/project/momcozy-lab/app/test/features/agent_hub/agent_conversation_design_test.dart: conversation recovery 390.0/2.0
00:18 +712 -6: /Users/lute/project/momcozy-lab/app/test/features/agent_hub/agent_conversation_design_test.dart: conversation recovery 390.0/2.0
00:18 +713 -6: /Users/lute/project/momcozy-lab/app/test/features/agent_hub/agent_conversation_design_test.dart: conversation recovery 390.0/2.0
00:18 +714 -6: /Users/lute/project/momcozy-lab/app/test/features/agent_hub/agent_conversation_design_test.dart: conversation recovery 390.0/2.0
00:18 +715 -6: /Users/lute/project/momcozy-lab/app/test/features/agent_hub/agent_conversation_design_test.dart: conversation recovery 390.0/2.0
00:18 +716 -6: /Users/lute/project/momcozy-lab/app/test/features/agent_hub/agent_conversation_design_test.dart: conversation recovery 390.0/2.0
00:18 +717 -6: /Users/lute/project/momcozy-lab/app/test/features/agent_hub/agent_conversation_design_test.dart: conversation recovery 390.0/2.0
00:18 +718 -6: /Users/lute/project/momcozy-lab/app/test/features/agent_hub/agent_conversation_design_test.dart: conversation recovery 390.0/2.0
00:18 +719 -6: /Users/lute/project/momcozy-lab/app/test/features/agent_hub/agent_conversation_design_test.dart: conversation recovery 390.0/2.0
00:18 +720 -6: /Users/lute/project/momcozy-lab/app/test/features/agent_hub/agent_conversation_design_test.dart: conversation recovery 390.0/2.0
00:18 +721 -6: /Users/lute/project/momcozy-lab/app/test/features/agent_hub/agent_conversation_design_test.dart: conversation recovery 390.0/2.0
00:18 +722 -6: /Users/lute/project/momcozy-lab/app/test/features/agent_hub/agent_conversation_design_test.dart: conversation recovery 390.0/2.0
00:18 +723 -6: /Users/lute/project/momcozy-lab/app/test/features/agent_hub/agent_conversation_design_test.dart: conversation recovery 390.0/2.0
00:18 +724 -6: /Users/lute/project/momcozy-lab/app/test/features/agent_hub/agent_conversation_design_test.dart: conversation recovery 390.0/2.0
00:18 +725 -6: /Users/lute/project/momcozy-lab/app/test/features/agent_hub/agent_conversation_design_test.dart: conversation recovery 390.0/2.0
00:18 +726 -6: /Users/lute/project/momcozy-lab/app/test/features/agent_hub/agent_attachment_design_test.dart: attachment layout and draft actions 390.0/1.0
00:18 +727 -6: /Users/lute/project/momcozy-lab/app/test/features/agent_hub/agent_attachment_design_test.dart: attachment layout and draft actions 390.0/1.0
00:18 +728 -6: /Users/lute/project/momcozy-lab/app/test/features/agent_hub/agent_attachment_design_test.dart: attachment layout and draft actions 390.0/1.0
00:18 +729 -6: /Users/lute/project/momcozy-lab/app/test/features/agent_hub/agent_attachment_design_test.dart: attachment layout and draft actions 390.0/1.0
00:18 +730 -6: /Users/lute/project/momcozy-lab/app/test/features/agent_hub/agent_attachment_design_test.dart: attachment layout and draft actions 390.0/1.0
00:18 +731 -6: /Users/lute/project/momcozy-lab/app/test/features/agent_hub/agent_attachment_design_test.dart: attachment layout and draft actions 390.0/1.0
00:18 +732 -6: /Users/lute/project/momcozy-lab/app/test/features/notifications/notifications_page_test.dart: shows the real inbox and supports read and archive actions
00:18 +733 -6: /Users/lute/project/momcozy-lab/app/test/features/notifications/notifications_page_test.dart: shows the real inbox and supports read and archive actions
00:18 +734 -6: /Users/lute/project/momcozy-lab/app/test/features/notifications/notifications_page_test.dart: shows the real inbox and supports read and archive actions
00:18 +735 -6: /Users/lute/project/momcozy-lab/app/test/features/notifications/notifications_page_test.dart: shows the real inbox and supports read and archive actions
00:18 +736 -6: /Users/lute/project/momcozy-lab/app/test/features/notifications/notifications_page_test.dart: shows the real inbox and supports read and archive actions
00:18 +737 -6: /Users/lute/project/momcozy-lab/app/test/features/notifications/notifications_page_test.dart: shows the real inbox and supports read and archive actions
00:19 +738 -6: /Users/lute/project/momcozy-lab/app/test/features/agent_hub/agent_conversation_design_test.dart: conversation recovery 430.0/1.0
00:19 +739 -6: /Users/lute/project/momcozy-lab/app/test/features/agent_hub/agent_conversation_design_test.dart: conversation recovery 430.0/1.0
00:19 +740 -6: /Users/lute/project/momcozy-lab/app/test/features/agent_hub/agent_conversation_design_test.dart: conversation recovery 430.0/1.0
00:19 +741 -6: /Users/lute/project/momcozy-lab/app/test/features/agent_hub/agent_conversation_design_test.dart: conversation recovery 430.0/1.0
00:19 +742 -6: /Users/lute/project/momcozy-lab/app/test/features/agent_hub/agent_conversation_design_test.dart: conversation recovery 430.0/1.0
00:19 +743 -6: /Users/lute/project/momcozy-lab/app/test/features/agent_hub/agent_conversation_design_test.dart: conversation recovery 430.0/1.0
00:19 +744 -6: /Users/lute/project/momcozy-lab/app/test/features/agent_hub/agent_conversation_design_test.dart: conversation recovery 430.0/1.0
00:19 +745 -6: /Users/lute/project/momcozy-lab/app/test/features/agent_hub/agent_conversation_design_test.dart: conversation recovery 430.0/1.0
00:19 +746 -6: /Users/lute/project/momcozy-lab/app/test/features/agent_hub/agent_conversation_design_test.dart: conversation recovery 430.0/1.0
00:19 +747 -6: /Users/lute/project/momcozy-lab/app/test/features/agent_hub/agent_conversation_design_test.dart: conversation recovery 430.0/1.0
00:19 +748 -6: /Users/lute/project/momcozy-lab/app/test/features/agent_hub/agent_conversation_design_test.dart: conversation recovery 430.0/1.0
00:19 +749 -6: /Users/lute/project/momcozy-lab/app/test/features/agent_hub/agent_conversation_design_test.dart: conversation recovery 430.0/1.0
00:19 +750 -6: /Users/lute/project/momcozy-lab/app/test/features/agent_hub/agent_conversation_design_test.dart: conversation recovery 430.0/1.0
00:19 +751 -6: /Users/lute/project/momcozy-lab/app/test/features/agent_hub/agent_conversation_design_test.dart: conversation recovery 430.0/1.0
00:19 +752 -6: /Users/lute/project/momcozy-lab/app/test/features/agent_hub/agent_conversation_design_test.dart: conversation recovery 430.0/1.0
00:19 +753 -6: /Users/lute/project/momcozy-lab/app/test/features/agent_hub/agent_conversation_design_test.dart: conversation recovery 430.0/1.0
00:19 +754 -6: /Users/lute/project/momcozy-lab/app/test/features/agent_hub/agent_conversation_design_test.dart: conversation recovery 430.0/1.0
00:19 +755 -6: /Users/lute/project/momcozy-lab/app/test/features/agent_hub/agent_conversation_design_test.dart: conversation recovery 430.0/1.0
00:19 +756 -6: /Users/lute/project/momcozy-lab/app/test/features/agent_hub/agent_conversation_design_test.dart: conversation recovery 430.0/1.0
00:19 +757 -6: /Users/lute/project/momcozy-lab/app/test/features/agent_hub/agent_conversation_design_test.dart: conversation recovery 430.0/1.0
00:19 +758 -6: /Users/lute/project/momcozy-lab/app/test/features/agent_hub/agent_conversation_design_test.dart: conversation recovery 430.0/1.0
00:19 +759 -6: /Users/lute/project/momcozy-lab/app/test/features/agent_hub/agent_conversation_design_test.dart: conversation recovery 430.0/1.0
00:19 +760 -6: /Users/lute/project/momcozy-lab/app/test/features/agent_hub/agent_hub_page_test.dart: Agent Hub uploads and sends a PDF file attachment
00:19 +761 -6: /Users/lute/project/momcozy-lab/app/test/features/agent_hub/agent_attachment_design_test.dart: attachment layout and draft actions 430.0/2.0
00:19 +762 -6: /Users/lute/project/momcozy-lab/app/test/features/agent_hub/agent_attachment_design_test.dart: attachment layout and draft actions 430.0/2.0
00:19 +763 -6: /Users/lute/project/momcozy-lab/app/test/features/agent_hub/agent_conversation_design_test.dart: conversation recovery 430.0/2.0
00:19 +764 -6: /Users/lute/project/momcozy-lab/app/test/features/agent_hub/agent_conversation_design_test.dart: conversation recovery 430.0/2.0
00:19 +765 -6: /Users/lute/project/momcozy-lab/app/test/features/agent_hub/agent_conversation_design_test.dart: conversation recovery 430.0/2.0
00:19 +766 -6: /Users/lute/project/momcozy-lab/app/test/features/agent_hub/agent_conversation_design_test.dart: conversation recovery 430.0/2.0
00:19 +767 -6: /Users/lute/project/momcozy-lab/app/test/features/agent_hub/agent_conversation_design_test.dart: conversation recovery 430.0/2.0
00:19 +768 -6: /Users/lute/project/momcozy-lab/app/test/features/agent_hub/agent_hub_page_test.dart: Agent Hub keeps camera and gallery image sources distinct
00:19 +769 -6: /Users/lute/project/momcozy-lab/app/test/features/agent_hub/agent_hub_page_test.dart: Agent Hub removes image attachment before sending
00:19 +770 -6: /Users/lute/project/momcozy-lab/app/test/features/agent_hub/agent_hub_page_test.dart: Agent Hub removes image attachment before sending
00:19 +771 -6: /Users/lute/project/momcozy-lab/app/test/features/agent_hub/agent_hub_page_test.dart: Agent Hub removes image attachment before sending
00:20 +772 -6: /Users/lute/project/momcozy-lab/app/test/features/agent_hub/agent_hub_page_test.dart: Agent Hub removes image attachment before sending
00:20 +773 -6: /Users/lute/project/momcozy-lab/app/test/features/agent_hub/agent_hub_page_test.dart: Agent Hub removes image attachment before sending
00:20 +774 -6: /Users/lute/project/momcozy-lab/app/test/features/agent_hub/agent_hub_page_test.dart: Agent Hub removes image attachment before sending
00:20 +775 -6: /Users/lute/project/momcozy-lab/app/test/features/agent_hub/agent_hub_page_test.dart: Agent Hub removes image attachment before sending
00:20 +776 -6: /Users/lute/project/momcozy-lab/app/test/features/agent_hub/agent_hub_page_test.dart: Agent Hub removes image attachment before sending
00:20 +777 -6: /Users/lute/project/momcozy-lab/app/test/features/agent_hub/agent_hub_page_test.dart: Agent Hub removes image attachment before sending
00:20 +778 -6: /Users/lute/project/momcozy-lab/app/test/features/agent_hub/agent_hub_page_test.dart: Agent Hub removes image attachment before sending
00:20 +779 -6: /Users/lute/project/momcozy-lab/app/test/features/notifications/firebase_push_messaging_test.dart: iOS waits for asynchronous APNs registration before requesting FCM
00:20 +780 -6: /Users/lute/project/momcozy-lab/app/test/features/notifications/firebase_push_messaging_test.dart: iOS waits for asynchronous APNs registration before requesting FCM
00:20 +781 -6: /Users/lute/project/momcozy-lab/app/test/features/notifications/firebase_push_messaging_test.dart: iOS waits for asynchronous APNs registration before requesting FCM
00:20 +782 -6: /Users/lute/project/momcozy-lab/app/test/features/notifications/firebase_push_messaging_test.dart: iOS waits for asynchronous APNs registration before requesting FCM
00:20 +783 -6: /Users/lute/project/momcozy-lab/app/test/features/notifications/firebase_push_messaging_test.dart: iOS waits for asynchronous APNs registration before requesting FCM
00:20 +784 -6: /Users/lute/project/momcozy-lab/app/test/features/notifications/firebase_push_messaging_test.dart: iOS waits for asynchronous APNs registration before requesting FCM
00:20 +785 -6: /Users/lute/project/momcozy-lab/app/test/features/notifications/firebase_push_messaging_test.dart: iOS waits for asynchronous APNs registration before requesting FCM
00:20 +786 -6: /Users/lute/project/momcozy-lab/app/test/features/notifications/firebase_push_messaging_test.dart: iOS waits for asynchronous APNs registration before requesting FCM
00:20 +787 -6: /Users/lute/project/momcozy-lab/app/test/features/notifications/notification_widgets_test.dart: first reminder uses education and denial leaves it off
00:20 +788 -6: /Users/lute/project/momcozy-lab/app/test/features/notifications/notification_widgets_test.dart: first reminder uses education and denial leaves it off
00:20 +789 -6: /Users/lute/project/momcozy-lab/app/test/features/notifications/notification_widgets_test.dart: first reminder uses education and denial leaves it off
00:20 +790 -6: /Users/lute/project/momcozy-lab/app/test/features/notifications/notification_design_test.dart: inbox and retained-content error at 320.0 / 1.0
00:20 +791 -6: /Users/lute/project/momcozy-lab/app/test/features/notifications/notification_design_test.dart: inbox and retained-content error at 320.0 / 1.0
00:20 +792 -6: /Users/lute/project/momcozy-lab/app/test/features/notifications/notification_design_test.dart: inbox and retained-content error at 320.0 / 1.0
00:20 +793 -6: /Users/lute/project/momcozy-lab/app/test/features/notifications/notification_design_test.dart: inbox and retained-content error at 320.0 / 1.0
00:20 +794 -6: /Users/lute/project/momcozy-lab/app/test/features/notifications/notification_design_test.dart: inbox and retained-content error at 320.0 / 1.0
00:20 +795 -6: /Users/lute/project/momcozy-lab/app/test/features/notifications/notification_design_test.dart: inbox and retained-content error at 320.0 / 1.0
00:20 +796 -6: /Users/lute/project/momcozy-lab/app/test/features/notifications/notification_design_test.dart: inbox and retained-content error at 320.0 / 1.0
00:20 +797 -6: /Users/lute/project/momcozy-lab/app/test/features/notifications/notification_design_test.dart: inbox and retained-content error at 320.0 / 1.0
00:20 +798 -6: /Users/lute/project/momcozy-lab/app/test/features/notifications/notification_design_test.dart: inbox and retained-content error at 320.0 / 1.0
00:20 +799 -6: /Users/lute/project/momcozy-lab/app/test/features/notifications/notification_design_test.dart: inbox and retained-content error at 320.0 / 1.0
00:20 +800 -6: /Users/lute/project/momcozy-lab/app/test/features/notifications/notification_design_test.dart: inbox and retained-content error at 320.0 / 1.0
00:20 +801 -6: /Users/lute/project/momcozy-lab/app/test/features/notifications/notification_design_test.dart: inbox and retained-content error at 320.0 / 1.0
00:20 +802 -6: /Users/lute/project/momcozy-lab/app/test/features/notifications/notification_design_test.dart: inbox and retained-content error at 320.0 / 1.0
00:20 +803 -6: /Users/lute/project/momcozy-lab/app/test/features/notifications/notification_design_test.dart: inbox and retained-content error at 320.0 / 1.0
00:20 +804 -6: /Users/lute/project/momcozy-lab/app/test/features/notifications/notification_design_test.dart: inbox and retained-content error at 320.0 / 1.0
00:20 +805 -6: /Users/lute/project/momcozy-lab/app/test/features/notifications/notification_design_test.dart: inbox and retained-content error at 320.0 / 1.0
00:20 +806 -6: /Users/lute/project/momcozy-lab/app/test/features/notifications/notification_design_test.dart: inbox and retained-content error at 320.0 / 1.0
00:20 +807 -6: /Users/lute/project/momcozy-lab/app/test/features/notifications/firebase_push_messaging_test.dart: missing APNs stays pending and a later retry can acquire the token
00:20 +808 -6: /Users/lute/project/momcozy-lab/app/test/features/notifications/firebase_push_messaging_test.dart: missing APNs stays pending and a later retry can acquire the token
00:20 +809 -6: /Users/lute/project/momcozy-lab/app/test/features/notifications/firebase_push_messaging_test.dart: missing APNs stays pending and a later retry can acquire the token
00:20 +810 -6: /Users/lute/project/momcozy-lab/app/test/features/notifications/firebase_push_messaging_test.dart: missing APNs stays pending and a later retry can acquire the token
00:20 +811 -6: /Users/lute/project/momcozy-lab/app/test/features/notifications/firebase_push_messaging_test.dart: missing APNs stays pending and a later retry can acquire the token
00:20 +812 -6: /Users/lute/project/momcozy-lab/app/test/features/notifications/firebase_push_messaging_test.dart: missing APNs stays pending and a later retry can acquire the token
00:20 +813 -6: /Users/lute/project/momcozy-lab/app/test/features/notifications/firebase_push_messaging_test.dart: missing APNs stays pending and a later retry can acquire the token
00:21 +814 -6: /Users/lute/project/momcozy-lab/app/test/features/notifications/firebase_push_messaging_test.dart: missing APNs stays pending and a later retry can acquire the token
00:21 +815 -6: /Users/lute/project/momcozy-lab/app/test/features/notifications/firebase_push_messaging_test.dart: missing APNs stays pending and a later retry can acquire the token
00:21 +816 -6: /Users/lute/project/momcozy-lab/app/test/features/notifications/firebase_push_messaging_test.dart: missing APNs stays pending and a later retry can acquire the token
00:21 +817 -6: /Users/lute/project/momcozy-lab/app/test/features/notifications/firebase_push_messaging_test.dart: missing APNs stays pending and a later retry can acquire the token
00:21 +818 -6: /Users/lute/project/momcozy-lab/app/test/features/notifications/firebase_push_messaging_test.dart: missing APNs stays pending and a later retry can acquire the token
00:21 +819 -6: /Users/lute/project/momcozy-lab/app/test/features/notifications/firebase_push_messaging_test.dart: missing APNs stays pending and a later retry can acquire the token
00:21 +820 -6: /Users/lute/project/momcozy-lab/app/test/features/notifications/firebase_push_messaging_test.dart: missing APNs stays pending and a later retry can acquire the token
00:21 +821 -6: /Users/lute/project/momcozy-lab/app/test/features/notifications/firebase_push_messaging_test.dart: missing APNs stays pending and a later retry can acquire the token
00:21 +822 -6: /Users/lute/project/momcozy-lab/app/test/features/notifications/firebase_push_messaging_test.dart: missing APNs stays pending and a later retry can acquire the token
00:21 +823 -6: /Users/lute/project/momcozy-lab/app/test/features/notifications/firebase_push_messaging_test.dart: missing APNs stays pending and a later retry can acquire the token
00:21 +824 -6: /Users/lute/project/momcozy-lab/app/test/features/notifications/firebase_push_messaging_test.dart: missing APNs stays pending and a later retry can acquire the token
00:21 +825 -6: /Users/lute/project/momcozy-lab/app/test/features/notifications/firebase_push_messaging_test.dart: missing APNs stays pending and a later retry can acquire the token
00:21 +826 -6: /Users/lute/project/momcozy-lab/app/test/features/notifications/firebase_push_messaging_test.dart: missing APNs stays pending and a later retry can acquire the token
00:21 +827 -6: /Users/lute/project/momcozy-lab/app/test/features/notifications/firebase_push_messaging_test.dart: missing APNs stays pending and a later retry can acquire the token
00:21 +828 -6: /Users/lute/project/momcozy-lab/app/test/features/notifications/firebase_push_messaging_test.dart: missing APNs stays pending and a later retry can acquire the token
00:21 +829 -6: /Users/lute/project/momcozy-lab/app/test/features/notifications/firebase_push_messaging_test.dart: missing APNs stays pending and a later retry can acquire the token
00:21 +830 -6: /Users/lute/project/momcozy-lab/app/test/features/notifications/firebase_push_messaging_test.dart: missing APNs stays pending and a later retry can acquire the token
00:21 +831 -6: /Users/lute/project/momcozy-lab/app/test/features/notifications/firebase_push_messaging_test.dart: missing APNs stays pending and a later retry can acquire the token
00:21 +832 -6: /Users/lute/project/momcozy-lab/app/test/features/notifications/firebase_push_messaging_test.dart: missing APNs stays pending and a later retry can acquire the token
00:21 +833 -6: /Users/lute/project/momcozy-lab/app/test/features/notifications/firebase_push_messaging_test.dart: missing APNs stays pending and a later retry can acquire the token
00:21 +834 -6: /Users/lute/project/momcozy-lab/app/test/features/notifications/firebase_push_messaging_test.dart: missing APNs stays pending and a later retry can acquire the token
00:21 +835 -6: /Users/lute/project/momcozy-lab/app/test/features/notifications/firebase_push_messaging_test.dart: missing APNs stays pending and a later retry can acquire the token
00:21 +836 -6: /Users/lute/project/momcozy-lab/app/test/features/notifications/firebase_push_messaging_test.dart: missing APNs stays pending and a later retry can acquire the token
00:21 +837 -6: /Users/lute/project/momcozy-lab/app/test/features/notifications/firebase_push_messaging_test.dart: missing APNs stays pending and a later retry can acquire the token
00:21 +838 -6: /Users/lute/project/momcozy-lab/app/test/features/notifications/firebase_push_messaging_test.dart: missing APNs stays pending and a later retry can acquire the token
00:21 +839 -6: /Users/lute/project/momcozy-lab/app/test/features/notifications/firebase_push_messaging_test.dart: missing APNs stays pending and a later retry can acquire the token
00:21 +840 -6: /Users/lute/project/momcozy-lab/app/test/features/notifications/firebase_push_messaging_test.dart: missing APNs stays pending and a later retry can acquire the token
00:21 +841 -6: /Users/lute/project/momcozy-lab/app/test/features/notifications/firebase_push_messaging_test.dart: missing APNs stays pending and a later retry can acquire the token
00:22 +842 -6: /Users/lute/project/momcozy-lab/app/test/features/notifications/firebase_push_messaging_test.dart: missing APNs stays pending and a later retry can acquire the token
00:22 +843 -6: /Users/lute/project/momcozy-lab/app/test/features/notifications/firebase_push_messaging_test.dart: missing APNs stays pending and a later retry can acquire the token
00:22 +844 -6: /Users/lute/project/momcozy-lab/app/test/features/notifications/firebase_push_messaging_test.dart: missing APNs stays pending and a later retry can acquire the token
00:22 +845 -6: /Users/lute/project/momcozy-lab/app/test/features/notifications/firebase_push_messaging_test.dart: missing APNs stays pending and a later retry can acquire the token
00:22 +846 -6: /Users/lute/project/momcozy-lab/app/test/features/notifications/firebase_push_messaging_test.dart: missing APNs stays pending and a later retry can acquire the token
00:22 +847 -6: /Users/lute/project/momcozy-lab/app/test/features/notifications/firebase_push_messaging_test.dart: missing APNs stays pending and a later retry can acquire the token
00:22 +848 -6: /Users/lute/project/momcozy-lab/app/test/features/notifications/firebase_push_messaging_test.dart: missing APNs stays pending and a later retry can acquire the token
00:22 +849 -6: /Users/lute/project/momcozy-lab/app/test/features/notifications/firebase_push_messaging_test.dart: missing APNs stays pending and a later retry can acquire the token
00:22 +850 -6: /Users/lute/project/momcozy-lab/app/test/features/notifications/firebase_push_messaging_test.dart: missing APNs stays pending and a later retry can acquire the token
00:22 +851 -6: /Users/lute/project/momcozy-lab/app/test/features/notifications/firebase_push_messaging_test.dart: missing APNs stays pending and a later retry can acquire the token
00:22 +852 -6: /Users/lute/project/momcozy-lab/app/test/features/notifications/firebase_push_messaging_test.dart: missing APNs stays pending and a later retry can acquire the token
00:22 +853 -6: /Users/lute/project/momcozy-lab/app/test/features/notifications/firebase_push_messaging_test.dart: missing APNs stays pending and a later retry can acquire the token
00:22 +854 -6: /Users/lute/project/momcozy-lab/app/test/features/notifications/firebase_push_messaging_test.dart: missing APNs stays pending and a later retry can acquire the token
00:22 +855 -6: /Users/lute/project/momcozy-lab/app/test/features/notifications/firebase_push_messaging_test.dart: missing APNs stays pending and a later retry can acquire the token
00:22 +856 -6: /Users/lute/project/momcozy-lab/app/test/features/notifications/firebase_push_messaging_test.dart: missing APNs stays pending and a later retry can acquire the token
00:22 +857 -6: /Users/lute/project/momcozy-lab/app/test/features/notifications/firebase_push_messaging_test.dart: missing APNs stays pending and a later retry can acquire the token
00:22 +858 -6: /Users/lute/project/momcozy-lab/app/test/features/notifications/firebase_push_messaging_test.dart: missing APNs stays pending and a later retry can acquire the token
00:22 +859 -6: /Users/lute/project/momcozy-lab/app/test/features/notifications/firebase_push_messaging_test.dart: missing APNs stays pending and a later retry can acquire the token
00:22 +860 -6: /Users/lute/project/momcozy-lab/app/test/features/notifications/firebase_push_messaging_test.dart: missing APNs stays pending and a later retry can acquire the token
00:22 +861 -6: /Users/lute/project/momcozy-lab/app/test/features/onboarding/onboarding_design_test.dart: onboarding profile forms at 320.0 / 1.0
00:22 +862 -6: /Users/lute/project/momcozy-lab/app/test/features/onboarding/onboarding_design_test.dart: onboarding profile forms at 320.0 / 1.0
00:22 +863 -6: /Users/lute/project/momcozy-lab/app/test/features/onboarding/onboarding_design_test.dart: onboarding profile forms at 320.0 / 1.0
00:22 +864 -6: /Users/lute/project/momcozy-lab/app/test/features/onboarding/onboarding_design_test.dart: onboarding profile forms at 320.0 / 1.0
00:22 +865 -6: /Users/lute/project/momcozy-lab/app/test/features/onboarding/onboarding_design_test.dart: onboarding profile forms at 320.0 / 1.0
00:22 +866 -6: /Users/lute/project/momcozy-lab/app/test/features/onboarding/onboarding_design_test.dart: onboarding profile forms at 320.0 / 1.0
00:22 +867 -6: /Users/lute/project/momcozy-lab/app/test/features/onboarding/onboarding_design_test.dart: onboarding profile forms at 320.0 / 1.0
00:22 +868 -6: /Users/lute/project/momcozy-lab/app/test/features/onboarding/onboarding_design_test.dart: onboarding profile forms at 320.0 / 1.0
00:22 +869 -6: /Users/lute/project/momcozy-lab/app/test/features/onboarding/onboarding_design_test.dart: onboarding profile forms at 320.0 / 1.0
00:22 +870 -6: /Users/lute/project/momcozy-lab/app/test/features/onboarding/onboarding_design_test.dart: onboarding profile forms at 320.0 / 1.0
00:22 +871 -6: /Users/lute/project/momcozy-lab/app/test/features/onboarding/onboarding_design_test.dart: onboarding profile forms at 320.0 / 1.0
00:22 +872 -6: /Users/lute/project/momcozy-lab/app/test/features/onboarding/onboarding_reading_test.dart: onboarding reading 430.0/2.0
00:22 +873 -6: /Users/lute/project/momcozy-lab/app/test/features/onboarding/onboarding_reading_test.dart: onboarding reading 430.0/2.0
00:22 +874 -6: /Users/lute/project/momcozy-lab/app/test/features/onboarding/onboarding_reading_test.dart: onboarding reading 430.0/2.0
00:22 +875 -6: /Users/lute/project/momcozy-lab/app/test/features/onboarding/onboarding_reading_test.dart: onboarding reading 430.0/2.0
00:22 +876 -6: /Users/lute/project/momcozy-lab/app/test/features/onboarding/onboarding_reading_test.dart: onboarding reading 430.0/2.0
00:22 +877 -6: /Users/lute/project/momcozy-lab/app/test/features/onboarding/onboarding_reading_test.dart: onboarding reading 430.0/2.0
00:22 +878 -6: /Users/lute/project/momcozy-lab/app/test/features/media/product_asset_video_player_test.dart: reduced motion opens fullscreen fully without elapsed animation
00:22 +879 -6: /Users/lute/project/momcozy-lab/app/test/features/media/product_asset_video_player_test.dart: reduced motion opens fullscreen fully without elapsed animation
00:22 +880 -6: /Users/lute/project/momcozy-lab/app/test/features/media/product_asset_video_player_test.dart: reduced motion opens fullscreen fully without elapsed animation
00:22 +881 -6: /Users/lute/project/momcozy-lab/app/test/features/media/product_asset_video_player_test.dart: reduced motion opens fullscreen fully without elapsed animation
00:22 +882 -6: /Users/lute/project/momcozy-lab/app/test/features/media/product_asset_video_player_test.dart: reduced motion opens fullscreen fully without elapsed animation
00:22 +883 -6: /Users/lute/project/momcozy-lab/app/test/features/media/product_asset_video_player_test.dart: reduced motion opens fullscreen fully without elapsed animation
00:22 +884 -6: /Users/lute/project/momcozy-lab/app/test/features/media/product_asset_video_player_test.dart: reduced motion opens fullscreen fully without elapsed animation
00:22 +885 -6: /Users/lute/project/momcozy-lab/app/test/features/media/product_asset_video_player_test.dart: reduced motion opens fullscreen fully without elapsed animation
00:22 +886 -6: /Users/lute/project/momcozy-lab/app/test/features/media/product_asset_video_player_test.dart: reduced motion opens fullscreen fully without elapsed animation
00:22 +887 -6: /Users/lute/project/momcozy-lab/app/test/features/media/product_asset_video_player_test.dart: reduced motion opens fullscreen fully without elapsed animation
00:22 +888 -6: /Users/lute/project/momcozy-lab/app/test/features/media/product_asset_video_player_test.dart: reduced motion opens fullscreen fully without elapsed animation
00:22 +889 -6: /Users/lute/project/momcozy-lab/app/test/features/media/product_asset_video_player_test.dart: reduced motion opens fullscreen fully without elapsed animation
00:22 +890 -6: /Users/lute/project/momcozy-lab/app/test/features/media/product_asset_video_player_test.dart: reduced motion opens fullscreen fully without elapsed animation
00:23 +891 -6: /Users/lute/project/momcozy-lab/app/test/features/media/product_asset_video_player_test.dart: reduced motion opens fullscreen fully without elapsed animation
00:23 +892 -6: /Users/lute/project/momcozy-lab/app/test/features/media/product_asset_video_player_test.dart: reduced motion opens fullscreen fully without elapsed animation
00:23 +893 -6: /Users/lute/project/momcozy-lab/app/test/features/media/product_asset_video_player_test.dart: reduced motion opens fullscreen fully without elapsed animation
00:23 +894 -6: /Users/lute/project/momcozy-lab/app/test/features/media/product_asset_video_player_test.dart: reduced motion opens fullscreen fully without elapsed animation
00:23 +895 -6: /Users/lute/project/momcozy-lab/app/test/features/media/product_asset_video_player_test.dart: reduced motion opens fullscreen fully without elapsed animation
00:23 +896 -6: /Users/lute/project/momcozy-lab/app/test/features/media/product_asset_video_player_test.dart: reduced motion opens fullscreen fully without elapsed animation
00:23 +897 -6: /Users/lute/project/momcozy-lab/app/test/features/media/product_asset_video_player_test.dart: reduced motion opens fullscreen fully without elapsed animation
00:23 +898 -6: /Users/lute/project/momcozy-lab/app/test/features/media/product_asset_video_player_test.dart: reduced motion opens fullscreen fully without elapsed animation
00:23 +899 -6: /Users/lute/project/momcozy-lab/app/test/features/media/product_asset_video_player_test.dart: reduced motion opens fullscreen fully without elapsed animation
00:23 +900 -6: /Users/lute/project/momcozy-lab/app/test/features/onboarding/onboarding_capability_gate_test.dart: default app startup bypasses the unsupported onboarding gate
00:23 +901 -6: /Users/lute/project/momcozy-lab/app/test/features/onboarding/onboarding_capability_gate_test.dart: default app startup bypasses the unsupported onboarding gate
00:23 +902 -6: /Users/lute/project/momcozy-lab/app/test/features/onboarding/onboarding_capability_gate_test.dart: default app startup bypasses the unsupported onboarding gate
00:23 +903 -6: /Users/lute/project/momcozy-lab/app/test/features/onboarding/onboarding_capability_gate_test.dart: default app startup bypasses the unsupported onboarding gate
00:23 +904 -6: /Users/lute/project/momcozy-lab/app/test/features/onboarding/onboarding_capability_gate_test.dart: default app startup bypasses the unsupported onboarding gate
00:23 +905 -6: /Users/lute/project/momcozy-lab/app/test/features/onboarding/onboarding_capability_gate_test.dart: default app startup bypasses the unsupported onboarding gate
00:23 +906 -6: /Users/lute/project/momcozy-lab/app/test/features/onboarding/onboarding_capability_gate_test.dart: default app startup bypasses the unsupported onboarding gate
00:23 +907 -6: /Users/lute/project/momcozy-lab/app/test/features/onboarding/onboarding_capability_gate_test.dart: default app startup bypasses the unsupported onboarding gate
00:23 +908 -6: /Users/lute/project/momcozy-lab/app/test/features/onboarding/onboarding_capability_gate_test.dart: default app startup bypasses the unsupported onboarding gate
00:23 +909 -6: /Users/lute/project/momcozy-lab/app/test/features/onboarding/onboarding_capability_gate_test.dart: default app startup bypasses the unsupported onboarding gate
00:23 +910 -6: /Users/lute/project/momcozy-lab/app/test/features/onboarding/onboarding_capability_gate_test.dart: default app startup bypasses the unsupported onboarding gate
00:23 +911 -6: /Users/lute/project/momcozy-lab/app/test/features/onboarding/onboarding_capability_gate_test.dart: default app startup bypasses the unsupported onboarding gate
00:23 +912 -6: /Users/lute/project/momcozy-lab/app/test/features/onboarding/onboarding_capability_gate_test.dart: default app startup bypasses the unsupported onboarding gate
00:23 +913 -6: /Users/lute/project/momcozy-lab/app/test/features/onboarding/onboarding_capability_gate_test.dart: default app startup bypasses the unsupported onboarding gate
00:23 +914 -6: /Users/lute/project/momcozy-lab/app/test/features/onboarding/onboarding_capability_gate_test.dart: default app startup bypasses the unsupported onboarding gate
00:23 +915 -6: /Users/lute/project/momcozy-lab/app/test/features/onboarding/onboarding_capability_gate_test.dart: default app startup bypasses the unsupported onboarding gate
00:23 +916 -6: /Users/lute/project/momcozy-lab/app/test/features/onboarding/onboarding_capability_gate_test.dart: default app startup bypasses the unsupported onboarding gate
00:23 +917 -6: /Users/lute/project/momcozy-lab/app/test/features/onboarding/onboarding_capability_gate_test.dart: default app startup bypasses the unsupported onboarding gate
00:23 +918 -6: /Users/lute/project/momcozy-lab/app/test/features/onboarding/onboarding_capability_gate_test.dart: default app startup bypasses the unsupported onboarding gate
00:23 +919 -6: /Users/lute/project/momcozy-lab/app/test/features/media/product_asset_image_test.dart: switching resources hides the previous image while loading
00:23 +920 -6: /Users/lute/project/momcozy-lab/app/test/features/media/product_asset_image_test.dart: switching resources hides the previous image while loading
00:23 +921 -6: /Users/lute/project/momcozy-lab/app/test/features/media/product_asset_image_test.dart: switching resources hides the previous image while loading
00:23 +922 -6: /Users/lute/project/momcozy-lab/app/test/features/media/product_asset_image_test.dart: switching resources hides the previous image while loading
00:23 +923 -6: /Users/lute/project/momcozy-lab/app/test/features/media/product_asset_image_test.dart: switching resources hides the previous image while loading
00:23 +924 -6: /Users/lute/project/momcozy-lab/app/test/features/media/product_asset_image_test.dart: switching resources hides the previous image while loading
00:23 +925 -6: /Users/lute/project/momcozy-lab/app/test/features/media/product_asset_image_test.dart: switching resources hides the previous image while loading
00:23 +926 -6: /Users/lute/project/momcozy-lab/app/test/features/onboarding/onboarding_design_test.dart: onboarding profile forms at 320.0 / 2.0
00:23 +927 -6: /Users/lute/project/momcozy-lab/app/test/features/onboarding/onboarding_design_test.dart: onboarding profile forms at 320.0 / 2.0
00:23 +928 -6: /Users/lute/project/momcozy-lab/app/test/features/onboarding/onboarding_design_test.dart: onboarding profile forms at 320.0 / 2.0
00:23 +929 -6: /Users/lute/project/momcozy-lab/app/test/features/onboarding/onboarding_design_test.dart: onboarding profile forms at 320.0 / 2.0
00:23 +930 -6: /Users/lute/project/momcozy-lab/app/test/features/onboarding/onboarding_design_test.dart: onboarding profile forms at 320.0 / 2.0
00:23 +931 -6: /Users/lute/project/momcozy-lab/app/test/features/onboarding/onboarding_design_test.dart: onboarding profile forms at 320.0 / 2.0
00:23 +932 -6: /Users/lute/project/momcozy-lab/app/test/features/onboarding/onboarding_design_test.dart: onboarding profile forms at 320.0 / 2.0
00:23 +933 -6: /Users/lute/project/momcozy-lab/app/test/features/onboarding/onboarding_design_test.dart: onboarding profile forms at 320.0 / 2.0
00:23 +934 -6: /Users/lute/project/momcozy-lab/app/test/features/onboarding/onboarding_design_test.dart: onboarding profile forms at 320.0 / 2.0
00:23 +935 -6: /Users/lute/project/momcozy-lab/app/test/features/onboarding/onboarding_design_test.dart: onboarding profile forms at 320.0 / 2.0
00:23 +936 -6: /Users/lute/project/momcozy-lab/app/test/features/onboarding/onboarding_design_test.dart: onboarding profile forms at 320.0 / 2.0
00:23 +937 -6: /Users/lute/project/momcozy-lab/app/test/features/onboarding/onboarding_design_test.dart: onboarding profile forms at 320.0 / 2.0
00:23 +938 -6: /Users/lute/project/momcozy-lab/app/test/features/onboarding/onboarding_design_test.dart: onboarding profile forms at 320.0 / 2.0
00:23 +939 -6: /Users/lute/project/momcozy-lab/app/test/features/onboarding/onboarding_design_test.dart: onboarding profile forms at 320.0 / 2.0
00:24 +940 -6: /Users/lute/project/momcozy-lab/app/test/features/onboarding/onboarding_capability_gate_test.dart: disabled onboarding sends /onboarding safely home after login
00:24 +941 -6: /Users/lute/project/momcozy-lab/app/test/features/onboarding/onboarding_capability_gate_test.dart: disabled onboarding sends /onboarding safely home after login
00:24 +942 -6: /Users/lute/project/momcozy-lab/app/test/features/onboarding/onboarding_capability_gate_test.dart: disabled onboarding sends /onboarding safely home after login
00:24 +943 -6: /Users/lute/project/momcozy-lab/app/test/features/media/product_asset_video_player_test.dart: video long duration, controls and fullscreen 430.0 / 1.0
00:24 +944 -6: /Users/lute/project/momcozy-lab/app/test/features/media/product_asset_video_player_test.dart: video long duration, controls and fullscreen 430.0 / 1.0
00:24 +945 -6: /Users/lute/project/momcozy-lab/app/test/features/media/product_asset_video_player_test.dart: video long duration, controls and fullscreen 430.0 / 1.0
00:24 +946 -6: /Users/lute/project/momcozy-lab/app/test/features/media/product_asset_video_player_test.dart: video long duration, controls and fullscreen 430.0 / 1.0
00:24 +947 -6: /Users/lute/project/momcozy-lab/app/test/features/media/product_asset_video_player_test.dart: video long duration, controls and fullscreen 430.0 / 1.0
00:24 +948 -6: /Users/lute/project/momcozy-lab/app/test/features/onboarding/onboarding_capability_gate_test.dart: disabled onboarding sends /avatar/review safely home after login
00:24 +948 -6: /Users/lute/project/momcozy-lab/app/test/features/agent_hub/agent_hub_page_test.dart: Agent Hub degrades retired skill assets without network or viewer actions

Warning: A call to tap() with finder "Found 1 widget with key [<'agent-artifact-action-retired-media-0'>]: [
  FilledButton-[<'agent-artifact-action-retired-media-0'>](style: ButtonStyle#fa547(textStyle: WidgetStatePropertyAll(TextStyle(inherit: true, family: Manrope, size: 13.0, weight: 600)), backgroundColor: WidgetStateMapper<Color?>({WidgetState.disabled: null, WidgetState.any: Color(alpha: 1.0000, red: 0.9412, green: 0.9059, blue: 0.9804, colorSpace: ColorSpace.sRGB)}), foregroundColor: WidgetStateMapper<Color?>({WidgetState.disabled: null, WidgetState.any: Color(alpha: 1.0000, red: 0.4745, green: 0.2627, blue: 0.7098, colorSpace: ColorSpace.sRGB)}), overlayColor: WidgetStateMapper<Color?>({WidgetState.pressed: Color(alpha: 0.1020, red: 0.4745, green: 0.2627, blue: 0.7098, colorSpace: ColorSpace.sRGB), WidgetState.hovered: Color(alpha: 0.0784, red: 0.4745, green: 0.2627, blue: 0.7098, colorSpace: ColorSpace.sRGB), WidgetState.focused: Color(alpha: 0.1020, red: 0.4745, green: 0.2627, blue: 0.7098, colorSpace: ColorSpace.sRGB)}), padding: WidgetStatePropertyAll(EdgeInsets(12.0, 10.0, 12.0, 10.0)), minimumSize: WidgetStatePropertyAll(Size(0.0, 44.0)), shape: WidgetStatePropertyAll(RoundedRectangleBorder(BorderSide(width: 0.0, style: none), BorderRadius.circular(12.0))), mouseCursor: WidgetStateMapper<MouseCursor?>({WidgetState.disabled: null, WidgetState.any: null})), dependencies: [IconTheme, InheritedCupertinoTheme, MediaQuery, _InheritedTheme, _LocalizationsScope-[GlobalKey#40b30]], state: _ButtonStyleState#ad218),
]" derived an Offset (Offset(425.0, 523.0)) that would not hit test on the specified widget.
Maybe the widget is actually off-screen, or another widget is obscuring it, or the widget cannot receive pointer events.
The finder corresponds to this RenderBox: RenderSemanticsAnnotations#60d17 relayoutBoundary=up10
The hit test result at that offset is: HitTestResult(RenderDecoratedBox#06014@Offset(425.0, 523.0), RenderDecoratedBox#955e2@Offset(425.0, 523.0), RenderDecoratedBox#d4433@Offset(425.0, 523.0), RenderStack#b460a@Offset(425.0, 523.0), _RenderColoredBox#82f19@Offset(425.0, 523.0), _RenderLayoutBuilder#28112@Offset(425.0, 523.0), RenderPadding#f7a3d@Offset(425.0, 523.0), RenderCustomMultiChildLayoutBox#99dcc@Offset(425.0, 523.0), _RenderInkFeatures#f4587@Offset(425.0, 523.0), RenderPhysicalModel#18ae2@Offset(425.0, 523.0), RenderSemanticsAnnotations#e719d@Offset(425.0, 523.0), RenderRepaintBoundary#33f56@Offset(425.0, 523.0), RenderIgnorePointer#62ef5@Offset(425.0, 523.0), RenderAnimatedOpacity#2fb24@Offset(425.0, 523.0), RenderAnimatedOpacity#1082d@Offset(425.0, 523.0), _RenderColoredBox#7660a@Offset(425.0, 523.0), RenderAnimatedOpacity#1c5b2@Offset(425.0, 523.0), RenderIgnorePointer#c84da@Offset(425.0, 523.0), RenderAnimatedOpacity#3bf79@Offset(425.0, 523.0), RenderRepaintBoundary#40f69@Offset(425.0, 523.0), RenderSemanticsAnnotations#98120@Offset(425.0, 523.0), RenderOffstage#5bc1d@Offset(425.0, 523.0), RenderSemanticsAnnotations#130ed@Offset(425.0, 523.0), _RenderTheater#08715@Offset(425.0, 523.0), RenderAbsorbPointer#b70c1@Offset(425.0, 523.0), RenderPointerListener#f4df4@Offset(425.0, 523.0), RenderSemanticsAnnotations#3c288@Offset(425.0, 523.0), RenderSemanticsAnnotations#f6605@Offset(425.0, 523.0), RenderSemanticsAnnotations#914b8@Offset(425.0, 523.0), RenderSemanticsAnnotations#3763a@Offset(425.0, 523.0), RenderTapRegionSurface#0dc4a@Offset(425.0, 523.0), RenderSemanticsAnnotations#445f4@Offset(425.0, 523.0), RenderSemanticsAnnotations#4ae9a@Offset(425.0, 523.0), HitTestEntry<HitTestTarget>#69279(_ReusableRenderView#67c0c), HitTestEntry<HitTestTarget>#a4efc(<AutomatedTestWidgetsFlutterBinding>))
#0      WidgetController._getElementPoint (package:flutter_test/src/controller.dart:2165:25)
#1      WidgetController.getCenter (package:flutter_test/src/controller.dart:1947:12)
#2      WidgetController.tap (package:flutter_test/src/controller.dart:1080:7)
#3      main.<anonymous closure> (file:///Users/lute/project/momcozy-lab/app/test/features/agent_hub/agent_hub_page_test.dart:6896:20)
<asynchronous suspension>
#4      testWidgets.<anonymous closure>.<anonymous closure> (package:flutter_test/src/widget_tester.dart:192:15)
<asynchronous suspension>
#5      TestWidgetsFlutterBinding._runTestBody (package:flutter_test/src/binding.dart:1952:5)
<asynchronous suspension>
#6      StackZoneSpecification._registerCallback.<anonymous closure> (package:stack_trace/src/stack_zone_specification.dart:114:42)
<asynchronous suspension>
To silence this warning, pass "warnIfMissed: false" to "tap()".
To make this warning fatal, set WidgetController.hitTestWarningShouldBeFatal to true.

00:24 +949 -6: /Users/lute/project/momcozy-lab/app/test/features/onboarding/onboarding_capability_gate_test.dart: disabled onboarding sends /avatar/review safely home after login
00:24 +950 -6: /Users/lute/project/momcozy-lab/app/test/features/media/media_design_test.dart: media missing unavailable and return 320.0 / 1.0
00:24 +951 -6: /Users/lute/project/momcozy-lab/app/test/features/media/media_design_test.dart: media missing unavailable and return 320.0 / 1.0
00:24 +952 -6: /Users/lute/project/momcozy-lab/app/test/features/media/media_design_test.dart: media missing unavailable and return 320.0 / 1.0
00:24 +953 -6: /Users/lute/project/momcozy-lab/app/test/features/media/media_design_test.dart: media missing unavailable and return 320.0 / 1.0
00:24 +954 -6: /Users/lute/project/momcozy-lab/app/test/features/media/media_design_test.dart: media missing unavailable and return 320.0 / 1.0
00:24 +955 -6: /Users/lute/project/momcozy-lab/app/test/features/media/media_design_test.dart: media missing unavailable and return 320.0 / 1.0
00:24 +956 -6: /Users/lute/project/momcozy-lab/app/test/features/media/media_design_test.dart: media missing unavailable and return 320.0 / 1.0
00:24 +957 -6: /Users/lute/project/momcozy-lab/app/test/features/media/media_design_test.dart: media missing unavailable and return 320.0 / 1.0
00:24 +958 -6: /Users/lute/project/momcozy-lab/app/test/features/media/media_design_test.dart: media missing unavailable and return 320.0 / 1.0
00:24 +959 -6: /Users/lute/project/momcozy-lab/app/test/features/media/media_design_test.dart: media missing unavailable and return 320.0 / 1.0
00:24 +960 -6: /Users/lute/project/momcozy-lab/app/test/features/media/media_design_test.dart: media missing unavailable and return 320.0 / 1.0
00:24 +961 -6: /Users/lute/project/momcozy-lab/app/test/features/media/media_design_test.dart: media missing unavailable and return 320.0 / 1.0
00:24 +962 -6: /Users/lute/project/momcozy-lab/app/test/features/media/media_design_test.dart: media missing unavailable and return 320.0 / 1.0
00:24 +963 -6: /Users/lute/project/momcozy-lab/app/test/features/media/media_design_test.dart: media missing unavailable and return 320.0 / 1.0
00:24 +964 -6: /Users/lute/project/momcozy-lab/app/test/features/media/media_design_test.dart: media missing unavailable and return 320.0 / 1.0
00:24 +965 -6: /Users/lute/project/momcozy-lab/app/test/features/media/media_design_test.dart: media missing unavailable and return 320.0 / 1.0
00:24 +966 -6: /Users/lute/project/momcozy-lab/app/test/features/media/media_design_test.dart: media missing unavailable and return 320.0 / 1.0
00:24 +967 -6: /Users/lute/project/momcozy-lab/app/test/features/media/media_design_test.dart: media missing unavailable and return 320.0 / 1.0
00:24 +968 -6: /Users/lute/project/momcozy-lab/app/test/features/media/media_design_test.dart: media missing unavailable and return 320.0 / 1.0
00:24 +969 -6: /Users/lute/project/momcozy-lab/app/test/features/media/media_design_test.dart: media missing unavailable and return 320.0 / 1.0
00:24 +970 -6: /Users/lute/project/momcozy-lab/app/test/features/media/media_design_test.dart: media missing unavailable and return 320.0 / 1.0
00:24 +971 -6: /Users/lute/project/momcozy-lab/app/test/features/media/media_design_test.dart: media missing unavailable and return 320.0 / 1.0
00:24 +972 -6: /Users/lute/project/momcozy-lab/app/test/features/media/media_design_test.dart: media missing unavailable and return 320.0 / 1.0
00:24 +973 -6: /Users/lute/project/momcozy-lab/app/test/features/media/media_design_test.dart: media missing unavailable and return 320.0 / 1.0
00:24 +974 -6: /Users/lute/project/momcozy-lab/app/test/features/media/media_design_test.dart: media missing unavailable and return 320.0 / 1.0
00:24 +975 -6: /Users/lute/project/momcozy-lab/app/test/features/media/media_design_test.dart: media missing unavailable and return 320.0 / 1.0
00:24 +976 -6: /Users/lute/project/momcozy-lab/app/test/features/media/media_design_test.dart: media missing unavailable and return 320.0 / 1.0
00:24 +977 -6: /Users/lute/project/momcozy-lab/app/test/features/media/media_design_test.dart: media missing unavailable and return 320.0 / 1.0
00:24 +978 -6: /Users/lute/project/momcozy-lab/app/test/features/media/media_design_test.dart: media missing unavailable and return 320.0 / 1.0
00:24 +979 -6: /Users/lute/project/momcozy-lab/app/test/features/media/media_design_test.dart: media missing unavailable and return 320.0 / 1.0
00:24 +980 -6: /Users/lute/project/momcozy-lab/app/test/features/media/media_design_test.dart: media missing unavailable and return 320.0 / 1.0
00:24 +981 -6: /Users/lute/project/momcozy-lab/app/test/features/media/media_design_test.dart: media missing unavailable and return 320.0 / 1.0
00:24 +982 -6: /Users/lute/project/momcozy-lab/app/test/features/media/media_design_test.dart: media missing unavailable and return 320.0 / 1.0
00:24 +983 -6: /Users/lute/project/momcozy-lab/app/test/features/media/media_design_test.dart: media missing unavailable and return 320.0 / 1.0
00:24 +984 -6: /Users/lute/project/momcozy-lab/app/test/features/media/media_design_test.dart: media missing unavailable and return 320.0 / 1.0
00:24 +985 -6: /Users/lute/project/momcozy-lab/app/test/features/onboarding/onboarding_design_test.dart: onboarding profile forms at 390.0 / 1.0
00:24 +986 -6: /Users/lute/project/momcozy-lab/app/test/features/onboarding/onboarding_design_test.dart: onboarding profile forms at 390.0 / 1.0
00:24 +987 -6: /Users/lute/project/momcozy-lab/app/test/features/onboarding/onboarding_design_test.dart: onboarding profile forms at 390.0 / 1.0
00:24 +988 -6: /Users/lute/project/momcozy-lab/app/test/features/onboarding/onboarding_design_test.dart: onboarding profile forms at 390.0 / 1.0
00:24 +989 -6: /Users/lute/project/momcozy-lab/app/test/features/onboarding/onboarding_design_test.dart: onboarding profile forms at 390.0 / 1.0
00:24 +990 -6: /Users/lute/project/momcozy-lab/app/test/features/onboarding/onboarding_design_test.dart: onboarding profile forms at 390.0 / 1.0
00:24 +991 -6: /Users/lute/project/momcozy-lab/app/test/features/onboarding/onboarding_design_test.dart: onboarding profile forms at 390.0 / 1.0
00:24 +992 -6: /Users/lute/project/momcozy-lab/app/test/features/onboarding/onboarding_design_test.dart: onboarding profile forms at 390.0 / 1.0
00:24 +993 -6: /Users/lute/project/momcozy-lab/app/test/features/onboarding/onboarding_design_test.dart: onboarding profile forms at 390.0 / 1.0
00:24 +994 -6: /Users/lute/project/momcozy-lab/app/test/features/onboarding/onboarding_design_test.dart: onboarding profile forms at 390.0 / 1.0
00:24 +995 -6: /Users/lute/project/momcozy-lab/app/test/shared/date_time_picker_test.dart: large 12-hour picker preserves midnight and noon
00:24 +996 -6: /Users/lute/project/momcozy-lab/app/test/shared/date_time_picker_test.dart: large 12-hour picker preserves midnight and noon
00:24 +997 -6: /Users/lute/project/momcozy-lab/app/test/shared/date_time_picker_test.dart: large 12-hour picker preserves midnight and noon
00:24 +998 -6: /Users/lute/project/momcozy-lab/app/test/shared/date_time_picker_test.dart: large 12-hour picker preserves midnight and noon
00:24 +999 -6: /Users/lute/project/momcozy-lab/app/test/shared/date_time_picker_test.dart: large 12-hour picker preserves midnight and noon
00:25 +1000 -6: /Users/lute/project/momcozy-lab/app/test/shared/date_time_picker_test.dart: large 12-hour picker preserves midnight and noon
00:25 +1001 -6: /Users/lute/project/momcozy-lab/app/test/shared/date_time_picker_test.dart: large 12-hour picker preserves midnight and noon
00:25 +1002 -6: /Users/lute/project/momcozy-lab/app/test/shared/date_time_picker_test.dart: large 12-hour picker preserves midnight and noon
00:25 +1003 -6: /Users/lute/project/momcozy-lab/app/test/shared/date_time_picker_test.dart: large 12-hour picker preserves midnight and noon
00:25 +1004 -6: /Users/lute/project/momcozy-lab/app/test/shared/date_time_picker_test.dart: large 12-hour picker preserves midnight and noon
00:25 +1005 -6: /Users/lute/project/momcozy-lab/app/test/shared/date_time_picker_test.dart: large 12-hour picker preserves midnight and noon
00:25 +1006 -6: /Users/lute/project/momcozy-lab/app/test/shared/date_time_picker_test.dart: large 12-hour picker preserves midnight and noon
00:25 +1007 -6: /Users/lute/project/momcozy-lab/app/test/shared/date_time_picker_test.dart: large 12-hour picker preserves midnight and noon
00:25 +1008 -6: /Users/lute/project/momcozy-lab/app/test/features/onboarding/onboarding_design_test.dart: onboarding avatar review at 390.0 / 1.0
00:25 +1009 -6: /Users/lute/project/momcozy-lab/app/test/shared/product_feedback_test.dart: loading has a single accessible status when label is omitted
00:25 +1010 -6: /Users/lute/project/momcozy-lab/app/test/shared/product_feedback_test.dart: loading has a single accessible status when label is omitted
00:25 +1011 -6: /Users/lute/project/momcozy-lab/app/test/shared/product_feedback_test.dart: loading has a single accessible status when label is omitted
00:25 +1012 -6: /Users/lute/project/momcozy-lab/app/test/shared/product_feedback_test.dart: loading has a single accessible status when label is omitted
00:25 +1013 -6: /Users/lute/project/momcozy-lab/app/test/shared/product_feedback_test.dart: loading has a single accessible status when label is omitted
00:25 +1014 -6: /Users/lute/project/momcozy-lab/app/test/shared/product_feedback_test.dart: loading has a single accessible status when label is omitted
00:25 +1015 -6: /Users/lute/project/momcozy-lab/app/test/shared/product_feedback_test.dart: loading has a single accessible status when label is omitted
00:25 +1016 -6: /Users/lute/project/momcozy-lab/app/test/shared/date_time_picker_test.dart: large picker bounds, locale and time validation en_US
00:25 +1017 -6: /Users/lute/project/momcozy-lab/app/test/shared/route_motion_test.dart: TargetPlatform.android route motion reduced=false
00:25 +1018 -6: /Users/lute/project/momcozy-lab/app/test/shared/route_motion_test.dart: TargetPlatform.android route motion reduced=false
00:25 +1019 -6: /Users/lute/project/momcozy-lab/app/test/shared/route_motion_test.dart: TargetPlatform.android route motion reduced=false
00:25 +1020 -6: /Users/lute/project/momcozy-lab/app/test/shared/route_motion_test.dart: TargetPlatform.android route motion reduced=false
00:25 +1021 -6: /Users/lute/project/momcozy-lab/app/test/shared/route_motion_test.dart: TargetPlatform.android route motion reduced=false
00:25 +1022 -6: /Users/lute/project/momcozy-lab/app/test/shared/me_components_test.dart: shared Me surfaces and controls at 320.0 / 1.0
00:25 +1023 -6: /Users/lute/project/momcozy-lab/app/test/shared/me_components_test.dart: shared Me surfaces and controls at 320.0 / 1.0
00:25 +1024 -6: /Users/lute/project/momcozy-lab/app/test/shared/me_components_test.dart: shared Me surfaces and controls at 320.0 / 1.0
00:25 +1025 -6: /Users/lute/project/momcozy-lab/app/test/shared/me_components_test.dart: shared Me surfaces and controls at 320.0 / 1.0
00:25 +1026 -6: /Users/lute/project/momcozy-lab/app/test/shared/me_components_test.dart: shared Me surfaces and controls at 320.0 / 1.0
00:25 +1027 -6: /Users/lute/project/momcozy-lab/app/test/shared/me_components_test.dart: shared Me surfaces and controls at 320.0 / 1.0
00:25 +1028 -6: /Users/lute/project/momcozy-lab/app/test/shared/me_components_test.dart: shared Me surfaces and controls at 320.0 / 1.0
00:25 +1029 -6: /Users/lute/project/momcozy-lab/app/test/shared/me_components_test.dart: shared Me surfaces and controls at 320.0 / 1.0
00:25 +1030 -6: /Users/lute/project/momcozy-lab/app/test/shared/me_components_test.dart: shared Me surfaces and controls at 320.0 / 1.0
00:25 +1031 -6: /Users/lute/project/momcozy-lab/app/test/shared/me_components_test.dart: shared Me surfaces and controls at 320.0 / 1.0
00:25 +1032 -6: /Users/lute/project/momcozy-lab/app/test/shared/me_components_test.dart: shared Me surfaces and controls at 320.0 / 1.0
00:25 +1033 -6: /Users/lute/project/momcozy-lab/app/test/shared/knowledge_article_design_test.dart: knowledge mom at 320.0 / 1.0
00:25 +1034 -6: /Users/lute/project/momcozy-lab/app/test/shared/knowledge_article_design_test.dart: knowledge mom at 320.0 / 1.0
00:25 +1035 -6: /Users/lute/project/momcozy-lab/app/test/shared/knowledge_article_design_test.dart: knowledge mom at 320.0 / 1.0
00:25 +1036 -6: /Users/lute/project/momcozy-lab/app/test/shared/product_feedback_test.dart: feedback layout and retry callbacks 320.0/1.0
00:25 +1037 -6: /Users/lute/project/momcozy-lab/app/test/shared/product_feedback_test.dart: feedback layout and retry callbacks 320.0/1.0
00:25 +1038 -6: /Users/lute/project/momcozy-lab/app/test/shared/product_feedback_test.dart: feedback layout and retry callbacks 320.0/1.0
00:25 +1039 -6: /Users/lute/project/momcozy-lab/app/test/shared/product_feedback_test.dart: feedback layout and retry callbacks 320.0/1.0
00:25 +1040 -6: /Users/lute/project/momcozy-lab/app/test/shared/product_feedback_test.dart: feedback layout and retry callbacks 320.0/1.0
00:25 +1041 -6: /Users/lute/project/momcozy-lab/app/test/shared/product_feedback_test.dart: feedback layout and retry callbacks 320.0/1.0
00:26 +1042 -6: /Users/lute/project/momcozy-lab/app/test/shared/product_feedback_test.dart: feedback layout and retry callbacks 320.0/1.0
00:26 +1043 -6: /Users/lute/project/momcozy-lab/app/test/shared/date_time_picker_test.dart: date and time dialogs settle without elapsed motion
00:26 +1044 -6: /Users/lute/project/momcozy-lab/app/test/shared/date_time_picker_test.dart: date and time dialogs settle without elapsed motion
00:26 +1045 -6: /Users/lute/project/momcozy-lab/app/test/shared/date_time_picker_test.dart: date and time dialogs settle without elapsed motion
00:26 +1046 -6: /Users/lute/project/momcozy-lab/app/test/shared/route_motion_test.dart: language sheet opens fully without elapsed animation
00:26 +1047 -6: /Users/lute/project/momcozy-lab/app/test/features/onboarding/onboarding_design_test.dart: onboarding avatar failed at 390.0 / 2.0
00:26 +1048 -6: /Users/lute/project/momcozy-lab/app/test/shared/me_components_test.dart: shared Me surfaces and controls at 390.0 / 2.0
00:26 +1049 -6: /Users/lute/project/momcozy-lab/app/test/shared/me_components_test.dart: shared Me surfaces and controls at 390.0 / 2.0
00:26 +1050 -6: /Users/lute/project/momcozy-lab/app/test/shared/product_feedback_test.dart: feedback layout and retry callbacks 320.0/2.0
00:26 +1051 -6: /Users/lute/project/momcozy-lab/app/test/shared/product_feedback_test.dart: feedback layout and retry callbacks 320.0/2.0
00:26 +1052 -6: /Users/lute/project/momcozy-lab/app/test/shared/product_feedback_test.dart: feedback layout and retry callbacks 320.0/2.0
00:26 +1053 -6: /Users/lute/project/momcozy-lab/app/test/shared/product_feedback_test.dart: feedback layout and retry callbacks 320.0/2.0
00:26 +1054 -6: /Users/lute/project/momcozy-lab/app/test/shared/product_feedback_test.dart: feedback layout and retry callbacks 320.0/2.0
00:26 +1055 -6: /Users/lute/project/momcozy-lab/app/test/shared/product_feedback_test.dart: feedback layout and retry callbacks 320.0/2.0
00:26 +1056 -6: /Users/lute/project/momcozy-lab/app/test/shared/product_feedback_test.dart: feedback layout and retry callbacks 320.0/2.0
00:26 +1057 -6: /Users/lute/project/momcozy-lab/app/test/shared/product_feedback_test.dart: feedback layout and retry callbacks 320.0/2.0
00:26 +1058 -6: /Users/lute/project/momcozy-lab/app/test/features/onboarding/onboarding_design_test.dart: onboarding profile forms at 430.0 / 1.0
00:26 +1059 -6: /Users/lute/project/momcozy-lab/app/test/features/onboarding/onboarding_design_test.dart: onboarding profile forms at 430.0 / 1.0
00:26 +1060 -6: /Users/lute/project/momcozy-lab/app/test/features/onboarding/onboarding_design_test.dart: onboarding profile forms at 430.0 / 1.0
00:26 +1061 -6: /Users/lute/project/momcozy-lab/app/test/features/onboarding/onboarding_design_test.dart: onboarding profile forms at 430.0 / 1.0
00:26 +1062 -6: /Users/lute/project/momcozy-lab/app/test/features/onboarding/onboarding_design_test.dart: onboarding profile forms at 430.0 / 1.0
00:26 +1063 -6: /Users/lute/project/momcozy-lab/app/test/features/onboarding/onboarding_design_test.dart: onboarding profile forms at 430.0 / 1.0
00:26 +1064 -6: /Users/lute/project/momcozy-lab/app/test/features/onboarding/onboarding_design_test.dart: onboarding profile forms at 430.0 / 1.0
00:26 +1065 -6: /Users/lute/project/momcozy-lab/app/test/shared/product_feedback_test.dart: feedback layout and retry callbacks 390.0/1.0
00:26 +1066 -6: /Users/lute/project/momcozy-lab/app/test/shared/product_feedback_test.dart: feedback layout and retry callbacks 390.0/1.0
00:26 +1067 -6: /Users/lute/project/momcozy-lab/app/test/shared/knowledge_article_design_test.dart: knowledge baby at 320.0 / 1.0
00:26 +1068 -6: /Users/lute/project/momcozy-lab/app/test/shared/knowledge_article_design_test.dart: knowledge baby at 320.0 / 1.0
00:26 +1069 -6: /Users/lute/project/momcozy-lab/app/test/shared/knowledge_article_design_test.dart: knowledge baby at 320.0 / 1.0
00:26 +1070 -6: /Users/lute/project/momcozy-lab/app/test/shared/product_feedback_test.dart: feedback layout and retry callbacks 390.0/2.0
00:26 +1071 -6: /Users/lute/project/momcozy-lab/app/test/shared/product_feedback_test.dart: feedback layout and retry callbacks 390.0/2.0
00:26 +1072 -6: /Users/lute/project/momcozy-lab/app/test/shared/product_feedback_test.dart: feedback layout and retry callbacks 390.0/2.0
00:26 +1073 -6: /Users/lute/project/momcozy-lab/app/test/shared/product_feedback_test.dart: feedback layout and retry callbacks 390.0/2.0
00:26 +1074 -6: /Users/lute/project/momcozy-lab/app/test/shared/product_feedback_test.dart: feedback layout and retry callbacks 390.0/2.0
00:26 +1075 -6: /Users/lute/project/momcozy-lab/app/test/shared/product_feedback_test.dart: feedback layout and retry callbacks 390.0/2.0
00:26 +1076 -6: /Users/lute/project/momcozy-lab/app/test/shared/product_feedback_test.dart: feedback layout and retry callbacks 390.0/2.0
00:26 +1077 -6: /Users/lute/project/momcozy-lab/app/test/features/media/media_design_test.dart: PDF loading failure retry and return 430.0 / 2.0
00:26 +1078 -6: /Users/lute/project/momcozy-lab/app/test/features/onboarding/onboarding_design_test.dart: onboarding avatar required at 430.0 / 1.0
00:26 +1079 -6: /Users/lute/project/momcozy-lab/app/test/features/onboarding/onboarding_design_test.dart: onboarding avatar required at 430.0 / 1.0
00:26 +1080 -6: /Users/lute/project/momcozy-lab/app/test/features/onboarding/onboarding_design_test.dart: onboarding avatar required at 430.0 / 1.0
00:26 +1081 -6: /Users/lute/project/momcozy-lab/app/test/shared/product_feedback_test.dart: feedback layout and retry callbacks 430.0/1.0
00:26 +1082 -6: /Users/lute/project/momcozy-lab/app/test/shared/product_feedback_test.dart: feedback layout and retry callbacks 430.0/1.0
00:26 +1083 -6: /Users/lute/project/momcozy-lab/app/test/shared/product_feedback_test.dart: feedback layout and retry callbacks 430.0/1.0
00:26 +1084 -6: /Users/lute/project/momcozy-lab/app/test/shared/product_feedback_test.dart: feedback layout and retry callbacks 430.0/1.0
00:26 +1085 -6: /Users/lute/project/momcozy-lab/app/test/shared/product_feedback_test.dart: feedback layout and retry callbacks 430.0/1.0
00:26 +1086 -6: /Users/lute/project/momcozy-lab/app/test/shared/product_feedback_test.dart: feedback layout and retry callbacks 430.0/1.0
00:26 +1087 -6: /Users/lute/project/momcozy-lab/app/test/shared/product_feedback_test.dart: feedback layout and retry callbacks 430.0/1.0
00:26 +1088 -6: /Users/lute/project/momcozy-lab/app/test/features/onboarding/onboarding_design_test.dart: onboarding avatar review at 430.0 / 1.0
00:26 +1089 -6: /Users/lute/project/momcozy-lab/app/test/features/onboarding/onboarding_design_test.dart: onboarding avatar review at 430.0 / 1.0
00:26 +1090 -6: /Users/lute/project/momcozy-lab/app/test/features/onboarding/onboarding_design_test.dart: onboarding avatar review at 430.0 / 1.0
00:26 +1091 -6: /Users/lute/project/momcozy-lab/app/test/shared/product_feedback_test.dart: feedback layout and retry callbacks 430.0/2.0
00:26 +1092 -6: /Users/lute/project/momcozy-lab/app/test/shared/product_feedback_test.dart: feedback layout and retry callbacks 430.0/2.0
00:27 +1093 -6: /Users/lute/project/momcozy-lab/app/test/shared/choice_field_test.dart: exclusive selection and toggling work with chips
00:27 +1094 -6: /Users/lute/project/momcozy-lab/app/test/shared/choice_field_test.dart: exclusive selection and toggling work with chips
00:27 +1095 -6: /Users/lute/project/momcozy-lab/app/test/shared/choice_field_test.dart: exclusive selection and toggling work with chips
00:27 +1096 -6: /Users/lute/project/momcozy-lab/app/test/shared/choice_field_test.dart: exclusive selection and toggling work with chips
00:27 +1097 -6: /Users/lute/project/momcozy-lab/app/test/shared/input_confirmation_test.dart: large input and confirmation remain usable above a keyboard
00:27 +1098 -6: /Users/lute/project/momcozy-lab/app/test/shared/input_confirmation_test.dart: large input and confirmation remain usable above a keyboard
00:27 +1099 -6: /Users/lute/project/momcozy-lab/app/test/shared/input_confirmation_test.dart: large input and confirmation remain usable above a keyboard
00:27 +1100 -6: /Users/lute/project/momcozy-lab/app/test/shared/input_confirmation_test.dart: large input and confirmation remain usable above a keyboard
00:27 +1101 -6: /Users/lute/project/momcozy-lab/app/test/shared/input_confirmation_test.dart: large input and confirmation remain usable above a keyboard
00:27 +1102 -6: /Users/lute/project/momcozy-lab/app/test/shared/input_confirmation_test.dart: large input and confirmation remain usable above a keyboard
00:27 +1103 -6: /Users/lute/project/momcozy-lab/app/test/shared/input_confirmation_test.dart: large input and confirmation remain usable above a keyboard
00:27 +1104 -6: /Users/lute/project/momcozy-lab/app/test/shared/input_confirmation_test.dart: large input and confirmation remain usable above a keyboard
00:27 +1105 -6: /Users/lute/project/momcozy-lab/app/test/shared/input_confirmation_test.dart: large input and confirmation remain usable above a keyboard
00:27 +1106 -6: /Users/lute/project/momcozy-lab/app/test/shared/input_confirmation_test.dart: large input and confirmation remain usable above a keyboard
00:27 +1107 -6: /Users/lute/project/momcozy-lab/app/test/shared/input_confirmation_test.dart: large input and confirmation remain usable above a keyboard
00:27 +1108 -6: /Users/lute/project/momcozy-lab/app/test/shared/input_confirmation_test.dart: large input and confirmation remain usable above a keyboard
00:27 +1109 -6: /Users/lute/project/momcozy-lab/app/test/shared/input_confirmation_test.dart: large input and confirmation remain usable above a keyboard
00:27 +1110 -6: /Users/lute/project/momcozy-lab/app/test/shared/input_confirmation_test.dart: large input and confirmation remain usable above a keyboard
00:27 +1111 -6: /Users/lute/project/momcozy-lab/app/test/shared/input_confirmation_test.dart: large input and confirmation remain usable above a keyboard
00:28 +1112 -6: /Users/lute/project/momcozy-lab/app/test/shared/input_confirmation_test.dart: large input and confirmation remain usable above a keyboard
00:28 +1113 -6: /Users/lute/project/momcozy-lab/app/test/modules/schedule/schedule_page_golden_test.dart: task menu writes progress with the current version at 320.0/1.0
00:28 +1114 -6: /Users/lute/project/momcozy-lab/app/test/modules/schedule/schedule_page_golden_test.dart: task menu writes progress with the current version at 320.0/1.0
00:28 +1115 -6: /Users/lute/project/momcozy-lab/app/test/modules/schedule/schedule_page_golden_test.dart: task menu writes progress with the current version at 320.0/1.0
00:28 +1116 -6: /Users/lute/project/momcozy-lab/app/test/modules/schedule/schedule_page_golden_test.dart: task menu writes progress with the current version at 320.0/1.0
00:28 +1117 -6: /Users/lute/project/momcozy-lab/app/test/modules/schedule/schedule_page_golden_test.dart: task menu writes progress with the current version at 320.0/1.0
00:28 +1118 -6: /Users/lute/project/momcozy-lab/app/test/modules/schedule/schedule_page_golden_test.dart: task menu writes progress with the current version at 320.0/1.0
00:28 +1119 -6: /Users/lute/project/momcozy-lab/app/test/modules/schedule/schedule_page_golden_test.dart: task menu writes progress with the current version at 320.0/1.0
00:28 +1120 -6: /Users/lute/project/momcozy-lab/app/test/modules/schedule/schedule_page_golden_test.dart: task menu writes progress with the current version at 320.0/1.0
00:28 +1121 -6: /Users/lute/project/momcozy-lab/app/test/shared/input_confirmation_test.dart: inputs and discard 320 at 1.0x
00:28 +1122 -6: /Users/lute/project/momcozy-lab/app/test/modules/schedule/personal_schedule_editor_test.dart: personal schedule create edit delete at 320.0/1.0
00:29 +1123 -6: /Users/lute/project/momcozy-lab/app/test/modules/schedule/personal_schedule_editor_test.dart: personal schedule create edit delete at 320.0/1.0
00:29 +1124 -6: /Users/lute/project/momcozy-lab/app/test/modules/schedule/personal_schedule_editor_test.dart: personal schedule create edit delete at 320.0/1.0
00:29 +1125 -6: /Users/lute/project/momcozy-lab/app/test/modules/schedule/personal_schedule_editor_test.dart: personal schedule create edit delete at 320.0/1.0
00:29 +1126 -6: /Users/lute/project/momcozy-lab/app/test/modules/schedule/personal_schedule_editor_test.dart: personal schedule create edit delete at 320.0/1.0
00:29 +1127 -6: /Users/lute/project/momcozy-lab/app/test/modules/schedule/personal_schedule_editor_test.dart: personal schedule create edit delete at 320.0/1.0
00:29 +1128 -6: /Users/lute/project/momcozy-lab/app/test/modules/schedule/personal_schedule_editor_test.dart: personal schedule create edit delete at 320.0/1.0
00:29 +1129 -6: /Users/lute/project/momcozy-lab/app/test/modules/schedule/personal_schedule_editor_test.dart: personal schedule create edit delete at 320.0/1.0
00:29 +1130 -6: /Users/lute/project/momcozy-lab/app/test/modules/schedule/personal_schedule_editor_test.dart: personal schedule create edit delete at 320.0/1.0
00:29 +1131 -6: /Users/lute/project/momcozy-lab/app/test/modules/schedule/personal_schedule_editor_test.dart: personal schedule create edit delete at 320.0/1.0
00:29 +1132 -6: /Users/lute/project/momcozy-lab/app/test/modules/schedule/personal_schedule_editor_test.dart: personal schedule create edit delete at 320.0/1.0
00:29 +1133 -6: /Users/lute/project/momcozy-lab/app/test/modules/schedule/personal_schedule_editor_test.dart: personal schedule create edit delete at 320.0/1.0
00:29 +1134 -6: /Users/lute/project/momcozy-lab/app/test/modules/schedule/personal_schedule_editor_test.dart: personal schedule create edit delete at 320.0/1.0
00:29 +1135 -6: /Users/lute/project/momcozy-lab/app/test/modules/schedule/personal_schedule_editor_test.dart: personal schedule create edit delete at 320.0/1.0
00:29 +1136 -6: /Users/lute/project/momcozy-lab/app/test/modules/schedule/personal_schedule_editor_test.dart: personal schedule create edit delete at 320.0/1.0
00:29 +1137 -6: /Users/lute/project/momcozy-lab/app/test/modules/schedule/personal_schedule_editor_test.dart: personal schedule create edit delete at 320.0/1.0
00:29 +1138 -6: /Users/lute/project/momcozy-lab/app/test/modules/schedule/personal_schedule_editor_test.dart: personal schedule create edit delete at 320.0/1.0
00:29 +1139 -6: /Users/lute/project/momcozy-lab/app/test/modules/schedule/personal_schedule_editor_test.dart: personal schedule create edit delete at 320.0/1.0
00:29 +1140 -6: /Users/lute/project/momcozy-lab/app/test/modules/schedule/personal_schedule_editor_test.dart: personal schedule create edit delete at 320.0/1.0
00:29 +1141 -6: /Users/lute/project/momcozy-lab/app/test/modules/schedule/personal_schedule_editor_test.dart: personal schedule create edit delete at 320.0/1.0
00:29 +1142 -6: /Users/lute/project/momcozy-lab/app/test/modules/schedule/personal_schedule_editor_test.dart: personal schedule create edit delete at 320.0/1.0
00:29 +1143 -6: /Users/lute/project/momcozy-lab/app/test/modules/schedule/personal_schedule_editor_test.dart: personal schedule create edit delete at 320.0/1.0
00:30 +1144 -6: /Users/lute/project/momcozy-lab/app/test/modules/schedule/personal_schedule_editor_test.dart: personal schedule create edit delete at 320.0/1.0
00:30 +1145 -6: /Users/lute/project/momcozy-lab/app/test/modules/schedule/personal_schedule_editor_test.dart: personal schedule create edit delete at 320.0/1.0
00:30 +1146 -6: /Users/lute/project/momcozy-lab/app/test/modules/schedule/personal_schedule_editor_test.dart: personal schedule create edit delete at 320.0/1.0
00:30 +1147 -6: /Users/lute/project/momcozy-lab/app/test/modules/consultation/consultation_preparation_test.dart: preparation time and requirements 320.0 / 1.0
00:30 +1148 -6: /Users/lute/project/momcozy-lab/app/test/modules/consultation/consultation_preparation_test.dart: preparation time and requirements 320.0 / 1.0
00:30 +1149 -6: /Users/lute/project/momcozy-lab/app/test/modules/consultation/consultation_preparation_test.dart: preparation time and requirements 320.0 / 1.0
00:30 +1150 -6: /Users/lute/project/momcozy-lab/app/test/modules/consultation/consultation_preparation_test.dart: preparation time and requirements 320.0 / 1.0
00:30 +1151 -6: /Users/lute/project/momcozy-lab/app/test/modules/consultation/consultation_preparation_test.dart: preparation time and requirements 320.0 / 1.0
00:30 +1152 -6: /Users/lute/project/momcozy-lab/app/test/modules/consultation/consultation_preparation_test.dart: preparation time and requirements 320.0 / 1.0
00:30 +1153 -6: /Users/lute/project/momcozy-lab/app/test/modules/consultation/consultation_preparation_test.dart: preparation time and requirements 320.0 / 1.0
00:30 +1154 -6: /Users/lute/project/momcozy-lab/app/test/modules/consultation/consultation_preparation_test.dart: preparation time and requirements 320.0 / 1.0
00:30 +1155 -6: /Users/lute/project/momcozy-lab/app/test/modules/consultation/consultation_preparation_test.dart: preparation time and requirements 320.0 / 1.0
00:30 +1156 -6: /Users/lute/project/momcozy-lab/app/test/shared/input_confirmation_test.dart: inputs and discard 390 at 2.0x
00:30 +1157 -6: /Users/lute/project/momcozy-lab/app/test/shared/input_confirmation_test.dart: inputs and discard 390 at 2.0x
00:30 +1158 -6: /Users/lute/project/momcozy-lab/app/test/modules/schedule/personal_schedule_editor_test.dart: personal schedule create edit delete at 320.0/2.0
00:30 +1159 -6: /Users/lute/project/momcozy-lab/app/test/modules/schedule/personal_schedule_editor_test.dart: personal schedule create edit delete at 320.0/2.0
00:30 +1160 -6: /Users/lute/project/momcozy-lab/app/test/modules/schedule/personal_schedule_editor_test.dart: personal schedule create edit delete at 320.0/2.0
00:30 +1161 -6: /Users/lute/project/momcozy-lab/app/test/modules/schedule/personal_schedule_editor_test.dart: personal schedule create edit delete at 320.0/2.0
00:30 +1162 -6: /Users/lute/project/momcozy-lab/app/test/modules/schedule/personal_schedule_editor_test.dart: personal schedule create edit delete at 320.0/2.0
00:30 +1163 -6: /Users/lute/project/momcozy-lab/app/test/modules/schedule/personal_schedule_editor_test.dart: personal schedule create edit delete at 320.0/2.0
00:30 +1164 -6: /Users/lute/project/momcozy-lab/app/test/modules/consultation/consultation_preparation_test.dart: preparation time and requirements 320.0 / 2.0
00:30 +1165 -6: /Users/lute/project/momcozy-lab/app/test/modules/consultation/consultation_preparation_test.dart: preparation time and requirements 320.0 / 2.0
00:30 +1166 -6: /Users/lute/project/momcozy-lab/app/test/modules/consultation/consultation_preparation_test.dart: preparation time and requirements 320.0 / 2.0
00:30 +1167 -6: /Users/lute/project/momcozy-lab/app/test/modules/consultation/consultation_preparation_test.dart: preparation time and requirements 320.0 / 2.0
00:30 +1168 -6: /Users/lute/project/momcozy-lab/app/test/modules/consultation/consultation_preparation_test.dart: preparation time and requirements 320.0 / 2.0
00:31 +1169 -6: /Users/lute/project/momcozy-lab/app/test/modules/consultation/consultation_preparation_test.dart: preparation time and requirements 320.0 / 2.0
00:31 +1170 -6: /Users/lute/project/momcozy-lab/app/test/modules/consultation/consultation_preparation_test.dart: preparation time and requirements 320.0 / 2.0
00:31 +1171 -6: /Users/lute/project/momcozy-lab/app/test/shared/input_confirmation_test.dart: inputs and discard 430 at 1.0x
00:31 +1172 -6: /Users/lute/project/momcozy-lab/app/test/modules/consultation/device_check_test.dart: opening the device dialog requests once and releases tracks after the check
00:31 +1173 -6: /Users/lute/project/momcozy-lab/app/test/modules/consultation/device_check_test.dart: opening the device dialog requests once and releases tracks after the check
00:31 +1174 -6: /Users/lute/project/momcozy-lab/app/test/modules/consultation/device_check_test.dart: opening the device dialog requests once and releases tracks after the check
00:31 +1175 -6: /Users/lute/project/momcozy-lab/app/test/modules/schedule/personal_schedule_editor_test.dart: personal schedule create edit delete at 390.0/1.0
00:31 +1176 -6: /Users/lute/project/momcozy-lab/app/test/modules/schedule/personal_schedule_editor_test.dart: personal schedule create edit delete at 390.0/1.0
00:31 +1177 -6: /Users/lute/project/momcozy-lab/app/test/modules/consultation/consultation_preparation_test.dart: preparation time and requirements 390.0 / 1.0
00:31 +1178 -6: /Users/lute/project/momcozy-lab/app/test/modules/consultation/consultation_preparation_test.dart: preparation time and requirements 390.0 / 1.0
00:31 +1179 -6: /Users/lute/project/momcozy-lab/app/test/modules/consultation/consultation_preparation_test.dart: preparation time and requirements 390.0 / 1.0
00:31 +1180 -6: /Users/lute/project/momcozy-lab/app/test/shared/input_confirmation_test.dart: inputs and discard 430 at 2.0x
00:31 +1181 -6: /Users/lute/project/momcozy-lab/app/test/modules/schedule/personal_schedule_editor_test.dart: personal schedule create edit delete at 390.0/2.0
00:31 +1182 -6: /Users/lute/project/momcozy-lab/app/test/modules/schedule/personal_schedule_editor_test.dart: personal schedule create edit delete at 390.0/2.0
00:31 +1183 -6: /Users/lute/project/momcozy-lab/app/test/modules/schedule/personal_schedule_editor_test.dart: personal schedule create edit delete at 390.0/2.0
00:31 +1184 -6: /Users/lute/project/momcozy-lab/app/test/modules/schedule/personal_schedule_editor_test.dart: personal schedule create edit delete at 390.0/2.0
00:31 +1185 -6: /Users/lute/project/momcozy-lab/app/test/modules/consultation/consultation_preparation_test.dart: preparation time and requirements 390.0 / 2.0
00:31 +1186 -6: /Users/lute/project/momcozy-lab/app/test/modules/schedule/personal_schedule_editor_test.dart: personal schedule create edit delete at 430.0/1.0
00:32 +1187 -6: /Users/lute/project/momcozy-lab/app/test/modules/schedule/personal_schedule_editor_test.dart: personal schedule create edit delete at 430.0/1.0
00:32 +1188 -6: /Users/lute/project/momcozy-lab/app/test/modules/schedule/personal_schedule_editor_test.dart: personal schedule create edit delete at 430.0/1.0
00:32 +1189 -6: /Users/lute/project/momcozy-lab/app/test/modules/schedule/personal_schedule_editor_test.dart: personal schedule create edit delete at 430.0/1.0
00:32 +1190 -6: /Users/lute/project/momcozy-lab/app/test/modules/schedule/personal_schedule_editor_test.dart: personal schedule create edit delete at 430.0/1.0
00:32 +1191 -6: /Users/lute/project/momcozy-lab/app/test/modules/consultation/consultation_preparation_test.dart: preparation time and requirements 430.0 / 1.0
00:32 +1192 -6: /Users/lute/project/momcozy-lab/app/test/modules/consultation/consultation_preparation_test.dart: preparation time and requirements 430.0 / 1.0
00:32 +1193 -6: /Users/lute/project/momcozy-lab/app/test/modules/consultation/consultation_start_test.dart: device consent region and enter 320.0 / 1.0
00:32 +1194 -6: /Users/lute/project/momcozy-lab/app/test/modules/consultation/consultation_start_test.dart: device consent region and enter 320.0 / 1.0
00:32 +1195 -6: /Users/lute/project/momcozy-lab/app/test/modules/consultation/consultation_start_test.dart: device consent region and enter 320.0 / 1.0
00:32 +1196 -6: /Users/lute/project/momcozy-lab/app/test/modules/consultation/consultation_start_test.dart: device consent region and enter 320.0 / 1.0
00:32 +1197 -6: /Users/lute/project/momcozy-lab/app/test/modules/consultation/consultation_start_test.dart: device consent region and enter 320.0 / 1.0
00:32 +1198 -6: /Users/lute/project/momcozy-lab/app/test/modules/consultation/consultation_start_test.dart: device consent region and enter 320.0 / 1.0
00:32 +1199 -6: /Users/lute/project/momcozy-lab/app/test/modules/consultation/consultation_start_test.dart: device consent region and enter 320.0 / 1.0
00:32 +1200 -6: /Users/lute/project/momcozy-lab/app/test/modules/consultation/consultation_start_test.dart: device consent region and enter 320.0 / 1.0
00:32 +1201 -6: /Users/lute/project/momcozy-lab/app/test/modules/consultation/consultation_start_test.dart: device consent region and enter 320.0 / 1.0
00:32 +1202 -6: /Users/lute/project/momcozy-lab/app/test/modules/consultation/consultation_start_test.dart: device consent region and enter 320.0 / 1.0
00:33 +1203 -6: /Users/lute/project/momcozy-lab/app/test/modules/consultation/consultation_start_test.dart: device consent region and enter 320.0 / 1.0
00:33 +1204 -6: /Users/lute/project/momcozy-lab/app/test/modules/consultation/consultation_start_test.dart: device consent region and enter 320.0 / 1.0
00:33 +1205 -6: /Users/lute/project/momcozy-lab/app/test/modules/consultation/room_leave_recovery_test.dart: leave recovery 320.0 / 1.0
00:33 +1206 -6: /Users/lute/project/momcozy-lab/app/test/modules/consultation/home_consultation_dialog_test.dart: home preparation closes, cancels and enters through existing checks 320.0/1.0
00:33 +1207 -6: /Users/lute/project/momcozy-lab/app/test/modules/consultation/home_consultation_dialog_test.dart: home preparation closes, cancels and enters through existing checks 320.0/1.0
00:33 +1208 -6: /Users/lute/project/momcozy-lab/app/test/modules/consultation/home_consultation_dialog_test.dart: home preparation closes, cancels and enters through existing checks 320.0/1.0
00:33 +1209 -6: /Users/lute/project/momcozy-lab/app/test/modules/consultation/home_consultation_dialog_test.dart: home preparation closes, cancels and enters through existing checks 320.0/1.0
00:33 +1210 -6: /Users/lute/project/momcozy-lab/app/test/modules/consultation/home_consultation_dialog_test.dart: home preparation closes, cancels and enters through existing checks 320.0/1.0
00:33 +1211 -6: /Users/lute/project/momcozy-lab/app/test/modules/consultation/home_consultation_dialog_test.dart: home preparation closes, cancels and enters through existing checks 320.0/1.0
00:33 +1212 -6: /Users/lute/project/momcozy-lab/app/test/modules/consultation/home_consultation_dialog_test.dart: home preparation closes, cancels and enters through existing checks 320.0/1.0
00:33 +1213 -6: /Users/lute/project/momcozy-lab/app/test/modules/consultation/room_outcome_design_test.dart: unsuccessful room outcomes 320.0 / 1.0
00:33 +1214 -6: /Users/lute/project/momcozy-lab/app/test/modules/consultation/room_outcome_design_test.dart: unsuccessful room outcomes 320.0 / 1.0
00:33 +1215 -6: /Users/lute/project/momcozy-lab/app/test/modules/consultation/consultation_start_test.dart: device consent region and enter 320.0 / 2.0
00:33 +1216 -6: /Users/lute/project/momcozy-lab/app/test/modules/consultation/room_leave_recovery_test.dart: leave recovery 390.0 / 2.0
00:33 +1217 -6: /Users/lute/project/momcozy-lab/app/test/modules/consultation/room_leave_recovery_test.dart: leave recovery 390.0 / 2.0
00:33 +1218 -6: /Users/lute/project/momcozy-lab/app/test/modules/consultation/room_leave_recovery_test.dart: leave recovery 390.0 / 2.0
00:33 +1219 -6: /Users/lute/project/momcozy-lab/app/test/modules/consultation/room_leave_recovery_test.dart: leave recovery 390.0 / 2.0
00:33 +1220 -6: /Users/lute/project/momcozy-lab/app/test/modules/consultation/room_leave_recovery_test.dart: leave recovery 390.0 / 2.0
00:33 +1221 -6: /Users/lute/project/momcozy-lab/app/test/modules/consultation/room_leave_recovery_test.dart: leave recovery 390.0 / 2.0
00:33 +1222 -6: /Users/lute/project/momcozy-lab/app/test/modules/consultation/room_leave_recovery_test.dart: leave recovery 390.0 / 2.0
00:33 +1223 -6: /Users/lute/project/momcozy-lab/app/test/modules/consultation/room_leave_recovery_test.dart: leave recovery 390.0 / 2.0
00:33 +1224 -6: /Users/lute/project/momcozy-lab/app/test/modules/consultation/room_leave_recovery_test.dart: leave recovery 390.0 / 2.0
00:33 +1225 -6: /Users/lute/project/momcozy-lab/app/test/modules/consultation/home_consultation_dialog_test.dart: home preparation closes, cancels and enters through existing checks 320.0/2.0
00:33 +1226 -6: /Users/lute/project/momcozy-lab/app/test/modules/consultation/home_consultation_dialog_test.dart: home preparation closes, cancels and enters through existing checks 320.0/2.0
00:33 +1227 -6: /Users/lute/project/momcozy-lab/app/test/modules/consultation/home_consultation_dialog_test.dart: home preparation closes, cancels and enters through existing checks 320.0/2.0
00:33 +1228 -6: /Users/lute/project/momcozy-lab/app/test/modules/consultation/home_consultation_dialog_test.dart: home preparation closes, cancels and enters through existing checks 320.0/2.0
00:33 +1229 -6: /Users/lute/project/momcozy-lab/app/test/modules/consultation/home_consultation_dialog_test.dart: home preparation closes, cancels and enters through existing checks 320.0/2.0
00:33 +1230 -6: /Users/lute/project/momcozy-lab/app/test/modules/consultation/home_consultation_dialog_test.dart: home preparation closes, cancels and enters through existing checks 320.0/2.0
00:34 +1231 -6: /Users/lute/project/momcozy-lab/app/test/modules/consultation/home_consultation_dialog_test.dart: home preparation closes, cancels and enters through existing checks 320.0/2.0
00:34 +1232 -6: /Users/lute/project/momcozy-lab/app/test/modules/consultation/home_consultation_dialog_test.dart: home preparation closes, cancels and enters through existing checks 320.0/2.0
00:34 +1233 -6: /Users/lute/project/momcozy-lab/app/test/modules/consultation/home_consultation_dialog_test.dart: home preparation closes, cancels and enters through existing checks 320.0/2.0
00:34 +1234 -6: /Users/lute/project/momcozy-lab/app/test/modules/consultation/consultation_start_test.dart: device consent region and enter 390.0 / 1.0
00:34 +1235 -6: /Users/lute/project/momcozy-lab/app/test/modules/ibclc/documentation_page_test.dart: professional note editor at 1024.0
00:34 +1236 -6: /Users/lute/project/momcozy-lab/app/test/modules/ibclc/documentation_page_test.dart: professional note editor at 1024.0
00:34 +1237 -6: /Users/lute/project/momcozy-lab/app/test/modules/ibclc/documentation_page_test.dart: professional note editor at 1024.0
00:34 +1238 -6: /Users/lute/project/momcozy-lab/app/test/modules/ibclc/documentation_page_test.dart: professional note editor at 1024.0
00:34 +1239 -6: /Users/lute/project/momcozy-lab/app/test/modules/ibclc/documentation_page_test.dart: professional note editor at 1024.0
00:34 +1240 -6: /Users/lute/project/momcozy-lab/app/test/modules/consultation/home_consultation_dialog_test.dart: home preparation closes, cancels and enters through existing checks 390.0/1.0
00:34 +1241 -6: /Users/lute/project/momcozy-lab/app/test/modules/consultation/home_consultation_dialog_test.dart: home preparation closes, cancels and enters through existing checks 390.0/1.0
00:34 +1242 -6: /Users/lute/project/momcozy-lab/app/test/modules/consultation/home_consultation_dialog_test.dart: home preparation closes, cancels and enters through existing checks 390.0/1.0
00:34 +1243 -6: /Users/lute/project/momcozy-lab/app/test/modules/consultation/home_consultation_dialog_test.dart: home preparation closes, cancels and enters through existing checks 390.0/1.0
00:34 +1244 -6: /Users/lute/project/momcozy-lab/app/test/modules/consultation/home_consultation_dialog_test.dart: home preparation closes, cancels and enters through existing checks 390.0/1.0
00:34 +1245 -6: /Users/lute/project/momcozy-lab/app/test/modules/consultation/home_consultation_dialog_test.dart: home preparation closes, cancels and enters through existing checks 390.0/1.0
00:34 +1246 -6: /Users/lute/project/momcozy-lab/app/test/modules/ibclc/documentation_page_test.dart: professional plan editor at 1024.0
00:34 +1247 -6: /Users/lute/project/momcozy-lab/app/test/modules/consultation/consultation_start_test.dart: device consent region and enter 430.0 / 1.0
00:34 +1248 -6: /Users/lute/project/momcozy-lab/app/test/modules/consultation/consultation_start_test.dart: device consent region and enter 430.0 / 1.0
00:34 +1249 -6: /Users/lute/project/momcozy-lab/app/test/modules/consultation/consultation_start_test.dart: device consent region and enter 430.0 / 1.0
00:34 +1250 -6: /Users/lute/project/momcozy-lab/app/test/modules/consultation/consultation_start_test.dart: device consent region and enter 430.0 / 1.0
00:34 +1251 -6: /Users/lute/project/momcozy-lab/app/test/modules/consultation/consultation_start_test.dart: device consent region and enter 430.0 / 1.0
00:34 +1252 -6: /Users/lute/project/momcozy-lab/app/test/modules/consultation/consultation_start_test.dart: device consent region and enter 430.0 / 1.0
00:34 +1253 -6: /Users/lute/project/momcozy-lab/app/test/modules/consultation/home_consultation_dialog_test.dart: home preparation closes, cancels and enters through existing checks 390.0/2.0
00:34 +1254 -6: /Users/lute/project/momcozy-lab/app/test/modules/consultation/home_consultation_dialog_test.dart: home preparation closes, cancels and enters through existing checks 390.0/2.0
00:34 +1255 -6: /Users/lute/project/momcozy-lab/app/test/modules/consultation/home_consultation_dialog_test.dart: home preparation closes, cancels and enters through existing checks 390.0/2.0
00:34 +1256 -6: /Users/lute/project/momcozy-lab/app/test/modules/consultation/home_consultation_dialog_test.dart: home preparation closes, cancels and enters through existing checks 390.0/2.0
00:34 +1257 -6: /Users/lute/project/momcozy-lab/app/test/modules/consultation/consultation_start_test.dart: device consent region and enter 430.0 / 2.0
00:34 +1258 -6: /Users/lute/project/momcozy-lab/app/test/modules/consultation/consultation_start_test.dart: device consent region and enter 430.0 / 2.0
00:35 +1259 -6: /Users/lute/project/momcozy-lab/app/test/modules/consultation/consultation_start_test.dart: device consent region and enter 430.0 / 2.0
00:35 +1260 -6: /Users/lute/project/momcozy-lab/app/test/modules/consultation/consultation_start_test.dart: device consent region and enter 430.0 / 2.0
00:35 +1261 -6: /Users/lute/project/momcozy-lab/app/test/modules/consultation/consultation_start_test.dart: device consent region and enter 430.0 / 2.0
00:35 +1262 -6: /Users/lute/project/momcozy-lab/app/test/modules/consultation/consultation_start_test.dart: device consent region and enter 430.0 / 2.0
00:35 +1263 -6: /Users/lute/project/momcozy-lab/app/test/modules/consultation/consultation_start_test.dart: device consent region and enter 430.0 / 2.0
00:35 +1264 -6: /Users/lute/project/momcozy-lab/app/test/modules/consultation/consultation_start_test.dart: device consent region and enter 430.0 / 2.0
00:35 +1265 -6: /Users/lute/project/momcozy-lab/app/test/modules/consultation/consultation_start_test.dart: device consent region and enter 430.0 / 2.0
00:35 +1266 -6: /Users/lute/project/momcozy-lab/app/test/modules/consultation/home_consultation_dialog_test.dart: home preparation closes, cancels and enters through existing checks 430.0/1.0
00:35 +1267 -6: /Users/lute/project/momcozy-lab/app/test/modules/consultation/home_consultation_dialog_test.dart: home preparation closes, cancels and enters through existing checks 430.0/1.0
00:35 +1268 -6: /Users/lute/project/momcozy-lab/app/test/modules/consultation/home_consultation_dialog_test.dart: home preparation closes, cancels and enters through existing checks 430.0/1.0
00:35 +1269 -6: /Users/lute/project/momcozy-lab/app/test/modules/consultation/home_consultation_dialog_test.dart: home preparation closes, cancels and enters through existing checks 430.0/1.0
00:35 +1270 -6: /Users/lute/project/momcozy-lab/app/test/modules/consultation/home_consultation_dialog_test.dart: home preparation closes, cancels and enters through existing checks 430.0/1.0
00:35 +1271 -6: /Users/lute/project/momcozy-lab/app/test/modules/consultation/home_consultation_dialog_test.dart: home preparation closes, cancels and enters through existing checks 430.0/1.0
00:35 +1272 -6: /Users/lute/project/momcozy-lab/app/test/modules/consultation/home_consultation_dialog_test.dart: home preparation closes, cancels and enters through existing checks 430.0/1.0
00:35 +1273 -6: /Users/lute/project/momcozy-lab/app/test/modules/consultation/home_consultation_dialog_test.dart: home preparation closes, cancels and enters through existing checks 430.0/1.0
00:35 +1274 -6: /Users/lute/project/momcozy-lab/app/test/modules/consultation/home_consultation_dialog_test.dart: home preparation closes, cancels and enters through existing checks 430.0/1.0
00:35 +1275 -6: /Users/lute/project/momcozy-lab/app/test/modules/ibclc/documentation_page_test.dart: signed note is read-only and amendment requires a reason in a new dialog
00:35 +1276 -6: /Users/lute/project/momcozy-lab/app/test/modules/consultation/consultation_start_test.dart: short screen enlarged text keeps consent and region reachable
00:35 +1277 -6: /Users/lute/project/momcozy-lab/app/test/modules/consultation/home_consultation_dialog_test.dart: home preparation closes, cancels and enters through existing checks 430.0/2.0
00:35 +1278 -6: /Users/lute/project/momcozy-lab/app/test/modules/consultation/home_consultation_dialog_test.dart: home preparation closes, cancels and enters through existing checks 430.0/2.0
00:35 +1279 -6: /Users/lute/project/momcozy-lab/app/test/modules/ibclc/reports_page_test.dart: report detail at 1024.0
00:35 +1280 -6: /Users/lute/project/momcozy-lab/app/test/modules/ibclc/reports_page_test.dart: report detail at 1024.0
00:35 +1281 -6: /Users/lute/project/momcozy-lab/app/test/modules/ibclc/reports_page_test.dart: report detail at 1024.0
00:35 +1282 -6: /Users/lute/project/momcozy-lab/app/test/modules/ibclc/reports_page_test.dart: report detail at 1024.0
00:35 +1283 -6: /Users/lute/project/momcozy-lab/app/test/modules/ibclc/reports_page_test.dart: report detail at 1024.0
00:36 +1284 -6: /Users/lute/project/momcozy-lab/app/test/modules/ibclc/reports_page_test.dart: report detail at 1024.0
00:36 +1285 -6: /Users/lute/project/momcozy-lab/app/test/modules/ibclc/reports_page_test.dart: report detail at 1024.0
00:36 +1286 -6: /Users/lute/project/momcozy-lab/app/test/modules/ibclc/reports_page_test.dart: report detail at 1024.0
00:36 +1287 -6: /Users/lute/project/momcozy-lab/app/test/modules/ibclc/reports_page_test.dart: report detail at 1024.0
00:36 +1288 -6: /Users/lute/project/momcozy-lab/app/test/modules/ibclc/reports_page_test.dart: report detail at 1024.0
00:36 +1289 -6: /Users/lute/project/momcozy-lab/app/test/modules/ibclc/reports_page_test.dart: report detail at 1024.0
00:36 +1290 -6: /Users/lute/project/momcozy-lab/app/test/modules/ibclc/reports_page_test.dart: report detail at 1024.0
00:36 +1291 -6: /Users/lute/project/momcozy-lab/app/test/modules/ibclc/reports_page_test.dart: report detail at 1024.0
00:36 +1292 -6: /Users/lute/project/momcozy-lab/app/test/modules/ibclc/reports_page_test.dart: report detail at 1024.0
00:36 +1293 -6: /Users/lute/project/momcozy-lab/app/test/modules/ibclc/reports_page_test.dart: report detail at 1024.0
00:36 +1294 -6: /Users/lute/project/momcozy-lab/app/test/modules/ibclc/workbench_page_test.dart: independent workbench appointments at 1024.0
00:36 +1295 -6: /Users/lute/project/momcozy-lab/app/test/modules/ibclc/workbench_page_test.dart: independent workbench appointments at 1024.0
00:36 +1296 -6: /Users/lute/project/momcozy-lab/app/test/modules/ibclc/workbench_page_test.dart: independent workbench appointments at 1024.0
00:36 +1297 -6: /Users/lute/project/momcozy-lab/app/test/modules/ibclc/workbench_page_test.dart: independent workbench appointments at 1024.0
00:36 +1298 -6: /Users/lute/project/momcozy-lab/app/test/modules/ibclc/workbench_page_test.dart: independent workbench appointments at 1024.0
00:36 +1299 -6: /Users/lute/project/momcozy-lab/app/test/modules/ibclc/workbench_page_test.dart: independent workbench appointments at 1024.0
00:36 +1300 -6: /Users/lute/project/momcozy-lab/app/test/modules/ibclc/workbench_page_test.dart: independent workbench appointments at 1024.0
00:36 +1301 -6: /Users/lute/project/momcozy-lab/app/test/modules/ibclc/workbench_page_test.dart: independent workbench appointments at 1024.0
00:36 +1302 -6: /Users/lute/project/momcozy-lab/app/test/modules/ibclc/workbench_page_test.dart: independent workbench appointments at 1024.0
00:36 +1303 -6: /Users/lute/project/momcozy-lab/app/test/modules/ibclc/workbench_page_test.dart: independent workbench appointments at 1024.0
00:36 +1304 -6: /Users/lute/project/momcozy-lab/app/test/modules/ibclc/workbench_page_test.dart: independent workbench appointments at 1024.0
00:37 +1305 -6: /Users/lute/project/momcozy-lab/app/test/modules/baby/baby_switcher_design_test.dart: switcher changes the selected baby and opens its profile at 320.0/1.0
00:37 +1306 -6: /Users/lute/project/momcozy-lab/app/test/modules/baby/baby_switcher_design_test.dart: switcher changes the selected baby and opens its profile at 320.0/1.0
00:37 +1307 -6: /Users/lute/project/momcozy-lab/app/test/modules/baby/baby_switcher_design_test.dart: switcher changes the selected baby and opens its profile at 320.0/1.0
00:37 +1308 -6: /Users/lute/project/momcozy-lab/app/test/modules/baby/baby_switcher_design_test.dart: switcher changes the selected baby and opens its profile at 320.0/1.0
00:37 +1309 -6: /Users/lute/project/momcozy-lab/app/test/modules/baby/baby_pages_test.dart: baby home and knowledge scroll with double text at 320.0
00:37 +1310 -6: /Users/lute/project/momcozy-lab/app/test/modules/baby/baby_pages_test.dart: baby home and knowledge scroll with double text at 320.0
00:37 +1311 -6: /Users/lute/project/momcozy-lab/app/test/modules/baby/baby_pages_test.dart: baby home and knowledge scroll with double text at 320.0
00:37 +1312 -6: /Users/lute/project/momcozy-lab/app/test/modules/baby/baby_pages_test.dart: baby home and knowledge scroll with double text at 320.0
00:37 +1313 -6: /Users/lute/project/momcozy-lab/app/test/modules/baby/baby_pages_test.dart: baby home and knowledge scroll with double text at 320.0
00:37 +1314 -6: /Users/lute/project/momcozy-lab/app/test/modules/baby/baby_pages_test.dart: baby home and knowledge scroll with double text at 320.0
00:37 +1315 -6: /Users/lute/project/momcozy-lab/app/test/modules/baby/baby_pages_test.dart: baby home and knowledge scroll with double text at 320.0
00:37 +1316 -6: /Users/lute/project/momcozy-lab/app/test/modules/baby/baby_pages_test.dart: baby home and knowledge scroll with double text at 320.0
00:37 +1317 -6: /Users/lute/project/momcozy-lab/app/test/modules/baby/baby_pages_test.dart: baby home and knowledge scroll with double text at 320.0
00:37 +1318 -6: /Users/lute/project/momcozy-lab/app/test/modules/baby/baby_pages_test.dart: baby home and knowledge scroll with double text at 320.0
00:37 +1319 -6: /Users/lute/project/momcozy-lab/app/test/modules/profile/privacy_test.dart: privacy scopes, revoke confirmation and notifications 390.0/2.0
00:37 +1320 -6: /Users/lute/project/momcozy-lab/app/test/modules/baby/baby_growth_empty_state_test.dart: missing birth growth profile at 320.0/1.0 is actionable without fabricated reference
00:37 +1321 -6: /Users/lute/project/momcozy-lab/app/test/modules/baby/baby_growth_empty_state_test.dart: missing birth growth profile at 320.0/1.0 is actionable without fabricated reference
00:37 +1322 -6: /Users/lute/project/momcozy-lab/app/test/modules/baby/baby_growth_empty_state_test.dart: missing birth growth profile at 320.0/1.0 is actionable without fabricated reference
00:37 +1323 -6: /Users/lute/project/momcozy-lab/app/test/modules/baby/baby_growth_empty_state_test.dart: missing birth growth profile at 320.0/1.0 is actionable without fabricated reference
00:38 +1324 -6: /Users/lute/project/momcozy-lab/app/test/modules/baby/baby_growth_empty_state_test.dart: missing birth growth profile at 320.0/1.0 is actionable without fabricated reference
00:38 +1325 -6: /Users/lute/project/momcozy-lab/app/test/modules/baby/baby_growth_empty_state_test.dart: missing birth growth profile at 320.0/1.0 is actionable without fabricated reference
00:38 +1326 -6: /Users/lute/project/momcozy-lab/app/test/modules/baby/baby_growth_empty_state_test.dart: missing birth growth profile at 320.0/1.0 is actionable without fabricated reference
00:38 +1327 -6: /Users/lute/project/momcozy-lab/app/test/modules/baby/baby_growth_empty_state_test.dart: missing birth growth profile at 320.0/1.0 is actionable without fabricated reference
00:38 +1328 -6: /Users/lute/project/momcozy-lab/app/test/modules/baby/baby_growth_empty_state_test.dart: missing birth growth profile at 320.0/1.0 is actionable without fabricated reference
00:38 +1329 -6: /Users/lute/project/momcozy-lab/app/test/modules/baby/baby_growth_empty_state_test.dart: missing birth growth profile at 320.0/1.0 is actionable without fabricated reference
00:38 +1330 -6: /Users/lute/project/momcozy-lab/app/test/modules/baby/baby_growth_empty_state_test.dart: missing birth growth profile at 320.0/1.0 is actionable without fabricated reference
00:38 +1331 -6: /Users/lute/project/momcozy-lab/app/test/modules/baby/baby_growth_empty_state_test.dart: missing birth growth profile at 320.0/1.0 is actionable without fabricated reference
00:38 +1332 -6: /Users/lute/project/momcozy-lab/app/test/modules/baby/baby_growth_empty_state_test.dart: missing birth growth profile at 320.0/1.0 is actionable without fabricated reference
00:38 +1333 -6: /Users/lute/project/momcozy-lab/app/test/modules/baby/baby_growth_empty_state_test.dart: missing birth growth profile at 320.0/1.0 is actionable without fabricated reference
00:38 +1334 -6: /Users/lute/project/momcozy-lab/app/test/modules/baby/baby_growth_empty_state_test.dart: missing birth growth profile at 320.0/1.0 is actionable without fabricated reference
00:38 +1335 -6: /Users/lute/project/momcozy-lab/app/test/modules/baby/baby_growth_empty_state_test.dart: missing birth growth profile at 320.0/1.0 is actionable without fabricated reference
00:38 +1336 -6: /Users/lute/project/momcozy-lab/app/test/modules/baby/baby_growth_empty_state_test.dart: missing birth growth profile at 320.0/1.0 is actionable without fabricated reference
00:38 +1337 -6: /Users/lute/project/momcozy-lab/app/test/modules/baby/baby_growth_empty_state_test.dart: missing birth growth profile at 320.0/1.0 is actionable without fabricated reference
00:38 +1338 -6: /Users/lute/project/momcozy-lab/app/test/modules/baby/baby_growth_empty_state_test.dart: missing birth growth profile at 320.0/1.0 is actionable without fabricated reference
00:38 +1339 -6: /Users/lute/project/momcozy-lab/app/test/modules/baby/baby_growth_empty_state_test.dart: missing birth growth profile at 320.0/1.0 is actionable without fabricated reference
00:38 +1340 -6: /Users/lute/project/momcozy-lab/app/test/modules/baby/baby_growth_empty_state_test.dart: missing birth growth profile at 320.0/1.0 is actionable without fabricated reference
00:38 +1341 -6: /Users/lute/project/momcozy-lab/app/test/modules/baby/baby_growth_empty_state_test.dart: missing birth growth profile at 320.0/1.0 is actionable without fabricated reference
00:38 +1342 -6: /Users/lute/project/momcozy-lab/app/test/modules/baby/baby_growth_empty_state_test.dart: missing birth growth profile at 320.0/1.0 is actionable without fabricated reference
00:38 +1343 -6: /Users/lute/project/momcozy-lab/app/test/modules/baby/baby_editor_states_test.dart: wet keeps its primary action visible at 320.0/1.0
00:38 +1344 -6: /Users/lute/project/momcozy-lab/app/test/modules/baby/baby_editor_states_test.dart: wet keeps its primary action visible at 320.0/1.0
00:38 +1345 -6: /Users/lute/project/momcozy-lab/app/test/modules/baby/baby_editor_states_test.dart: wet keeps its primary action visible at 320.0/1.0
00:38 +1346 -6: /Users/lute/project/momcozy-lab/app/test/modules/baby/baby_editor_states_test.dart: wet keeps its primary action visible at 320.0/1.0
00:38 +1347 -6: /Users/lute/project/momcozy-lab/app/test/modules/baby/baby_editor_states_test.dart: wet keeps its primary action visible at 320.0/1.0
00:38 +1348 -6: /Users/lute/project/momcozy-lab/app/test/modules/baby/baby_editor_states_test.dart: wet keeps its primary action visible at 320.0/1.0
00:38 +1349 -6: /Users/lute/project/momcozy-lab/app/test/modules/baby/baby_editor_states_test.dart: wet keeps its primary action visible at 320.0/1.0
00:38 +1350 -6: /Users/lute/project/momcozy-lab/app/test/modules/baby/baby_editor_states_test.dart: wet keeps its primary action visible at 320.0/1.0
00:38 +1351 -6: /Users/lute/project/momcozy-lab/app/test/modules/baby/baby_editor_states_test.dart: wet keeps its primary action visible at 320.0/1.0
00:38 +1352 -6: /Users/lute/project/momcozy-lab/app/test/modules/baby/baby_editor_states_test.dart: wet keeps its primary action visible at 320.0/1.0
00:38 +1353 -6: /Users/lute/project/momcozy-lab/app/test/modules/baby/baby_save_feedback_test.dart: feeding validation, save, uncertain undo and feedback at 320.0/1.0
00:38 +1354 -6: /Users/lute/project/momcozy-lab/app/test/modules/baby/baby_save_feedback_test.dart: feeding validation, save, uncertain undo and feedback at 320.0/1.0
00:38 +1355 -6: /Users/lute/project/momcozy-lab/app/test/modules/baby/baby_save_feedback_test.dart: feeding validation, save, uncertain undo and feedback at 320.0/1.0
00:38 +1356 -6: /Users/lute/project/momcozy-lab/app/test/modules/baby/baby_save_feedback_test.dart: feeding validation, save, uncertain undo and feedback at 320.0/1.0
00:38 +1357 -6: /Users/lute/project/momcozy-lab/app/test/modules/baby/baby_save_feedback_test.dart: feeding validation, save, uncertain undo and feedback at 320.0/1.0
00:38 +1358 -6: /Users/lute/project/momcozy-lab/app/test/modules/baby/baby_save_feedback_test.dart: feeding validation, save, uncertain undo and feedback at 320.0/1.0
00:38 +1359 -6: /Users/lute/project/momcozy-lab/app/test/modules/baby/baby_save_feedback_test.dart: feeding validation, save, uncertain undo and feedback at 320.0/1.0
00:39 +1360 -6: /Users/lute/project/momcozy-lab/app/test/modules/baby/baby_save_feedback_test.dart: feeding validation, save, uncertain undo and feedback at 320.0/1.0
00:39 +1361 -6: /Users/lute/project/momcozy-lab/app/test/modules/baby/baby_save_feedback_test.dart: feeding validation, save, uncertain undo and feedback at 320.0/1.0
00:39 +1362 -6: /Users/lute/project/momcozy-lab/app/test/modules/baby/baby_save_feedback_test.dart: feeding validation, save, uncertain undo and feedback at 320.0/1.0
00:39 +1363 -6: /Users/lute/project/momcozy-lab/app/test/modules/baby/baby_save_feedback_test.dart: feeding validation, save, uncertain undo and feedback at 320.0/1.0
00:39 +1364 -6: /Users/lute/project/momcozy-lab/app/test/modules/baby/baby_save_feedback_test.dart: feeding validation, save, uncertain undo and feedback at 320.0/1.0
00:39 +1365 -6: /Users/lute/project/momcozy-lab/app/test/modules/baby/baby_save_feedback_test.dart: feeding validation, save, uncertain undo and feedback at 320.0/1.0
00:39 +1366 -6: /Users/lute/project/momcozy-lab/app/test/modules/baby/baby_save_feedback_test.dart: feeding validation, save, uncertain undo and feedback at 320.0/1.0
00:39 +1367 -6: /Users/lute/project/momcozy-lab/app/test/modules/baby/baby_save_feedback_test.dart: feeding validation, save, uncertain undo and feedback at 320.0/1.0
00:39 +1368 -6: /Users/lute/project/momcozy-lab/app/test/modules/baby/baby_save_feedback_test.dart: feeding validation, save, uncertain undo and feedback at 320.0/1.0
00:39 +1369 -6: /Users/lute/project/momcozy-lab/app/test/modules/baby/baby_save_feedback_test.dart: feeding validation, save, uncertain undo and feedback at 320.0/1.0
00:39 +1370 -6: /Users/lute/project/momcozy-lab/app/test/modules/baby/baby_save_feedback_test.dart: feeding validation, save, uncertain undo and feedback at 320.0/1.0
00:39 +1371 -6: /Users/lute/project/momcozy-lab/app/test/modules/baby/baby_save_feedback_test.dart: feeding validation, save, uncertain undo and feedback at 320.0/1.0
00:39 +1372 -6: /Users/lute/project/momcozy-lab/app/test/modules/baby/baby_save_feedback_test.dart: feeding validation, save, uncertain undo and feedback at 320.0/1.0
00:39 +1373 -6: /Users/lute/project/momcozy-lab/app/test/modules/baby/baby_save_feedback_test.dart: feeding validation, save, uncertain undo and feedback at 320.0/1.0
00:39 +1374 -6: /Users/lute/project/momcozy-lab/app/test/modules/baby/baby_save_feedback_test.dart: feeding validation, save, uncertain undo and feedback at 320.0/1.0
00:39 +1375 -6: /Users/lute/project/momcozy-lab/app/test/modules/ibclc/workbench_page_test.dart: login protects a client deep link until both factors and the identity response succeed
00:39 +1376 -6: /Users/lute/project/momcozy-lab/app/test/modules/ibclc/workbench_page_test.dart: login protects a client deep link until both factors and the identity response succeed
00:39 +1377 -6: /Users/lute/project/momcozy-lab/app/test/modules/ibclc/workbench_page_test.dart: login protects a client deep link until both factors and the identity response succeed
00:39 +1378 -6: /Users/lute/project/momcozy-lab/app/test/modules/ibclc/workbench_page_test.dart: login protects a client deep link until both factors and the identity response succeed
00:39 +1379 -6: /Users/lute/project/momcozy-lab/app/test/modules/ibclc/workbench_page_test.dart: login protects a client deep link until both factors and the identity response succeed
00:39 +1380 -6: /Users/lute/project/momcozy-lab/app/test/modules/ibclc/workbench_page_test.dart: login protects a client deep link until both factors and the identity response succeed
00:39 +1381 -6: /Users/lute/project/momcozy-lab/app/test/modules/ibclc/workbench_page_test.dart: login protects a client deep link until both factors and the identity response succeed
00:39 +1382 -6: /Users/lute/project/momcozy-lab/app/test/modules/ibclc/workbench_page_test.dart: login protects a client deep link until both factors and the identity response succeed
00:39 +1383 -6: /Users/lute/project/momcozy-lab/app/test/modules/ibclc/workbench_page_test.dart: login protects a client deep link until both factors and the identity response succeed
00:39 +1384 -6: /Users/lute/project/momcozy-lab/app/test/modules/ibclc/workbench_page_test.dart: login protects a client deep link until both factors and the identity response succeed
00:39 +1385 -6: /Users/lute/project/momcozy-lab/app/test/modules/ibclc/workbench_page_test.dart: login protects a client deep link until both factors and the identity response succeed
00:39 +1386 -6: /Users/lute/project/momcozy-lab/app/test/modules/ibclc/workbench_page_test.dart: login protects a client deep link until both factors and the identity response succeed
00:39 +1387 -6: /Users/lute/project/momcozy-lab/app/test/modules/ibclc/workbench_page_test.dart: login protects a client deep link until both factors and the identity response succeed
00:39 +1388 -6: /Users/lute/project/momcozy-lab/app/test/modules/ibclc/workbench_page_test.dart: login protects a client deep link until both factors and the identity response succeed
00:39 +1389 -6: /Users/lute/project/momcozy-lab/app/test/modules/baby/baby_save_feedback_test.dart: feeding validation, save, uncertain undo and feedback at 320.0/2.0
00:39 +1390 -6: /Users/lute/project/momcozy-lab/app/test/modules/baby/baby_save_feedback_test.dart: feeding validation, save, uncertain undo and feedback at 320.0/2.0
00:39 +1391 -6: /Users/lute/project/momcozy-lab/app/test/modules/baby/baby_save_feedback_test.dart: feeding validation, save, uncertain undo and feedback at 320.0/2.0
00:39 +1392 -6: /Users/lute/project/momcozy-lab/app/test/modules/baby/baby_save_feedback_test.dart: feeding validation, save, uncertain undo and feedback at 320.0/2.0
00:39 +1393 -6: /Users/lute/project/momcozy-lab/app/test/modules/baby/baby_save_feedback_test.dart: feeding validation, save, uncertain undo and feedback at 320.0/2.0
00:39 +1394 -6: /Users/lute/project/momcozy-lab/app/test/modules/baby/baby_growth_empty_state_test.dart: missing birth growth profile at 390.0/1.0 is actionable without fabricated reference
00:39 +1395 -6: /Users/lute/project/momcozy-lab/app/test/modules/baby/baby_growth_empty_state_test.dart: missing birth growth profile at 390.0/1.0 is actionable without fabricated reference
00:39 +1396 -6: /Users/lute/project/momcozy-lab/app/test/modules/baby/baby_growth_empty_state_test.dart: missing birth growth profile at 390.0/1.0 is actionable without fabricated reference
00:39 +1397 -6: /Users/lute/project/momcozy-lab/app/test/modules/baby/baby_editor_states_test.dart: wet keeps its primary action visible at 390.0/1.0
00:39 +1398 -6: /Users/lute/project/momcozy-lab/app/test/modules/baby/baby_save_feedback_test.dart: feeding validation, save, uncertain undo and feedback at 390.0/1.0
00:40 +1399 -6: /Users/lute/project/momcozy-lab/app/test/modules/baby/baby_save_feedback_test.dart: feeding validation, save, uncertain undo and feedback at 390.0/1.0
00:40 +1400 -6: /Users/lute/project/momcozy-lab/app/test/modules/baby/baby_save_feedback_test.dart: feeding validation, save, uncertain undo and feedback at 390.0/1.0
00:40 +1401 -6: /Users/lute/project/momcozy-lab/app/test/modules/baby/baby_save_feedback_test.dart: feeding validation, save, uncertain undo and feedback at 390.0/1.0
00:40 +1402 -6: /Users/lute/project/momcozy-lab/app/test/modules/baby/baby_save_feedback_test.dart: feeding validation, save, uncertain undo and feedback at 390.0/1.0
00:40 +1403 -6: /Users/lute/project/momcozy-lab/app/test/modules/baby/baby_save_feedback_test.dart: feeding validation, save, uncertain undo and feedback at 390.0/1.0
00:40 +1404 -6: /Users/lute/project/momcozy-lab/app/test/modules/baby/baby_save_feedback_test.dart: feeding validation, save, uncertain undo and feedback at 390.0/1.0
00:40 +1405 -6: /Users/lute/project/momcozy-lab/app/test/modules/baby/baby_save_feedback_test.dart: feeding validation, save, uncertain undo and feedback at 390.0/1.0
00:40 +1406 -6: /Users/lute/project/momcozy-lab/app/test/modules/baby/baby_save_feedback_test.dart: feeding validation, save, uncertain undo and feedback at 390.0/1.0
00:40 +1407 -6: /Users/lute/project/momcozy-lab/app/test/modules/baby/baby_save_feedback_test.dart: feeding validation, save, uncertain undo and feedback at 390.0/1.0
00:40 +1408 -6: /Users/lute/project/momcozy-lab/app/test/modules/baby/baby_editor_states_test.dart: sleep-active keeps its primary action visible at 390.0/1.0
00:40 +1409 -6: /Users/lute/project/momcozy-lab/app/test/modules/baby/baby_editor_states_test.dart: sleep-active keeps its primary action visible at 390.0/1.0
00:40 +1410 -6: /Users/lute/project/momcozy-lab/app/test/modules/baby/baby_editor_states_test.dart: sleep-active keeps its primary action visible at 390.0/1.0
00:40 +1411 -6: /Users/lute/project/momcozy-lab/app/test/modules/baby/baby_editor_states_test.dart: sleep-active keeps its primary action visible at 390.0/1.0
00:40 +1412 -6: /Users/lute/project/momcozy-lab/app/test/modules/baby/baby_growth_empty_state_test.dart: missing both growth profile at 390.0/1.0 is actionable without fabricated reference
00:40 +1413 -6: /Users/lute/project/momcozy-lab/app/test/modules/baby/baby_growth_empty_state_test.dart: missing both growth profile at 390.0/1.0 is actionable without fabricated reference
00:40 +1414 -6: /Users/lute/project/momcozy-lab/app/test/modules/baby/baby_growth_empty_state_test.dart: missing both growth profile at 390.0/1.0 is actionable without fabricated reference
00:40 +1415 -6: /Users/lute/project/momcozy-lab/app/test/modules/baby/baby_save_feedback_test.dart: feeding validation, save, uncertain undo and feedback at 390.0/2.0
00:40 +1416 -6: /Users/lute/project/momcozy-lab/app/test/modules/baby/baby_save_feedback_test.dart: feeding validation, save, uncertain undo and feedback at 390.0/2.0
00:40 +1417 -6: /Users/lute/project/momcozy-lab/app/test/modules/baby/baby_save_feedback_test.dart: feeding validation, save, uncertain undo and feedback at 390.0/2.0
00:40 +1418 -6: /Users/lute/project/momcozy-lab/app/test/modules/baby/baby_save_feedback_test.dart: feeding validation, save, uncertain undo and feedback at 390.0/2.0
00:40 +1419 -6: /Users/lute/project/momcozy-lab/app/test/modules/baby/baby_save_feedback_test.dart: feeding validation, save, uncertain undo and feedback at 390.0/2.0
00:40 +1420 -6: /Users/lute/project/momcozy-lab/app/test/modules/baby/baby_save_feedback_test.dart: feeding validation, save, uncertain undo and feedback at 390.0/2.0
00:40 +1421 -6: /Users/lute/project/momcozy-lab/app/test/modules/baby/baby_profile_editor_test.dart: profile dialog scrolls and saves at 320.0 / 1.0 / long=false
00:40 +1422 -6: /Users/lute/project/momcozy-lab/app/test/modules/baby/baby_profile_editor_test.dart: profile dialog scrolls and saves at 320.0 / 1.0 / long=false
00:40 +1423 -6: /Users/lute/project/momcozy-lab/app/test/modules/baby/baby_profile_editor_test.dart: profile dialog scrolls and saves at 320.0 / 1.0 / long=false
00:40 +1424 -6: /Users/lute/project/momcozy-lab/app/test/modules/baby/baby_profile_editor_test.dart: profile dialog scrolls and saves at 320.0 / 1.0 / long=false
00:40 +1425 -6: /Users/lute/project/momcozy-lab/app/test/modules/baby/baby_profile_editor_test.dart: profile dialog scrolls and saves at 320.0 / 1.0 / long=false
00:40 +1426 -6: /Users/lute/project/momcozy-lab/app/test/modules/baby/baby_profile_editor_test.dart: profile dialog scrolls and saves at 320.0 / 1.0 / long=false
00:40 +1427 -6: /Users/lute/project/momcozy-lab/app/test/modules/baby/baby_profile_editor_test.dart: profile dialog scrolls and saves at 320.0 / 1.0 / long=false
00:40 +1428 -6: /Users/lute/project/momcozy-lab/app/test/modules/baby/baby_profile_editor_test.dart: profile dialog scrolls and saves at 320.0 / 1.0 / long=false
00:40 +1429 -6: /Users/lute/project/momcozy-lab/app/test/modules/baby/baby_profile_editor_test.dart: profile dialog scrolls and saves at 320.0 / 1.0 / long=false
00:40 +1430 -6: /Users/lute/project/momcozy-lab/app/test/modules/baby/baby_profile_editor_test.dart: profile dialog scrolls and saves at 320.0 / 1.0 / long=false
00:40 +1431 -6: /Users/lute/project/momcozy-lab/app/test/modules/baby/baby_profile_editor_test.dart: profile dialog scrolls and saves at 320.0 / 1.0 / long=false
00:40 +1432 -6: /Users/lute/project/momcozy-lab/app/test/modules/baby/baby_profile_editor_test.dart: profile dialog scrolls and saves at 320.0 / 1.0 / long=false
00:41 +1433 -6: /Users/lute/project/momcozy-lab/app/test/modules/baby/baby_profile_editor_test.dart: profile dialog scrolls and saves at 320.0 / 1.0 / long=false
00:41 +1434 -6: /Users/lute/project/momcozy-lab/app/test/modules/baby/baby_profile_editor_test.dart: profile dialog scrolls and saves at 320.0 / 1.0 / long=false
00:41 +1435 -6: /Users/lute/project/momcozy-lab/app/test/modules/baby/baby_profile_editor_test.dart: profile dialog scrolls and saves at 320.0 / 1.0 / long=false
00:41 +1436 -6: /Users/lute/project/momcozy-lab/app/test/modules/baby/baby_save_feedback_test.dart: feeding validation, save, uncertain undo and feedback at 430.0/2.0
00:41 +1437 -6: /Users/lute/project/momcozy-lab/app/test/modules/services/booking_test.dart: precheck waits for availability without allowing a second submit or back
00:41 +1438 -6: /Users/lute/project/momcozy-lab/app/test/modules/services/booking_test.dart: precheck waits for availability without allowing a second submit or back
00:41 +1439 -6: /Users/lute/project/momcozy-lab/app/test/modules/services/booking_test.dart: precheck waits for availability without allowing a second submit or back
00:41 +1440 -6: /Users/lute/project/momcozy-lab/app/test/modules/services/booking_test.dart: precheck waits for availability without allowing a second submit or back
00:41 +1441 -6: /Users/lute/project/momcozy-lab/app/test/modules/services/booking_test.dart: precheck waits for availability without allowing a second submit or back
00:41 +1442 -6: /Users/lute/project/momcozy-lab/app/test/modules/services/booking_test.dart: precheck waits for availability without allowing a second submit or back
00:41 +1443 -6: /Users/lute/project/momcozy-lab/app/test/modules/services/booking_test.dart: precheck waits for availability without allowing a second submit or back
00:41 +1444 -6: /Users/lute/project/momcozy-lab/app/test/modules/services/booking_test.dart: precheck waits for availability without allowing a second submit or back
00:41 +1445 -6: /Users/lute/project/momcozy-lab/app/test/modules/services/booking_test.dart: precheck waits for availability without allowing a second submit or back
00:41 +1446 -6: /Users/lute/project/momcozy-lab/app/test/modules/services/booking_test.dart: precheck waits for availability without allowing a second submit or back
00:41 +1447 -6: /Users/lute/project/momcozy-lab/app/test/modules/services/booking_test.dart: precheck waits for availability without allowing a second submit or back
00:41 +1448 -6: /Users/lute/project/momcozy-lab/app/test/modules/services/booking_test.dart: precheck waits for availability without allowing a second submit or back
00:41 +1449 -6: /Users/lute/project/momcozy-lab/app/test/modules/services/booking_test.dart: precheck waits for availability without allowing a second submit or back
00:41 +1450 -6: /Users/lute/project/momcozy-lab/app/test/modules/services/booking_test.dart: precheck waits for availability without allowing a second submit or back
00:41 +1451 -6: /Users/lute/project/momcozy-lab/app/test/modules/services/booking_test.dart: precheck waits for availability without allowing a second submit or back
00:41 +1452 -6: /Users/lute/project/momcozy-lab/app/test/modules/services/booking_test.dart: precheck waits for availability without allowing a second submit or back
00:41 +1453 -6: /Users/lute/project/momcozy-lab/app/test/modules/services/booking_test.dart: precheck waits for availability without allowing a second submit or back
00:41 +1454 -6: /Users/lute/project/momcozy-lab/app/test/modules/services/booking_test.dart: precheck waits for availability without allowing a second submit or back
00:41 +1455 -6: /Users/lute/project/momcozy-lab/app/test/modules/services/booking_test.dart: precheck waits for availability without allowing a second submit or back
00:41 +1456 -6: /Users/lute/project/momcozy-lab/app/test/modules/services/service_catalog_states_test.dart: four catalog packages open the matching detail and purchase confirmation 320.0/1.0
00:41 +1457 -6: /Users/lute/project/momcozy-lab/app/test/modules/services/service_catalog_states_test.dart: four catalog packages open the matching detail and purchase confirmation 320.0/1.0
00:41 +1458 -6: /Users/lute/project/momcozy-lab/app/test/modules/services/service_catalog_states_test.dart: four catalog packages open the matching detail and purchase confirmation 320.0/1.0
00:42 +1459 -6: /Users/lute/project/momcozy-lab/app/test/modules/services/service_catalog_states_test.dart: four catalog packages open the matching detail and purchase confirmation 320.0/1.0
00:42 +1460 -6: /Users/lute/project/momcozy-lab/app/test/modules/services/service_catalog_states_test.dart: four catalog packages open the matching detail and purchase confirmation 320.0/1.0
00:42 +1461 -6: /Users/lute/project/momcozy-lab/app/test/modules/services/service_catalog_states_test.dart: four catalog packages open the matching detail and purchase confirmation 320.0/1.0
00:42 +1462 -6: /Users/lute/project/momcozy-lab/app/test/modules/services/service_catalog_states_test.dart: four catalog packages open the matching detail and purchase confirmation 320.0/1.0
00:42 +1463 -6: /Users/lute/project/momcozy-lab/app/test/modules/services/service_catalog_states_test.dart: four catalog packages open the matching detail and purchase confirmation 320.0/1.0
00:42 +1464 -6: /Users/lute/project/momcozy-lab/app/test/modules/services/service_catalog_states_test.dart: four catalog packages open the matching detail and purchase confirmation 320.0/1.0
00:42 +1465 -6: /Users/lute/project/momcozy-lab/app/test/modules/services/service_catalog_states_test.dart: four catalog packages open the matching detail and purchase confirmation 320.0/1.0
00:42 +1466 -6: /Users/lute/project/momcozy-lab/app/test/modules/services/service_catalog_states_test.dart: four catalog packages open the matching detail and purchase confirmation 320.0/1.0
00:42 +1467 -6: /Users/lute/project/momcozy-lab/app/test/modules/services/service_catalog_states_test.dart: four catalog packages open the matching detail and purchase confirmation 320.0/1.0
00:42 +1468 -6: /Users/lute/project/momcozy-lab/app/test/modules/services/service_catalog_states_test.dart: four catalog packages open the matching detail and purchase confirmation 320.0/1.0
00:42 +1469 -6: /Users/lute/project/momcozy-lab/app/test/modules/services/service_catalog_states_test.dart: four catalog packages open the matching detail and purchase confirmation 320.0/1.0
00:42 +1470 -6: /Users/lute/project/momcozy-lab/app/test/modules/services/service_purchase_test.dart: purchase states and booking result at 320.0 / 1.0
00:42 +1471 -6: /Users/lute/project/momcozy-lab/app/test/modules/services/service_purchase_test.dart: purchase states and booking result at 320.0 / 1.0
00:42 +1472 -6: /Users/lute/project/momcozy-lab/app/test/modules/services/service_purchase_test.dart: purchase states and booking result at 320.0 / 1.0
00:43 +1473 -6: /Users/lute/project/momcozy-lab/app/test/modules/services/expert_home_states_test.dart: home purchased, intake and preparation actions 320.0/1.0
00:43 +1474 -6: /Users/lute/project/momcozy-lab/app/test/modules/services/intake_test.dart: intake design disclosures consent and save at 320.0 / 1.0
00:43 +1475 -6: /Users/lute/project/momcozy-lab/app/test/modules/services/intake_test.dart: intake design disclosures consent and save at 320.0 / 1.0
00:43 +1476 -6: /Users/lute/project/momcozy-lab/app/test/modules/services/intake_test.dart: intake design disclosures consent and save at 320.0 / 1.0
00:43 +1477 -6: /Users/lute/project/momcozy-lab/app/test/modules/services/intake_test.dart: intake design disclosures consent and save at 320.0 / 1.0
00:43 +1478 -6: /Users/lute/project/momcozy-lab/app/test/modules/services/intake_test.dart: intake design disclosures consent and save at 320.0 / 1.0
00:43 +1479 -6: /Users/lute/project/momcozy-lab/app/test/modules/services/intake_test.dart: intake design disclosures consent and save at 320.0 / 1.0
00:43 +1480 -6: /Users/lute/project/momcozy-lab/app/test/modules/services/intake_test.dart: intake design disclosures consent and save at 320.0 / 1.0
00:43 +1481 -6: /Users/lute/project/momcozy-lab/app/test/modules/services/intake_test.dart: intake design disclosures consent and save at 320.0 / 1.0
00:43 +1482 -6: /Users/lute/project/momcozy-lab/app/test/modules/services/intake_test.dart: intake design disclosures consent and save at 320.0 / 1.0
00:43 +1483 -6: /Users/lute/project/momcozy-lab/app/test/modules/services/intake_test.dart: intake design disclosures consent and save at 320.0 / 1.0
00:43 +1484 -6: /Users/lute/project/momcozy-lab/app/test/modules/services/intake_test.dart: intake design disclosures consent and save at 320.0 / 1.0
00:43 +1485 -6: /Users/lute/project/momcozy-lab/app/test/modules/services/intake_test.dart: intake design disclosures consent and save at 320.0 / 1.0
00:43 +1486 -6: /Users/lute/project/momcozy-lab/app/test/modules/services/intake_test.dart: intake design disclosures consent and save at 320.0 / 1.0
00:43 +1487 -6: /Users/lute/project/momcozy-lab/app/test/modules/services/intake_test.dart: intake design disclosures consent and save at 320.0 / 1.0
00:43 +1488 -6: /Users/lute/project/momcozy-lab/app/test/modules/services/appointment_detail_test.dart: short screen and safe areas keep cancellation actions reachable
00:43 +1489 -6: /Users/lute/project/momcozy-lab/app/test/modules/services/service_catalog_states_test.dart: four catalog packages open the matching detail and purchase confirmation 390.0/2.0
00:44 +1490 -6: /Users/lute/project/momcozy-lab/app/test/modules/services/service_catalog_states_test.dart: four catalog packages open the matching detail and purchase confirmation 390.0/2.0
00:44 +1491 -6: /Users/lute/project/momcozy-lab/app/test/modules/services/service_catalog_states_test.dart: four catalog packages open the matching detail and purchase confirmation 390.0/2.0
00:44 +1492 -6: /Users/lute/project/momcozy-lab/app/test/modules/services/service_catalog_states_test.dart: four catalog packages open the matching detail and purchase confirmation 390.0/2.0
00:44 +1493 -6: /Users/lute/project/momcozy-lab/app/test/modules/services/service_catalog_states_test.dart: four catalog packages open the matching detail and purchase confirmation 390.0/2.0
00:44 +1494 -6: /Users/lute/project/momcozy-lab/app/test/modules/services/service_catalog_states_test.dart: four catalog packages open the matching detail and purchase confirmation 390.0/2.0
00:44 +1495 -6: /Users/lute/project/momcozy-lab/app/test/modules/services/intake_test.dart: intake design disclosures consent and save at 320.0 / 2.0
00:44 +1496 -6: /Users/lute/project/momcozy-lab/app/test/modules/services/intake_test.dart: intake design disclosures consent and save at 320.0 / 2.0
00:44 +1497 -6: /Users/lute/project/momcozy-lab/app/test/modules/services/intake_test.dart: intake design disclosures consent and save at 320.0 / 2.0
00:44 +1498 -6: /Users/lute/project/momcozy-lab/app/test/modules/services/intake_test.dart: intake design disclosures consent and save at 320.0 / 2.0
00:44 +1499 -6: /Users/lute/project/momcozy-lab/app/test/modules/services/intake_test.dart: intake design disclosures consent and save at 320.0 / 2.0
00:44 +1500 -6: /Users/lute/project/momcozy-lab/app/test/modules/services/intake_test.dart: intake design disclosures consent and save at 320.0 / 2.0
00:44 +1501 -6: /Users/lute/project/momcozy-lab/app/test/modules/services/booking_test.dart: booking precheck and held dialog flow at 430.0 / 1.0
00:44 +1502 -6: /Users/lute/project/momcozy-lab/app/test/modules/services/booking_test.dart: booking precheck and held dialog flow at 430.0 / 1.0
00:44 +1503 -6: /Users/lute/project/momcozy-lab/app/test/modules/services/booking_test.dart: booking precheck and held dialog flow at 430.0 / 1.0
00:44 +1504 -6: /Users/lute/project/momcozy-lab/app/test/modules/services/booking_test.dart: booking precheck and held dialog flow at 430.0 / 1.0
00:44 +1505 -6: /Users/lute/project/momcozy-lab/app/test/modules/services/booking_test.dart: booking precheck and held dialog flow at 430.0 / 1.0
00:44 +1506 -6: /Users/lute/project/momcozy-lab/app/test/modules/services/service_catalog_states_test.dart: four catalog packages open the matching detail and purchase confirmation 430.0/1.0
00:44 +1507 -6: /Users/lute/project/momcozy-lab/app/test/modules/services/service_catalog_states_test.dart: four catalog packages open the matching detail and purchase confirmation 430.0/1.0
00:44 +1508 -6: /Users/lute/project/momcozy-lab/app/test/modules/services/service_catalog_states_test.dart: four catalog packages open the matching detail and purchase confirmation 430.0/1.0
00:44 +1509 -6: /Users/lute/project/momcozy-lab/app/test/modules/services/service_catalog_states_test.dart: four catalog packages open the matching detail and purchase confirmation 430.0/1.0
00:44 +1510 -6: /Users/lute/project/momcozy-lab/app/test/modules/services/service_catalog_states_test.dart: four catalog packages open the matching detail and purchase confirmation 430.0/1.0
00:44 +1511 -6: /Users/lute/project/momcozy-lab/app/test/modules/services/service_design_test.dart: home keeps booking disabled until appointment status is known
00:44 +1512 -6: /Users/lute/project/momcozy-lab/app/test/modules/services/service_design_test.dart: home keeps booking disabled until appointment status is known
00:44 +1513 -6: /Users/lute/project/momcozy-lab/app/test/modules/services/service_design_test.dart: home keeps booking disabled until appointment status is known
00:44 +1514 -6: /Users/lute/project/momcozy-lab/app/test/modules/services/intake_test.dart: intake design disclosures consent and save at 390.0 / 1.0
00:45 +1515 -6: /Users/lute/project/momcozy-lab/app/test/modules/services/intake_test.dart: intake design disclosures consent and save at 390.0 / 1.0
00:45 +1516 -6: /Users/lute/project/momcozy-lab/app/test/modules/services/intake_test.dart: intake design disclosures consent and save at 390.0 / 1.0
00:45 +1517 -6: /Users/lute/project/momcozy-lab/app/test/modules/services/intake_test.dart: intake design disclosures consent and save at 390.0 / 1.0
00:45 +1518 -6: /Users/lute/project/momcozy-lab/app/test/modules/services/intake_test.dart: intake design disclosures consent and save at 390.0 / 1.0
00:45 +1519 -6: /Users/lute/project/momcozy-lab/app/test/modules/services/intake_test.dart: intake design disclosures consent and save at 390.0 / 1.0
00:45 +1520 -6: /Users/lute/project/momcozy-lab/app/test/modules/services/intake_test.dart: intake design disclosures consent and save at 390.0 / 1.0
00:45 +1521 -6: /Users/lute/project/momcozy-lab/app/test/modules/services/intake_test.dart: intake design disclosures consent and save at 390.0 / 1.0
00:45 +1522 -6: /Users/lute/project/momcozy-lab/app/test/modules/services/intake_test.dart: intake design disclosures consent and save at 390.0 / 1.0
00:45 +1523 -6: /Users/lute/project/momcozy-lab/app/test/modules/services/intake_test.dart: intake design disclosures consent and save at 390.0 / 1.0
00:45 +1524 -6: /Users/lute/project/momcozy-lab/app/test/modules/services/service_catalog_states_test.dart: four catalog packages open the matching detail and purchase confirmation 430.0/2.0
00:45 +1525 -6: /Users/lute/project/momcozy-lab/app/test/modules/services/service_catalog_states_test.dart: four catalog packages open the matching detail and purchase confirmation 430.0/2.0
00:45 +1526 -6: /Users/lute/project/momcozy-lab/app/test/modules/services/service_catalog_states_test.dart: four catalog packages open the matching detail and purchase confirmation 430.0/2.0
00:45 +1527 -6: /Users/lute/project/momcozy-lab/app/test/modules/services/service_catalog_states_test.dart: four catalog packages open the matching detail and purchase confirmation 430.0/2.0
00:45 +1528 -6: /Users/lute/project/momcozy-lab/app/test/modules/services/service_catalog_states_test.dart: four catalog packages open the matching detail and purchase confirmation 430.0/2.0
00:45 +1529 -6: /Users/lute/project/momcozy-lab/app/test/modules/services/service_catalog_states_test.dart: four catalog packages open the matching detail and purchase confirmation 430.0/2.0
00:45 +1530 -6: /Users/lute/project/momcozy-lab/app/test/modules/services/service_catalog_states_test.dart: four catalog packages open the matching detail and purchase confirmation 430.0/2.0
00:45 +1531 -6: /Users/lute/project/momcozy-lab/app/test/modules/services/service_catalog_states_test.dart: four catalog packages open the matching detail and purchase confirmation 430.0/2.0
00:45 +1532 -6: /Users/lute/project/momcozy-lab/app/test/modules/services/service_catalog_states_test.dart: four catalog packages open the matching detail and purchase confirmation 430.0/2.0
00:45 +1533 -6: /Users/lute/project/momcozy-lab/app/test/modules/services/service_catalog_states_test.dart: four catalog packages open the matching detail and purchase confirmation 430.0/2.0
00:45 +1534 -6: /Users/lute/project/momcozy-lab/app/test/modules/services/service_catalog_states_test.dart: four catalog packages open the matching detail and purchase confirmation 430.0/2.0
00:45 +1535 -6: /Users/lute/project/momcozy-lab/app/test/modules/services/service_catalog_states_test.dart: four catalog packages open the matching detail and purchase confirmation 430.0/2.0
00:45 +1536 -6: /Users/lute/project/momcozy-lab/app/test/modules/services/service_catalog_states_test.dart: four catalog packages open the matching detail and purchase confirmation 430.0/2.0
00:45 +1537 -6: /Users/lute/project/momcozy-lab/app/test/modules/services/intake_test.dart: intake design disclosures consent and save at 390.0 / 2.0
00:45 +1538 -6: /Users/lute/project/momcozy-lab/app/test/modules/services/intake_test.dart: intake design disclosures consent and save at 390.0 / 2.0
00:45 +1539 -6: /Users/lute/project/momcozy-lab/app/test/modules/services/intake_test.dart: intake design disclosures consent and save at 390.0 / 2.0
00:45 +1540 -6: /Users/lute/project/momcozy-lab/app/test/modules/services/intake_test.dart: intake design disclosures consent and save at 390.0 / 2.0
00:45 +1541 -6: /Users/lute/project/momcozy-lab/app/test/modules/services/intake_test.dart: intake design disclosures consent and save at 390.0 / 2.0
00:45 +1542 -6: /Users/lute/project/momcozy-lab/app/test/modules/services/intake_test.dart: intake design disclosures consent and save at 390.0 / 2.0
00:45 +1543 -6: /Users/lute/project/momcozy-lab/app/test/modules/services/intake_test.dart: intake design disclosures consent and save at 390.0 / 2.0
00:45 +1544 -6: /Users/lute/project/momcozy-lab/app/test/modules/services/intake_test.dart: intake design disclosures consent and save at 390.0 / 2.0
00:45 +1545 -6: /Users/lute/project/momcozy-lab/app/test/modules/services/intake_test.dart: intake design disclosures consent and save at 390.0 / 2.0
00:45 +1546 -6: /Users/lute/project/momcozy-lab/app/test/modules/services/intake_test.dart: intake design disclosures consent and save at 390.0 / 2.0
00:45 +1547 -6: /Users/lute/project/momcozy-lab/app/test/modules/services/intake_test.dart: intake design disclosures consent and save at 390.0 / 2.0
00:45 +1548 -6: /Users/lute/project/momcozy-lab/app/test/modules/services/intake_test.dart: intake design disclosures consent and save at 390.0 / 2.0
00:45 +1549 -6: /Users/lute/project/momcozy-lab/app/test/modules/services/intake_test.dart: intake design disclosures consent and save at 390.0 / 2.0
00:45 +1550 -6: /Users/lute/project/momcozy-lab/app/test/modules/services/intake_test.dart: intake design disclosures consent and save at 390.0 / 2.0
00:45 +1551 -6: /Users/lute/project/momcozy-lab/app/test/modules/services/intake_test.dart: intake design disclosures consent and save at 390.0 / 2.0
00:45 +1552 -6: /Users/lute/project/momcozy-lab/app/test/modules/services/intake_test.dart: intake design disclosures consent and save at 390.0 / 2.0
00:45 +1553 -6: /Users/lute/project/momcozy-lab/app/test/modules/services/intake_test.dart: intake design disclosures consent and save at 390.0 / 2.0
00:45 +1554 -6: /Users/lute/project/momcozy-lab/app/test/modules/services/booking_test.dart: select time, confirm, resume and cancel a persisted appointment
00:45 +1555 -6: /Users/lute/project/momcozy-lab/app/test/modules/services/appointment_detail_test.dart: appointment actions follow completed state
00:45 +1556 -6: /Users/lute/project/momcozy-lab/app/test/modules/services/service_design_test.dart: catalog owned and pending actions at 320.0 / 1.0
00:45 +1557 -6: /Users/lute/project/momcozy-lab/app/test/modules/services/service_design_test.dart: catalog owned and pending actions at 320.0 / 1.0
00:45 +1558 -6: /Users/lute/project/momcozy-lab/app/test/modules/services/service_design_test.dart: catalog owned and pending actions at 320.0 / 1.0
00:45 +1559 -6: /Users/lute/project/momcozy-lab/app/test/modules/services/service_design_test.dart: catalog owned and pending actions at 320.0 / 1.0
00:45 +1560 -6: /Users/lute/project/momcozy-lab/app/test/modules/services/service_design_test.dart: catalog owned and pending actions at 320.0 / 1.0
00:45 +1561 -6: /Users/lute/project/momcozy-lab/app/test/modules/services/service_design_test.dart: catalog owned and pending actions at 320.0 / 1.0
00:45 +1562 -6: /Users/lute/project/momcozy-lab/app/test/modules/services/service_design_test.dart: catalog owned and pending actions at 320.0 / 1.0
00:45 +1563 -6: /Users/lute/project/momcozy-lab/app/test/modules/services/service_design_test.dart: catalog owned and pending actions at 320.0 / 1.0
00:46 +1564 -6: /Users/lute/project/momcozy-lab/app/test/modules/services/service_design_test.dart: catalog owned and pending actions at 320.0 / 1.0
00:46 +1565 -6: /Users/lute/project/momcozy-lab/app/test/modules/services/service_design_test.dart: catalog owned and pending actions at 320.0 / 1.0
00:46 +1566 -6: /Users/lute/project/momcozy-lab/app/test/modules/services/intake_test.dart: intake design disclosures consent and save at 430.0 / 1.0
00:46 +1567 -6: /Users/lute/project/momcozy-lab/app/test/modules/services/intake_test.dart: intake design disclosures consent and save at 430.0 / 1.0
00:46 +1568 -6: /Users/lute/project/momcozy-lab/app/test/modules/services/intake_test.dart: intake design disclosures consent and save at 430.0 / 1.0
00:46 +1569 -6: /Users/lute/project/momcozy-lab/app/test/modules/services/intake_test.dart: intake design disclosures consent and save at 430.0 / 1.0
00:46 +1570 -6: /Users/lute/project/momcozy-lab/app/test/modules/services/intake_test.dart: intake design disclosures consent and save at 430.0 / 1.0
00:46 +1571 -6: /Users/lute/project/momcozy-lab/app/test/modules/services/intake_test.dart: intake design disclosures consent and save at 430.0 / 1.0
00:46 +1572 -6: /Users/lute/project/momcozy-lab/app/test/modules/services/service_renew_test.dart: renew selection opens existing eligibility flow 320.0/1.0
00:46 +1573 -6: /Users/lute/project/momcozy-lab/app/test/modules/services/service_renew_test.dart: renew selection opens existing eligibility flow 320.0/1.0
00:46 +1574 -6: /Users/lute/project/momcozy-lab/app/test/modules/services/service_renew_test.dart: renew selection opens existing eligibility flow 320.0/1.0
00:46 +1575 -6: /Users/lute/project/momcozy-lab/app/test/modules/services/service_renew_test.dart: renew selection opens existing eligibility flow 320.0/1.0
00:46 +1576 -6: /Users/lute/project/momcozy-lab/app/test/modules/services/service_renew_test.dart: renew selection opens existing eligibility flow 320.0/1.0
00:46 +1577 -6: /Users/lute/project/momcozy-lab/app/test/modules/services/service_renew_test.dart: renew selection opens existing eligibility flow 320.0/1.0
00:46 +1578 -6: /Users/lute/project/momcozy-lab/app/test/modules/services/intake_test.dart: intake design disclosures consent and save at 430.0 / 2.0
00:46 +1579 -6: /Users/lute/project/momcozy-lab/app/test/modules/services/service_design_test.dart: catalog owned and pending actions at 320.0 / 2.0
00:46 +1580 -6: /Users/lute/project/momcozy-lab/app/test/modules/services/consultation_summary_test.dart: summary content task and destinations 320.0 / 1.0
00:46 +1581 -6: /Users/lute/project/momcozy-lab/app/test/modules/services/consultation_summary_test.dart: summary content task and destinations 320.0 / 1.0
00:46 +1582 -6: /Users/lute/project/momcozy-lab/app/test/modules/services/consultation_summary_test.dart: summary content task and destinations 320.0 / 1.0
00:46 +1583 -6: /Users/lute/project/momcozy-lab/app/test/modules/services/consultation_summary_test.dart: summary content task and destinations 320.0 / 1.0
00:46 +1584 -6: /Users/lute/project/momcozy-lab/app/test/modules/services/consultation_summary_test.dart: summary content task and destinations 320.0 / 1.0
00:46 +1585 -6: /Users/lute/project/momcozy-lab/app/test/modules/services/consultation_summary_test.dart: summary content task and destinations 320.0 / 1.0
00:46 +1586 -6: /Users/lute/project/momcozy-lab/app/test/modules/services/consultation_summary_test.dart: summary content task and destinations 320.0 / 1.0
00:46 +1587 -6: /Users/lute/project/momcozy-lab/app/test/modules/services/consultation_summary_test.dart: summary content task and destinations 320.0 / 1.0
00:46 +1588 -6: /Users/lute/project/momcozy-lab/app/test/modules/services/consultation_summary_test.dart: summary content task and destinations 320.0 / 1.0
00:47 +1589 -6: /Users/lute/project/momcozy-lab/app/test/modules/services/consultation_summary_test.dart: summary content task and destinations 320.0 / 1.0
00:47 +1590 -6: /Users/lute/project/momcozy-lab/app/test/modules/services/consultation_summary_test.dart: summary content task and destinations 320.0 / 1.0
00:47 +1591 -6: /Users/lute/project/momcozy-lab/app/test/modules/services/consultation_summary_test.dart: summary content task and destinations 320.0 / 1.0
00:47 +1592 -6: /Users/lute/project/momcozy-lab/app/test/modules/services/consultation_summary_test.dart: summary content task and destinations 320.0 / 1.0
00:47 +1593 -6: /Users/lute/project/momcozy-lab/app/test/modules/services/consultation_summary_test.dart: summary content task and destinations 320.0 / 1.0
00:47 +1594 -6: /Users/lute/project/momcozy-lab/app/test/modules/services/consultation_summary_test.dart: summary content task and destinations 320.0 / 1.0
00:47 +1595 -6: /Users/lute/project/momcozy-lab/app/test/modules/services/consultation_summary_test.dart: summary content task and destinations 320.0 / 1.0
00:47 +1596 -6: /Users/lute/project/momcozy-lab/app/test/modules/services/consultation_summary_test.dart: summary content task and destinations 320.0 / 1.0
00:47 +1597 -6: /Users/lute/project/momcozy-lab/app/test/modules/services/consultation_summary_test.dart: summary content task and destinations 320.0 / 1.0
00:47 +1598 -6: /Users/lute/project/momcozy-lab/app/test/modules/services/consultation_summary_test.dart: summary content task and destinations 320.0 / 1.0
00:47 +1599 -6: /Users/lute/project/momcozy-lab/app/test/modules/services/consultation_summary_test.dart: summary content task and destinations 320.0 / 1.0
00:47 +1600 -6: /Users/lute/project/momcozy-lab/app/test/modules/services/consultation_summary_test.dart: summary content task and destinations 320.0 / 1.0
00:47 +1601 -6: /Users/lute/project/momcozy-lab/app/test/modules/services/consultation_summary_test.dart: summary content task and destinations 320.0 / 1.0
00:47 +1602 -6: /Users/lute/project/momcozy-lab/app/test/modules/services/consultation_summary_test.dart: summary content task and destinations 320.0 / 1.0
00:47 +1603 -6: /Users/lute/project/momcozy-lab/app/test/modules/services/consultation_summary_test.dart: summary content task and destinations 320.0 / 1.0
00:47 +1604 -6: /Users/lute/project/momcozy-lab/app/test/modules/services/consultation_summary_test.dart: summary content task and destinations 320.0 / 1.0
00:47 +1605 -6: /Users/lute/project/momcozy-lab/app/test/modules/services/consultation_summary_test.dart: summary content task and destinations 320.0 / 1.0
00:47 +1606 -6: /Users/lute/project/momcozy-lab/app/test/modules/services/consultation_summary_test.dart: summary content task and destinations 320.0 / 1.0
00:47 +1607 -6: /Users/lute/project/momcozy-lab/app/test/modules/services/consultation_summary_test.dart: summary content task and destinations 320.0 / 1.0
00:47 +1608 -6: /Users/lute/project/momcozy-lab/app/test/modules/services/consultation_summary_test.dart: summary content task and destinations 320.0 / 1.0
00:47 +1609 -6: /Users/lute/project/momcozy-lab/app/test/modules/mom/lactation_test.dart: single record editor saves a real observation, then delete and undo change the list
00:47 +1610 -6: /Users/lute/project/momcozy-lab/app/test/modules/mom/lactation_test.dart: single record editor saves a real observation, then delete and undo change the list
00:47 +1611 -6: /Users/lute/project/momcozy-lab/app/test/modules/mom/lactation_test.dart: single record editor saves a real observation, then delete and undo change the list
00:47 +1612 -6: /Users/lute/project/momcozy-lab/app/test/modules/mom/lactation_test.dart: single record editor saves a real observation, then delete and undo change the list
00:47 +1613 -6: /Users/lute/project/momcozy-lab/app/test/modules/mom/mother_diary_states_test.dart: diary optional and conditional fields save without stale values 320.0/1.0
00:47 +1614 -6: /Users/lute/project/momcozy-lab/app/test/modules/mom/mother_diary_states_test.dart: diary optional and conditional fields save without stale values 320.0/1.0
00:47 +1615 -6: /Users/lute/project/momcozy-lab/app/test/modules/mom/mother_diary_states_test.dart: diary optional and conditional fields save without stale values 320.0/1.0
00:47 +1616 -6: /Users/lute/project/momcozy-lab/app/test/modules/mom/mother_diary_states_test.dart: diary optional and conditional fields save without stale values 320.0/1.0
00:47 +1617 -6: /Users/lute/project/momcozy-lab/app/test/modules/mom/mother_diary_states_test.dart: diary optional and conditional fields save without stale values 320.0/1.0
00:47 +1618 -6: /Users/lute/project/momcozy-lab/app/test/modules/mom/mother_diary_states_test.dart: diary optional and conditional fields save without stale values 320.0/1.0
00:47 +1619 -6: /Users/lute/project/momcozy-lab/app/test/modules/mom/mother_diary_states_test.dart: diary optional and conditional fields save without stale values 320.0/1.0
00:48 +1620 -6: /Users/lute/project/momcozy-lab/app/test/modules/mom/mother_diary_states_test.dart: diary optional and conditional fields save without stale values 320.0/1.0
00:48 +1621 -6: /Users/lute/project/momcozy-lab/app/test/modules/mom/mother_diary_states_test.dart: diary optional and conditional fields save without stale values 320.0/1.0
00:48 +1622 -6: /Users/lute/project/momcozy-lab/app/test/modules/mom/mother_diary_states_test.dart: diary optional and conditional fields save without stale values 320.0/1.0
00:48 +1623 -6: /Users/lute/project/momcozy-lab/app/test/modules/mom/mother_diary_states_test.dart: diary optional and conditional fields save without stale values 320.0/1.0
00:48 +1624 -6: /Users/lute/project/momcozy-lab/app/test/modules/mom/mother_diary_states_test.dart: diary optional and conditional fields save without stale values 320.0/1.0
00:48 +1625 -6: /Users/lute/project/momcozy-lab/app/test/modules/mom/mother_diary_states_test.dart: diary optional and conditional fields save without stale values 320.0/1.0
00:48 +1626 -6: /Users/lute/project/momcozy-lab/app/test/modules/mom/mother_diary_states_test.dart: diary optional and conditional fields save without stale values 320.0/1.0
00:48 +1627 -6: /Users/lute/project/momcozy-lab/app/test/modules/mom/mother_diary_states_test.dart: diary optional and conditional fields save without stale values 320.0/1.0
00:48 +1628 -6: /Users/lute/project/momcozy-lab/app/test/modules/mom/mother_diary_states_test.dart: diary optional and conditional fields save without stale values 320.0/1.0
00:48 +1629 -6: /Users/lute/project/momcozy-lab/app/test/modules/mom/mother_diary_states_test.dart: diary optional and conditional fields save without stale values 320.0/1.0
00:48 +1630 -6: /Users/lute/project/momcozy-lab/app/test/modules/mom/mother_diary_states_test.dart: diary optional and conditional fields save without stale values 320.0/1.0
00:48 +1631 -6: /Users/lute/project/momcozy-lab/app/test/modules/mom/mother_diary_states_test.dart: diary optional and conditional fields save without stale values 320.0/1.0
00:48 +1632 -6: /Users/lute/project/momcozy-lab/app/test/modules/mom/mother_diary_states_test.dart: diary optional and conditional fields save without stale values 320.0/1.0
00:48 +1633 -6: /Users/lute/project/momcozy-lab/app/test/modules/mom/mother_diary_states_test.dart: diary optional and conditional fields save without stale values 320.0/1.0
00:48 +1634 -6: /Users/lute/project/momcozy-lab/app/test/modules/mom/mother_diary_states_test.dart: diary optional and conditional fields save without stale values 320.0/1.0
00:48 +1635 -6: /Users/lute/project/momcozy-lab/app/test/modules/mom/mother_diary_states_test.dart: diary optional and conditional fields save without stale values 320.0/1.0
00:48 +1636 -6: /Users/lute/project/momcozy-lab/app/test/modules/mom/mother_diary_states_test.dart: diary optional and conditional fields save without stale values 320.0/1.0
00:48 +1637 -6: /Users/lute/project/momcozy-lab/app/test/modules/mom/mother_diary_states_test.dart: diary optional and conditional fields save without stale values 320.0/1.0
00:48 +1638 -6: /Users/lute/project/momcozy-lab/app/test/modules/mom/mother_diary_states_test.dart: diary optional and conditional fields save without stale values 320.0/1.0
00:48 +1639 -6: /Users/lute/project/momcozy-lab/app/test/modules/mom/mother_diary_states_test.dart: diary optional and conditional fields save without stale values 320.0/1.0
00:48 +1640 -6: /Users/lute/project/momcozy-lab/app/test/modules/mom/mother_diary_states_test.dart: diary optional and conditional fields save without stale values 320.0/1.0
00:48 +1641 -6: /Users/lute/project/momcozy-lab/app/test/modules/mom/mother_diary_states_test.dart: diary optional and conditional fields save without stale values 320.0/1.0
00:48 +1642 -6: /Users/lute/project/momcozy-lab/app/test/modules/services/consultation_summary_test.dart: summary content task and destinations 390.0 / 2.0
00:48 +1643 -6: /Users/lute/project/momcozy-lab/app/test/modules/services/consultation_summary_test.dart: summary content task and destinations 390.0 / 2.0
00:48 +1644 -6: /Users/lute/project/momcozy-lab/app/test/modules/services/consultation_summary_test.dart: summary content task and destinations 390.0 / 2.0
00:48 +1645 -6: /Users/lute/project/momcozy-lab/app/test/modules/mom/lactation_states_test.dart: lactation states validate, retry, edit and undo 320.0/2.0
00:48 +1646 -6: /Users/lute/project/momcozy-lab/app/test/modules/mom/lactation_states_test.dart: lactation states validate, retry, edit and undo 320.0/2.0
00:48 +1647 -6: /Users/lute/project/momcozy-lab/app/test/modules/mom/lactation_states_test.dart: lactation states validate, retry, edit and undo 320.0/2.0
00:48 +1648 -6: /Users/lute/project/momcozy-lab/app/test/modules/mom/lactation_states_test.dart: lactation states validate, retry, edit and undo 320.0/2.0
00:49 +1649 -6: /Users/lute/project/momcozy-lab/app/test/modules/mom/lactation_states_test.dart: lactation states validate, retry, edit and undo 320.0/2.0
00:49 +1650 -6: /Users/lute/project/momcozy-lab/app/test/modules/mom/lactation_states_test.dart: lactation states validate, retry, edit and undo 320.0/2.0
00:49 +1651 -6: /Users/lute/project/momcozy-lab/app/test/modules/mom/lactation_states_test.dart: lactation states validate, retry, edit and undo 320.0/2.0
00:49 +1652 -6: /Users/lute/project/momcozy-lab/app/test/modules/mom/lactation_states_test.dart: lactation states validate, retry, edit and undo 320.0/2.0
00:49 +1653 -6: /Users/lute/project/momcozy-lab/app/test/modules/mom/lactation_states_test.dart: lactation states validate, retry, edit and undo 320.0/2.0
00:49 +1654 -6: /Users/lute/project/momcozy-lab/app/test/modules/mom/mother_diary_states_test.dart: diary optional and conditional fields save without stale values 320.0/2.0
00:49 +1655 -6: /Users/lute/project/momcozy-lab/app/test/modules/mom/mother_diary_states_test.dart: diary optional and conditional fields save without stale values 320.0/2.0
00:49 +1656 -6: /Users/lute/project/momcozy-lab/app/test/modules/mom/mother_diary_states_test.dart: diary optional and conditional fields save without stale values 320.0/2.0
00:49 +1657 -6: /Users/lute/project/momcozy-lab/app/test/modules/mom/mother_diary_states_test.dart: diary optional and conditional fields save without stale values 320.0/2.0
00:49 +1658 -6: /Users/lute/project/momcozy-lab/app/test/modules/mom/mother_diary_states_test.dart: diary optional and conditional fields save without stale values 320.0/2.0
00:49 +1659 -6: /Users/lute/project/momcozy-lab/app/test/modules/mom/mother_home_test.dart: default home opens grouped diary, saves and refreshes only current API data
00:49 +1660 -6: /Users/lute/project/momcozy-lab/app/test/modules/mom/mother_home_test.dart: default home opens grouped diary, saves and refreshes only current API data
00:49 +1661 -6: /Users/lute/project/momcozy-lab/app/test/modules/mom/mother_home_test.dart: default home opens grouped diary, saves and refreshes only current API data
00:49 +1662 -6: /Users/lute/project/momcozy-lab/app/test/modules/mom/mother_home_test.dart: default home opens grouped diary, saves and refreshes only current API data
00:49 +1663 -6: /Users/lute/project/momcozy-lab/app/test/modules/mom/mother_home_test.dart: default home opens grouped diary, saves and refreshes only current API data
00:49 +1664 -6: /Users/lute/project/momcozy-lab/app/test/modules/mom/mother_home_test.dart: default home opens grouped diary, saves and refreshes only current API data
00:49 +1665 -6: /Users/lute/project/momcozy-lab/app/test/modules/mom/mother_home_test.dart: default home opens grouped diary, saves and refreshes only current API data
00:49 +1666 -6: /Users/lute/project/momcozy-lab/app/test/modules/mom/mother_home_test.dart: default home opens grouped diary, saves and refreshes only current API data
00:49 +1667 -6: /Users/lute/project/momcozy-lab/app/test/modules/mom/mother_home_test.dart: default home opens grouped diary, saves and refreshes only current API data
00:49 +1668 -6: /Users/lute/project/momcozy-lab/app/test/modules/mom/mother_home_test.dart: default home opens grouped diary, saves and refreshes only current API data
00:49 +1669 -6: /Users/lute/project/momcozy-lab/app/test/modules/mom/mother_diary_page_test.dart: independent diary uses shared sections, preserves draft and saves 320.0/1.0
00:50 +1670 -6: /Users/lute/project/momcozy-lab/app/test/modules/mom/mother_diary_page_test.dart: independent diary uses shared sections, preserves draft and saves 320.0/1.0
00:50 +1671 -6: /Users/lute/project/momcozy-lab/app/test/modules/mom/mother_diary_page_test.dart: independent diary uses shared sections, preserves draft and saves 320.0/1.0
00:50 +1672 -6: /Users/lute/project/momcozy-lab/app/test/modules/mom/mother_diary_page_test.dart: independent diary uses shared sections, preserves draft and saves 320.0/1.0
00:50 +1673 -6: /Users/lute/project/momcozy-lab/app/test/modules/mom/mother_diary_page_test.dart: independent diary uses shared sections, preserves draft and saves 320.0/1.0
00:50 +1674 -6: /Users/lute/project/momcozy-lab/app/test/modules/mom/mother_diary_page_test.dart: independent diary uses shared sections, preserves draft and saves 320.0/1.0
00:50 +1675 -6: /Users/lute/project/momcozy-lab/app/test/modules/mom/mother_diary_page_test.dart: independent diary uses shared sections, preserves draft and saves 320.0/1.0
00:50 +1676 -6: /Users/lute/project/momcozy-lab/app/test/modules/mom/mother_diary_page_test.dart: independent diary uses shared sections, preserves draft and saves 320.0/1.0
00:50 +1677 -6: /Users/lute/project/momcozy-lab/app/test/modules/mom/mother_diary_page_test.dart: independent diary uses shared sections, preserves draft and saves 320.0/1.0
00:50 +1678 -6: /Users/lute/project/momcozy-lab/app/test/modules/mom/mother_diary_page_test.dart: independent diary uses shared sections, preserves draft and saves 320.0/1.0
00:50 +1679 -6: /Users/lute/project/momcozy-lab/app/test/modules/mom/mother_diary_page_test.dart: independent diary uses shared sections, preserves draft and saves 320.0/1.0
00:50 +1680 -6: /Users/lute/project/momcozy-lab/app/test/modules/mom/mother_diary_page_test.dart: independent diary uses shared sections, preserves draft and saves 320.0/1.0
00:50 +1681 -6: /Users/lute/project/momcozy-lab/app/test/modules/mom/mother_diary_page_test.dart: independent diary uses shared sections, preserves draft and saves 320.0/1.0
00:50 +1682 -6: /Users/lute/project/momcozy-lab/app/test/modules/mom/mother_diary_page_test.dart: independent diary uses shared sections, preserves draft and saves 320.0/1.0
00:50 +1683 -6: /Users/lute/project/momcozy-lab/app/test/modules/mom/mother_diary_page_test.dart: independent diary uses shared sections, preserves draft and saves 320.0/1.0
00:50 +1684 -6: /Users/lute/project/momcozy-lab/app/test/modules/mom/mother_diary_page_test.dart: independent diary uses shared sections, preserves draft and saves 320.0/1.0
00:50 +1685 -6: /Users/lute/project/momcozy-lab/app/test/modules/mom/mother_diary_states_test.dart: diary optional and conditional fields save without stale values 390.0/2.0
00:51 +1686 -6: /Users/lute/project/momcozy-lab/app/test/modules/mom/mother_diary_states_test.dart: diary optional and conditional fields save without stale values 390.0/2.0
00:51 +1687 -6: /Users/lute/project/momcozy-lab/app/test/modules/mom/mother_diary_states_test.dart: diary optional and conditional fields save without stale values 390.0/2.0
00:51 +1688 -6: /Users/lute/project/momcozy-lab/app/test/modules/mom/mother_diary_test.dart: app router opens the selected diary section with the current API
00:51 +1689 -6: /Users/lute/project/momcozy-lab/app/test/modules/mom/mother_diary_test.dart: app router opens the selected diary section with the current API
00:51 +1690 -6: /Users/lute/project/momcozy-lab/app/test/modules/mom/mother_diary_test.dart: app router opens the selected diary section with the current API
00:51 +1691 -6: /Users/lute/project/momcozy-lab/app/test/modules/mom/mother_diary_test.dart: app router opens the selected diary section with the current API
00:51 +1692 -6: /Users/lute/project/momcozy-lab/app/test/modules/mom/mother_diary_test.dart: app router opens the selected diary section with the current API
00:51 +1693 -6: /Users/lute/project/momcozy-lab/app/test/modules/mom/lactation_states_test.dart: lactation states validate, retry, edit and undo 430.0/2.0
00:51 +1694 -6: /Users/lute/project/momcozy-lab/app/test/modules/mom/lactation_states_test.dart: lactation states validate, retry, edit and undo 430.0/2.0
00:51 +1695 -6: /Users/lute/project/momcozy-lab/app/test/modules/mom/lactation_states_test.dart: lactation states validate, retry, edit and undo 430.0/2.0
00:51 +1696 -6: /Users/lute/project/momcozy-lab/app/test/modules/mom/lactation_states_test.dart: lactation states validate, retry, edit and undo 430.0/2.0
00:51 +1697 -6: /Users/lute/project/momcozy-lab/app/test/modules/mom/lactation_states_test.dart: lactation states validate, retry, edit and undo 430.0/2.0
00:51 +1698 -6: /Users/lute/project/momcozy-lab/app/test/modules/mom/lactation_states_test.dart: lactation states validate, retry, edit and undo 430.0/2.0
00:51 +1699 -6: /Users/lute/project/momcozy-lab/app/test/modules/mom/mother_diary_states_test.dart: diary optional and conditional fields save without stale values 430.0/1.0
00:51 +1700 -6: /Users/lute/project/momcozy-lab/app/test/modules/mom/mother_diary_states_test.dart: diary optional and conditional fields save without stale values 430.0/1.0
00:51 +1701 -6: /Users/lute/project/momcozy-lab/app/test/modules/mom/mother_diary_page_test.dart: independent diary uses shared sections, preserves draft and saves 390.0/1.0
00:51 +1702 -6: /Users/lute/project/momcozy-lab/app/test/modules/mom/mother_diary_page_test.dart: independent diary uses shared sections, preserves draft and saves 390.0/1.0
00:51 +1703 -6: /Users/lute/project/momcozy-lab/app/test/modules/mom/mother_diary_page_test.dart: independent diary uses shared sections, preserves draft and saves 390.0/1.0
00:51 +1704 -6: /Users/lute/project/momcozy-lab/app/test/modules/mom/mother_diary_page_test.dart: independent diary uses shared sections, preserves draft and saves 390.0/1.0
00:51 +1705 -6: /Users/lute/project/momcozy-lab/app/test/modules/mom/mother_diary_states_test.dart: diary optional and conditional fields save without stale values 430.0/2.0
00:51 +1706 -6: /Users/lute/project/momcozy-lab/app/test/modules/mom/mother_diary_states_test.dart: diary optional and conditional fields save without stale values 430.0/2.0
00:51 +1707 -6: /Users/lute/project/momcozy-lab/app/test/modules/mom/mother_diary_states_test.dart: diary optional and conditional fields save without stale values 430.0/2.0
00:51 +1708 -6: /Users/lute/project/momcozy-lab/app/test/modules/mom/mother_diary_states_test.dart: diary optional and conditional fields save without stale values 430.0/2.0
00:52 +1709 -6: /Users/lute/project/momcozy-lab/app/test/modules/mom/mother_diary_states_test.dart: diary optional and conditional fields save without stale values 430.0/2.0
00:52 +1710 -6: /Users/lute/project/momcozy-lab/app/test/modules/mom/mother_diary_states_test.dart: diary optional and conditional fields save without stale values 430.0/2.0
00:52 +1711 -6: /Users/lute/project/momcozy-lab/app/test/modules/mom/mother_diary_states_test.dart: diary optional and conditional fields save without stale values 430.0/2.0
00:52 +1712 -6: /Users/lute/project/momcozy-lab/app/test/modules/mom/mother_diary_states_test.dart: diary optional and conditional fields save without stale values 430.0/2.0
00:52 +1713 -6: /Users/lute/project/momcozy-lab/app/test/modules/mom/mother_diary_page_test.dart: independent diary uses shared sections, preserves draft and saves 430.0/1.0
00:52 +1714 -6: /Users/lute/project/momcozy-lab/app/test/modules/mom/mother_diary_page_test.dart: independent diary uses shared sections, preserves draft and saves 430.0/1.0
00:52 +1715 -6: /Users/lute/project/momcozy-lab/app/test/modules/mom/mother_diary_page_test.dart: independent diary uses shared sections, preserves draft and saves 430.0/1.0
00:52 +1716 -6: /Users/lute/project/momcozy-lab/app/test/modules/mom/mother_forms_design_test.dart: diary body dialog at 430.0 / 1.0
00:52 +1717 -6: /Users/lute/project/momcozy-lab/app/test/modules/mom/mother_diary_page_test.dart: independent diary uses shared sections, preserves draft and saves 430.0/2.0
00:52 +1718 -6: /Users/lute/project/momcozy-lab/app/test/modules/mom/mother_diary_page_test.dart: independent diary uses shared sections, preserves draft and saves 430.0/2.0
00:52 +1719 -6: /Users/lute/project/momcozy-lab/app/test/modules/mom/mother_forms_design_test.dart: diary rest dialog at 430.0 / 2.0
00:52 +1720 -6: /Users/lute/project/momcozy-lab/app/test/modules/mom/mother_diary_page_test.dart: short diary keeps note and save reachable with keyboard and large text
00:52 +1721 -6: /Users/lute/project/momcozy-lab/app/test/modules/mom/mother_forms_design_test.dart: diary body dialog at 430.0 / 2.0
00:52 +1722 -6: /Users/lute/project/momcozy-lab/app/test/modules/mom/mother_forms_design_test.dart: diary mood dialog at 430.0 / 2.0
00:52 +1723 -6: /Users/lute/project/momcozy-lab/app/test/modules/mom/mother_forms_design_test.dart: (tearDownAll)
00:52 +1723 -6: Some tests failed.

Failing tests:
  /Users/lute/project/momcozy-lab/app/test/native/media_pdf_design_test.dart: native PDF preview, scroll and zoom 320.0 / 1.0
  /Users/lute/project/momcozy-lab/app/test/native/media_pdf_design_test.dart: native PDF preview, scroll and zoom 320.0 / 2.0
  /Users/lute/project/momcozy-lab/app/test/native/media_pdf_design_test.dart: native PDF preview, scroll and zoom 390.0 / 1.0
  /Users/lute/project/momcozy-lab/app/test/native/media_pdf_design_test.dart: native PDF preview, scroll and zoom 390.0 / 2.0
  ... and 2 more
