00:00 +0: loading /Users/lute/project/momcozy-lab/app/test/app/mom_navigation_test.dart
00:00 +0: /Users/lute/project/momcozy-lab/app/test/app/typography_design_test.dart: (setUpAll)
00:00 +0: /Users/lute/project/momcozy-lab/app/test/app/typography_design_test.dart: title hierarchy at 320.0 / 1.0
00:00 +1: /Users/lute/project/momcozy-lab/app/test/app/typography_design_test.dart: title hierarchy at 320.0 / 1.0
00:00 +2: /Users/lute/project/momcozy-lab/app/test/features/agent_hub/agent_attachment_design_test.dart: attachment layout and draft actions 320.0/1.0
00:00 +3: /Users/lute/project/momcozy-lab/app/test/features/agent_hub/agent_attachment_design_test.dart: attachment layout and draft actions 320.0/1.0
00:00 +4: /Users/lute/project/momcozy-lab/app/test/features/agent_hub/agent_attachment_design_test.dart: attachment layout and draft actions 320.0/1.0
00:00 +5: /Users/lute/project/momcozy-lab/app/test/features/agent_hub/agent_attachment_design_test.dart: attachment layout and draft actions 320.0/1.0
00:00 +6: /Users/lute/project/momcozy-lab/app/test/features/agent_hub/agent_attachment_design_test.dart: attachment layout and draft actions 320.0/1.0
00:01 +7: /Users/lute/project/momcozy-lab/app/test/features/agent_hub/agent_attachment_design_test.dart: attachment layout and draft actions 320.0/1.0
00:01 +8: /Users/lute/project/momcozy-lab/app/test/features/agent_hub/agent_attachment_design_test.dart: attachment layout and draft actions 320.0/1.0
00:01 +9: /Users/lute/project/momcozy-lab/app/test/features/agent_hub/agent_attachment_design_test.dart: attachment layout and draft actions 320.0/1.0
00:01 +10: /Users/lute/project/momcozy-lab/app/test/features/agent_hub/agent_attachment_design_test.dart: attachment layout and draft actions 320.0/1.0
00:01 +11: /Users/lute/project/momcozy-lab/app/test/features/agent_hub/agent_attachment_design_test.dart: attachment layout and draft actions 320.0/1.0
00:01 +12: /Users/lute/project/momcozy-lab/app/test/features/agent_hub/agent_attachment_design_test.dart: attachment layout and draft actions 320.0/1.0
00:01 +13: /Users/lute/project/momcozy-lab/app/test/features/agent_hub/agent_attachment_design_test.dart: attachment layout and draft actions 320.0/1.0
00:01 +14: /Users/lute/project/momcozy-lab/app/test/features/agent_hub/agent_attachment_design_test.dart: attachment layout and draft actions 320.0/1.0
00:01 +15: /Users/lute/project/momcozy-lab/app/test/features/agent_hub/agent_attachment_design_test.dart: attachment layout and draft actions 320.0/1.0
00:01 +16: /Users/lute/project/momcozy-lab/app/test/features/agent_hub/agent_attachment_design_test.dart: attachment layout and draft actions 320.0/1.0
00:01 +17: /Users/lute/project/momcozy-lab/app/test/features/agent_hub/agent_attachment_design_test.dart: attachment layout and draft actions 320.0/1.0
00:01 +18: /Users/lute/project/momcozy-lab/app/test/features/agent_hub/agent_attachment_design_test.dart: attachment layout and draft actions 320.0/1.0
00:01 +19: /Users/lute/project/momcozy-lab/app/test/features/agent_hub/agent_conversation_design_test.dart: conversation recovery 320.0/1.0
00:01 +20: /Users/lute/project/momcozy-lab/app/test/features/agent_hub/agent_conversation_design_test.dart: conversation recovery 320.0/1.0
00:01 +21: /Users/lute/project/momcozy-lab/app/test/features/agent_hub/agent_conversation_design_test.dart: conversation recovery 320.0/1.0
00:01 +22: /Users/lute/project/momcozy-lab/app/test/features/agent_hub/agent_conversation_design_test.dart: conversation recovery 320.0/1.0
00:01 +23: /Users/lute/project/momcozy-lab/app/test/features/agent_hub/agent_conversation_design_test.dart: conversation recovery 320.0/1.0
00:01 +24: /Users/lute/project/momcozy-lab/app/test/features/agent_hub/agent_conversation_design_test.dart: conversation recovery 320.0/1.0
00:01 +25: /Users/lute/project/momcozy-lab/app/test/features/agent_hub/agent_conversation_design_test.dart: conversation recovery 320.0/1.0
00:01 +26: /Users/lute/project/momcozy-lab/app/test/features/agent_hub/agent_conversation_design_test.dart: conversation recovery 320.0/1.0
00:01 +27: /Users/lute/project/momcozy-lab/app/test/features/agent_hub/agent_conversation_design_test.dart: conversation recovery 320.0/1.0
00:01 +28: /Users/lute/project/momcozy-lab/app/test/features/agent_hub/agent_conversation_design_test.dart: conversation recovery 320.0/1.0
00:02 +29: /Users/lute/project/momcozy-lab/app/test/features/agent_hub/agent_conversation_design_test.dart: conversation recovery 320.0/1.0
00:02 +30: /Users/lute/project/momcozy-lab/app/test/features/agent_hub/agent_form_design_test.dart: form states 320.0/1.0
00:02 +31: /Users/lute/project/momcozy-lab/app/test/features/agent_hub/agent_attachment_design_test.dart: attachment layout and draft actions 390.0/2.0
00:02 +32: /Users/lute/project/momcozy-lab/app/test/features/agent_hub/agent_conversation_design_test.dart: conversation recovery 320.0/2.0
00:02 +33: /Users/lute/project/momcozy-lab/app/test/features/agent_hub/agent_conversation_design_test.dart: conversation recovery 320.0/2.0
00:02 +34: /Users/lute/project/momcozy-lab/app/test/features/agent_hub/agent_conversation_design_test.dart: conversation recovery 320.0/2.0
00:03 +35: /Users/lute/project/momcozy-lab/app/test/features/agent_hub/agent_conversation_design_test.dart: conversation recovery 320.0/2.0
00:03 +36: /Users/lute/project/momcozy-lab/app/test/features/agent_hub/agent_conversation_design_test.dart: conversation recovery 320.0/2.0
00:03 +37: /Users/lute/project/momcozy-lab/app/test/features/agent_hub/agent_conversation_design_test.dart: conversation recovery 320.0/2.0
00:03 +38: /Users/lute/project/momcozy-lab/app/test/features/agent_hub/agent_conversation_design_test.dart: conversation recovery 320.0/2.0
00:03 +39: /Users/lute/project/momcozy-lab/app/test/features/agent_hub/agent_conversation_design_test.dart: conversation recovery 320.0/2.0
00:03 +40: /Users/lute/project/momcozy-lab/app/test/features/agent_hub/agent_conversation_design_test.dart: conversation recovery 320.0/2.0
00:03 +41: /Users/lute/project/momcozy-lab/app/test/features/agent_hub/agent_conversation_design_test.dart: conversation recovery 320.0/2.0
00:03 +42: /Users/lute/project/momcozy-lab/app/test/features/agent_hub/agent_conversation_design_test.dart: conversation recovery 320.0/2.0
00:03 +43: /Users/lute/project/momcozy-lab/app/test/features/agent_hub/agent_conversation_design_test.dart: conversation recovery 320.0/2.0
00:03 +44: /Users/lute/project/momcozy-lab/app/test/features/agent_hub/agent_form_design_test.dart: form states 390.0/1.0
00:03 +45: /Users/lute/project/momcozy-lab/app/test/features/agent_hub/agent_form_design_test.dart: form states 390.0/1.0
00:03 +46: /Users/lute/project/momcozy-lab/app/test/features/agent_hub/agent_form_design_test.dart: form states 390.0/1.0
00:03 +47: /Users/lute/project/momcozy-lab/app/test/features/agent_hub/agent_form_design_test.dart: form states 390.0/1.0
00:03 +48: /Users/lute/project/momcozy-lab/app/test/features/agent_hub/agent_form_design_test.dart: form states 390.0/1.0
00:03 +49: /Users/lute/project/momcozy-lab/app/test/features/agent_hub/agent_message_menu_design_test.dart: message menu 320.0/1.0
00:04 +50: /Users/lute/project/momcozy-lab/app/test/features/agent_hub/agent_message_menu_design_test.dart: message menu 320.0/1.0
00:04 +51: /Users/lute/project/momcozy-lab/app/test/features/agent_hub/agent_message_menu_design_test.dart: message menu 320.0/1.0
00:04 +52: /Users/lute/project/momcozy-lab/app/test/features/agent_hub/agent_message_menu_design_test.dart: message menu 320.0/1.0
00:04 +53: /Users/lute/project/momcozy-lab/app/test/features/agent_hub/agent_message_menu_design_test.dart: message menu 320.0/1.0
00:04 +54: /Users/lute/project/momcozy-lab/app/test/features/agent_hub/agent_message_menu_design_test.dart: message menu 320.0/1.0
00:04 +55: /Users/lute/project/momcozy-lab/app/test/features/agent_hub/agent_message_menu_design_test.dart: message menu 320.0/1.0
00:04 +56: /Users/lute/project/momcozy-lab/app/test/features/agent_hub/agent_message_menu_design_test.dart: message menu 320.0/1.0
00:04 +57: /Users/lute/project/momcozy-lab/app/test/features/agent_hub/agent_history_design_test.dart: history states 320.0/2.0
00:04 +58: /Users/lute/project/momcozy-lab/app/test/features/agent_hub/agent_history_design_test.dart: history states 320.0/2.0
00:04 +59: /Users/lute/project/momcozy-lab/app/test/features/agent_hub/agent_history_design_test.dart: history states 320.0/2.0
00:04 +60: /Users/lute/project/momcozy-lab/app/test/features/agent_hub/agent_conversation_design_test.dart: conversation recovery 390.0/1.0
00:04 +61: /Users/lute/project/momcozy-lab/app/test/features/agent_hub/agent_conversation_design_test.dart: conversation recovery 390.0/1.0
00:04 +62: /Users/lute/project/momcozy-lab/app/test/features/agent_hub/agent_conversation_design_test.dart: conversation recovery 390.0/1.0
00:04 +63: /Users/lute/project/momcozy-lab/app/test/features/agent_hub/agent_form_design_test.dart: form states 390.0/2.0
00:04 +64: /Users/lute/project/momcozy-lab/app/test/features/agent_hub/agent_form_design_test.dart: form states 390.0/2.0
00:04 +65: /Users/lute/project/momcozy-lab/app/test/features/agent_hub/agent_form_design_test.dart: form states 390.0/2.0
00:04 +66: /Users/lute/project/momcozy-lab/app/test/features/agent_hub/agent_form_design_test.dart: form states 390.0/2.0
00:04 +67: /Users/lute/project/momcozy-lab/app/test/features/agent_hub/agent_history_design_test.dart: history states 390.0/1.0
00:04 +68: /Users/lute/project/momcozy-lab/app/test/features/agent_hub/agent_history_design_test.dart: history states 390.0/1.0
00:04 +69: /Users/lute/project/momcozy-lab/app/test/features/agent_hub/agent_history_design_test.dart: history states 390.0/1.0
00:04 +70: /Users/lute/project/momcozy-lab/app/test/features/agent_hub/agent_history_design_test.dart: history states 390.0/1.0
00:05 +71: /Users/lute/project/momcozy-lab/app/test/features/agent_hub/agent_history_design_test.dart: history states 390.0/1.0
00:05 +72: /Users/lute/project/momcozy-lab/app/test/features/agent_hub/agent_history_design_test.dart: history states 390.0/1.0
00:05 +73: /Users/lute/project/momcozy-lab/app/test/features/agent_hub/agent_history_design_test.dart: history states 390.0/1.0
00:05 +74: /Users/lute/project/momcozy-lab/app/test/features/agent_hub/agent_history_design_test.dart: history states 390.0/1.0
00:05 +75: /Users/lute/project/momcozy-lab/app/test/features/agent_hub/agent_history_design_test.dart: history states 390.0/1.0
00:05 +76: /Users/lute/project/momcozy-lab/app/test/features/agent_hub/agent_conversation_design_test.dart: conversation recovery 390.0/2.0
00:05 +77: /Users/lute/project/momcozy-lab/app/test/features/agent_hub/agent_conversation_design_test.dart: conversation recovery 390.0/2.0
00:05 +78: /Users/lute/project/momcozy-lab/app/test/features/agent_hub/agent_conversation_design_test.dart: conversation recovery 390.0/2.0
00:05 +79: /Users/lute/project/momcozy-lab/app/test/features/agent_hub/agent_conversation_design_test.dart: conversation recovery 390.0/2.0
00:05 +80: /Users/lute/project/momcozy-lab/app/test/features/agent_hub/agent_conversation_design_test.dart: conversation recovery 390.0/2.0
00:05 +81: /Users/lute/project/momcozy-lab/app/test/features/agent_hub/agent_conversation_design_test.dart: conversation recovery 390.0/2.0
00:06 +82: /Users/lute/project/momcozy-lab/app/test/features/agent_hub/agent_form_design_test.dart: form states 430.0/2.0
00:06 +83: /Users/lute/project/momcozy-lab/app/test/features/agent_hub/agent_history_design_test.dart: history states 430.0/1.0
00:06 +84: /Users/lute/project/momcozy-lab/app/test/features/agent_hub/agent_history_design_test.dart: history states 430.0/1.0
00:06 +85: /Users/lute/project/momcozy-lab/app/test/features/agent_hub/agent_history_design_test.dart: history states 430.0/1.0
00:06 +86: /Users/lute/project/momcozy-lab/app/test/features/agent_hub/agent_history_design_test.dart: history states 430.0/1.0
00:06 +87: /Users/lute/project/momcozy-lab/app/test/features/agent_hub/agent_result_design_test.dart: result cards 320.0/1.0
00:06 +88: /Users/lute/project/momcozy-lab/app/test/features/agent_hub/agent_result_design_test.dart: result cards 320.0/1.0
00:06 +89: /Users/lute/project/momcozy-lab/app/test/features/agent_hub/agent_voice_design_test.dart: voice states 320.0/1.0
00:06 +90: /Users/lute/project/momcozy-lab/app/test/features/agent_hub/agent_voice_design_test.dart: voice states 320.0/1.0
00:07 +91: /Users/lute/project/momcozy-lab/app/test/features/agent_hub/agent_voice_design_test.dart: voice states 320.0/1.0
00:07 +92: /Users/lute/project/momcozy-lab/app/test/features/agent_hub/agent_voice_design_test.dart: voice states 320.0/1.0
00:07 +93: /Users/lute/project/momcozy-lab/app/test/features/agent_hub/agent_history_design_test.dart: history states 430.0/2.0
00:07 +94: /Users/lute/project/momcozy-lab/app/test/features/agent_hub/agent_conversation_design_test.dart: conversation recovery 430.0/2.0
00:07 +95: /Users/lute/project/momcozy-lab/app/test/features/agent_hub/agent_conversation_design_test.dart: conversation recovery 430.0/2.0
00:07 +96: /Users/lute/project/momcozy-lab/app/test/features/agent_hub/agent_conversation_design_test.dart: conversation recovery 430.0/2.0
00:07 +97: /Users/lute/project/momcozy-lab/app/test/features/agent_hub/agent_conversation_design_test.dart: conversation recovery 430.0/2.0
00:07 +98: /Users/lute/project/momcozy-lab/app/test/features/agent_hub/agent_conversation_design_test.dart: conversation recovery 430.0/2.0
00:07 +99: /Users/lute/project/momcozy-lab/app/test/features/agent_hub/agent_conversation_design_test.dart: conversation recovery 430.0/2.0
00:07 +100: /Users/lute/project/momcozy-lab/app/test/features/agent_hub/agent_conversation_design_test.dart: conversation recovery 430.0/2.0
00:07 +101: /Users/lute/project/momcozy-lab/app/test/features/agent_hub/agent_conversation_design_test.dart: conversation recovery 430.0/2.0
00:07 +102: /Users/lute/project/momcozy-lab/app/test/features/agent_hub/agent_conversation_design_test.dart: conversation recovery 430.0/2.0
00:07 +103: /Users/lute/project/momcozy-lab/app/test/features/agent_hub/agent_conversation_design_test.dart: conversation recovery 430.0/2.0
00:07 +104: /Users/lute/project/momcozy-lab/app/test/features/agent_hub/agent_conversation_design_test.dart: conversation recovery 430.0/2.0
00:07 +105: /Users/lute/project/momcozy-lab/app/test/features/agent_hub/agent_conversation_design_test.dart: conversation recovery 430.0/2.0
00:07 +106: /Users/lute/project/momcozy-lab/app/test/features/agent_hub/agent_conversation_design_test.dart: conversation recovery 430.0/2.0
00:08 +107: /Users/lute/project/momcozy-lab/app/test/features/agent_hub/agent_conversation_design_test.dart: conversation recovery 430.0/2.0
00:08 +108: /Users/lute/project/momcozy-lab/app/test/features/agent_hub/agent_conversation_design_test.dart: conversation recovery 430.0/2.0
00:08 +109: /Users/lute/project/momcozy-lab/app/test/features/agent_hub/agent_conversation_design_test.dart: conversation recovery 430.0/2.0
00:08 +110: /Users/lute/project/momcozy-lab/app/test/features/agent_hub/agent_conversation_design_test.dart: conversation recovery 430.0/2.0
00:08 +111: /Users/lute/project/momcozy-lab/app/test/features/agent_hub/agent_conversation_design_test.dart: conversation recovery 430.0/2.0
00:08 +112: /Users/lute/project/momcozy-lab/app/test/features/agent_hub/agent_conversation_design_test.dart: conversation recovery 430.0/2.0
00:08 +113: /Users/lute/project/momcozy-lab/app/test/features/agent_hub/agent_conversation_design_test.dart: conversation recovery 430.0/2.0
00:08 +114: /Users/lute/project/momcozy-lab/app/test/features/agent_hub/agent_conversation_design_test.dart: conversation recovery 430.0/2.0
00:08 +115: /Users/lute/project/momcozy-lab/app/test/features/agent_hub/agent_conversation_design_test.dart: conversation recovery 430.0/2.0
00:08 +116: /Users/lute/project/momcozy-lab/app/test/features/agent_hub/agent_conversation_design_test.dart: conversation recovery 430.0/2.0
00:08 +117: /Users/lute/project/momcozy-lab/app/test/features/agent_hub/agent_conversation_design_test.dart: conversation recovery 430.0/2.0
00:08 +118: /Users/lute/project/momcozy-lab/app/test/features/agent_hub/agent_conversation_design_test.dart: conversation recovery 430.0/2.0
00:08 +119: /Users/lute/project/momcozy-lab/app/test/features/agent_hub/agent_conversation_design_test.dart: conversation recovery 430.0/2.0
00:08 +120: /Users/lute/project/momcozy-lab/app/test/features/agent_hub/agent_conversation_design_test.dart: conversation recovery 430.0/2.0
00:08 +121: /Users/lute/project/momcozy-lab/app/test/features/agent_hub/agent_conversation_design_test.dart: conversation recovery 430.0/2.0
00:08 +122: /Users/lute/project/momcozy-lab/app/test/features/agent_hub/agent_conversation_design_test.dart: conversation recovery 430.0/2.0
00:08 +123: /Users/lute/project/momcozy-lab/app/test/features/agent_hub/agent_conversation_design_test.dart: conversation recovery 430.0/2.0
00:08 +124: /Users/lute/project/momcozy-lab/app/test/features/agent_hub/agent_conversation_design_test.dart: conversation recovery 430.0/2.0
00:08 +125: /Users/lute/project/momcozy-lab/app/test/features/agent_hub/agent_conversation_design_test.dart: conversation recovery 430.0/2.0
00:08 +126: /Users/lute/project/momcozy-lab/app/test/features/agent_hub/agent_conversation_design_test.dart: conversation recovery 430.0/2.0
00:08 +127: /Users/lute/project/momcozy-lab/app/test/features/agent_hub/agent_conversation_design_test.dart: conversation recovery 430.0/2.0
00:08 +128: /Users/lute/project/momcozy-lab/app/test/features/agent_hub/agent_conversation_design_test.dart: conversation recovery 430.0/2.0
00:08 +129: /Users/lute/project/momcozy-lab/app/test/features/agent_hub/agent_conversation_design_test.dart: conversation recovery 430.0/2.0
00:08 +130: /Users/lute/project/momcozy-lab/app/test/features/agent_hub/agent_conversation_design_test.dart: conversation recovery 430.0/2.0
00:08 +131: /Users/lute/project/momcozy-lab/app/test/features/agent_hub/agent_conversation_design_test.dart: conversation recovery 430.0/2.0
00:08 +131: /Users/lute/project/momcozy-lab/app/test/features/motion_assessment/presentation/motion_assessment_controller_test.dart: stops the local camera when native pose inference fails
Motion pose stream failed: PlatformException(pose_inference_failed, MediaPipe execution failed, null, null)
00:08 +132: /Users/lute/project/momcozy-lab/app/test/features/agent_hub/agent_conversation_design_test.dart: conversation recovery 430.0/2.0
00:08 +133: /Users/lute/project/momcozy-lab/app/test/features/agent_hub/agent_conversation_design_test.dart: conversation recovery 430.0/2.0
00:08 +134: /Users/lute/project/momcozy-lab/app/test/features/agent_hub/agent_conversation_design_test.dart: conversation recovery 430.0/2.0
00:08 +135: /Users/lute/project/momcozy-lab/app/test/features/agent_hub/agent_conversation_design_test.dart: conversation recovery 430.0/2.0
00:08 +136: /Users/lute/project/momcozy-lab/app/test/features/agent_hub/agent_conversation_design_test.dart: conversation recovery 430.0/2.0
00:08 +137: /Users/lute/project/momcozy-lab/app/test/features/agent_hub/agent_conversation_design_test.dart: conversation recovery 430.0/2.0
00:08 +138: /Users/lute/project/momcozy-lab/app/test/features/agent_hub/agent_conversation_design_test.dart: conversation recovery 430.0/2.0
00:08 +139: /Users/lute/project/momcozy-lab/app/test/features/agent_hub/agent_conversation_design_test.dart: conversation recovery 430.0/2.0
00:08 +140: /Users/lute/project/momcozy-lab/app/test/features/agent_hub/agent_conversation_design_test.dart: conversation recovery 430.0/2.0
00:08 +141: /Users/lute/project/momcozy-lab/app/test/features/agent_hub/agent_voice_design_test.dart: voice states 320.0/2.0
00:08 +142: /Users/lute/project/momcozy-lab/app/test/features/agent_hub/agent_voice_design_test.dart: voice states 320.0/2.0
00:08 +143: /Users/lute/project/momcozy-lab/app/test/features/agent_hub/agent_voice_design_test.dart: voice states 320.0/2.0
00:08 +144: /Users/lute/project/momcozy-lab/app/test/features/motion_assessment/presentation/motion_assessment_controller_test.dart: gives a standing person a full-height guide on a portrait phone
00:08 +145: /Users/lute/project/momcozy-lab/app/test/features/motion_assessment/presentation/motion_assessment_controller_test.dart: gives a standing person a full-height guide on a portrait phone
00:08 +146: /Users/lute/project/momcozy-lab/app/test/features/motion_assessment/presentation/motion_assessment_controller_test.dart: gives a standing person a full-height guide on a portrait phone
00:08 +147: /Users/lute/project/momcozy-lab/app/test/features/motion_assessment/presentation/motion_assessment_controller_test.dart: gives a standing person a full-height guide on a portrait phone
00:08 +148: /Users/lute/project/momcozy-lab/app/test/features/motion_assessment/presentation/motion_assessment_controller_test.dart: gives a standing person a full-height guide on a portrait phone
00:08 +149: /Users/lute/project/momcozy-lab/app/test/features/agent_hub/agent_voice_design_test.dart: voice states 390.0/1.0
00:08 +150: /Users/lute/project/momcozy-lab/app/test/features/agent_hub/agent_voice_design_test.dart: voice states 390.0/1.0
00:08 +151: /Users/lute/project/momcozy-lab/app/test/features/agent_hub/agent_voice_design_test.dart: voice states 390.0/1.0
00:08 +152: /Users/lute/project/momcozy-lab/app/test/features/agent_hub/agent_voice_design_test.dart: voice states 390.0/1.0
00:08 +153: /Users/lute/project/momcozy-lab/app/test/features/agent_hub/agent_voice_design_test.dart: voice states 390.0/1.0
00:08 +154: /Users/lute/project/momcozy-lab/app/test/features/agent_hub/agent_voice_design_test.dart: voice states 390.0/1.0
00:08 +155: /Users/lute/project/momcozy-lab/app/test/features/agent_hub/agent_voice_design_test.dart: voice states 390.0/1.0
00:08 +156: /Users/lute/project/momcozy-lab/app/test/features/agent_hub/agent_voice_design_test.dart: voice states 390.0/1.0
00:08 +157: /Users/lute/project/momcozy-lab/app/test/features/agent_hub/agent_voice_design_test.dart: voice states 390.0/1.0
00:08 +158: /Users/lute/project/momcozy-lab/app/test/features/agent_hub/agent_voice_design_test.dart: voice states 390.0/1.0
00:08 +159: /Users/lute/project/momcozy-lab/app/test/features/agent_hub/agent_voice_design_test.dart: voice states 390.0/1.0
00:08 +160: /Users/lute/project/momcozy-lab/app/test/features/agent_hub/agent_voice_design_test.dart: voice states 390.0/1.0
00:08 +161: /Users/lute/project/momcozy-lab/app/test/features/agent_hub/agent_voice_design_test.dart: voice states 390.0/1.0
00:08 +162: /Users/lute/project/momcozy-lab/app/test/features/agent_hub/agent_voice_design_test.dart: voice states 390.0/1.0
00:08 +163: /Users/lute/project/momcozy-lab/app/test/features/agent_hub/agent_voice_design_test.dart: voice states 390.0/1.0
00:08 +164: /Users/lute/project/momcozy-lab/app/test/features/agent_hub/agent_voice_design_test.dart: voice states 390.0/1.0
00:08 +165: /Users/lute/project/momcozy-lab/app/test/features/agent_hub/agent_voice_design_test.dart: voice states 390.0/1.0
00:08 +166: /Users/lute/project/momcozy-lab/app/test/features/agent_hub/agent_voice_design_test.dart: voice states 390.0/1.0
00:08 +167: /Users/lute/project/momcozy-lab/app/test/features/agent_hub/agent_voice_design_test.dart: voice states 390.0/1.0
00:08 +168: /Users/lute/project/momcozy-lab/app/test/features/agent_hub/agent_voice_design_test.dart: voice states 390.0/1.0
00:08 +169: /Users/lute/project/momcozy-lab/app/test/features/motion_assessment/presentation/motion_assessment_controller_test.dart: motion responsive failure retry and exit 320.0 / 1.0
00:08 +170: /Users/lute/project/momcozy-lab/app/test/features/motion_assessment/presentation/motion_assessment_controller_test.dart: motion responsive failure retry and exit 320.0 / 1.0
00:08 +171: /Users/lute/project/momcozy-lab/app/test/features/motion_assessment/presentation/motion_assessment_controller_test.dart: motion responsive failure retry and exit 320.0 / 1.0
Motion pose stream failed: PlatformException(pose_model_initialization_failed, null, null, null)
00:08 +172: /Users/lute/project/momcozy-lab/app/test/features/motion_assessment/presentation/motion_assessment_controller_test.dart: motion responsive failure retry and exit 320.0 / 1.0
00:09 +173: /Users/lute/project/momcozy-lab/app/test/features/motion_assessment/presentation/motion_assessment_controller_test.dart: motion responsive failure retry and exit 320.0 / 1.0
00:09 +174: /Users/lute/project/momcozy-lab/app/test/features/auth/auth_design_test.dart: email entry and registration at 390.0 / 2.0
00:09 +175: /Users/lute/project/momcozy-lab/app/test/features/auth/auth_design_test.dart: email entry and registration at 390.0 / 2.0
00:09 +176: /Users/lute/project/momcozy-lab/app/test/features/auth/auth_design_test.dart: email entry and registration at 390.0 / 2.0
00:09 +177: /Users/lute/project/momcozy-lab/app/test/features/agent_hub/agent_voice_design_test.dart: voice states 390.0/2.0
00:09 +178: /Users/lute/project/momcozy-lab/app/test/features/agent_hub/agent_voice_design_test.dart: voice states 390.0/2.0
00:09 +178: /Users/lute/project/momcozy-lab/app/test/features/motion_assessment/presentation/motion_assessment_controller_test.dart: motion responsive failure retry and exit 320.0 / 2.0
Motion pose stream failed: PlatformException(pose_model_initialization_failed, null, null, null)
00:09 +179: /Users/lute/project/momcozy-lab/app/test/features/agent_hub/agent_voice_design_test.dart: voice states 390.0/2.0
00:09 +180: /Users/lute/project/momcozy-lab/app/test/features/agent_hub/agent_voice_design_test.dart: voice states 390.0/2.0
00:09 +181: /Users/lute/project/momcozy-lab/app/test/features/agent_hub/agent_voice_design_test.dart: voice states 390.0/2.0
00:09 +182: /Users/lute/project/momcozy-lab/app/test/features/agent_hub/agent_voice_design_test.dart: voice states 390.0/2.0
00:09 +182: /Users/lute/project/momcozy-lab/app/test/features/motion_assessment/presentation/motion_assessment_controller_test.dart: motion responsive failure retry and exit 390.0 / 1.0
Motion pose stream failed: PlatformException(pose_model_initialization_failed, null, null, null)
00:09 +183: /Users/lute/project/momcozy-lab/app/test/features/agent_hub/agent_voice_design_test.dart: voice states 390.0/2.0
00:09 +184: /Users/lute/project/momcozy-lab/app/test/features/agent_hub/agent_voice_design_test.dart: voice states 390.0/2.0
00:09 +185: /Users/lute/project/momcozy-lab/app/test/features/agent_hub/agent_voice_design_test.dart: voice states 390.0/2.0
00:09 +186: /Users/lute/project/momcozy-lab/app/test/features/agent_hub/agent_voice_design_test.dart: voice states 390.0/2.0
00:09 +186: /Users/lute/project/momcozy-lab/app/test/features/motion_assessment/presentation/motion_assessment_controller_test.dart: motion responsive failure retry and exit 390.0 / 2.0
Motion pose stream failed: PlatformException(pose_model_initialization_failed, null, null, null)
00:09 +187: /Users/lute/project/momcozy-lab/app/test/features/agent_hub/agent_voice_design_test.dart: voice states 390.0/2.0
00:09 +188: /Users/lute/project/momcozy-lab/app/test/features/agent_hub/agent_voice_design_test.dart: voice states 390.0/2.0
00:09 +189: /Users/lute/project/momcozy-lab/app/test/features/agent_hub/agent_voice_design_test.dart: voice states 390.0/2.0
00:09 +190: /Users/lute/project/momcozy-lab/app/test/features/agent_hub/agent_voice_design_test.dart: voice states 390.0/2.0
00:09 +190: /Users/lute/project/momcozy-lab/app/test/features/motion_assessment/presentation/motion_assessment_controller_test.dart: motion responsive failure retry and exit 430.0 / 1.0
Motion pose stream failed: PlatformException(pose_model_initialization_failed, null, null, null)
00:09 +191: /Users/lute/project/momcozy-lab/app/test/features/agent_hub/agent_voice_design_test.dart: voice states 390.0/2.0
00:09 +192: /Users/lute/project/momcozy-lab/app/test/features/agent_hub/agent_voice_design_test.dart: voice states 390.0/2.0
00:09 +193: /Users/lute/project/momcozy-lab/app/test/features/agent_hub/agent_voice_design_test.dart: voice states 390.0/2.0
00:09 +193: /Users/lute/project/momcozy-lab/app/test/features/motion_assessment/presentation/motion_assessment_controller_test.dart: motion responsive failure retry and exit 430.0 / 2.0
Motion pose stream failed: PlatformException(pose_model_initialization_failed, null, null, null)
00:09 +194: /Users/lute/project/momcozy-lab/app/test/features/agent_hub/agent_voice_design_test.dart: voice states 390.0/2.0
00:09 +195: /Users/lute/project/momcozy-lab/app/test/features/agent_hub/agent_voice_design_test.dart: voice states 390.0/2.0
00:09 +196: /Users/lute/project/momcozy-lab/app/test/features/agent_hub/agent_voice_design_test.dart: voice states 390.0/2.0
00:09 +197: /Users/lute/project/momcozy-lab/app/test/features/agent_hub/agent_voice_design_test.dart: voice states 390.0/2.0
00:09 +198: /Users/lute/project/momcozy-lab/app/test/features/agent_hub/agent_voice_design_test.dart: voice states 390.0/2.0
00:09 +199: /Users/lute/project/momcozy-lab/app/test/features/agent_hub/agent_voice_design_test.dart: voice states 390.0/2.0
00:09 +200: /Users/lute/project/momcozy-lab/app/test/features/agent_hub/agent_voice_design_test.dart: voice states 390.0/2.0
00:09 +201: /Users/lute/project/momcozy-lab/app/test/features/agent_hub/agent_voice_design_test.dart: voice states 390.0/2.0
00:09 +202: /Users/lute/project/momcozy-lab/app/test/features/agent_hub/agent_voice_design_test.dart: voice states 390.0/2.0
00:09 +203: /Users/lute/project/momcozy-lab/app/test/features/agent_hub/agent_voice_design_test.dart: voice states 390.0/2.0
00:09 +204: /Users/lute/project/momcozy-lab/app/test/features/onboarding/onboarding_design_test.dart: onboarding profile forms at 320.0 / 1.0
00:09 +205: /Users/lute/project/momcozy-lab/app/test/features/onboarding/onboarding_design_test.dart: onboarding profile forms at 320.0 / 1.0
00:09 +206: /Users/lute/project/momcozy-lab/app/test/features/onboarding/onboarding_design_test.dart: onboarding profile forms at 320.0 / 1.0
00:09 +207: /Users/lute/project/momcozy-lab/app/test/features/onboarding/onboarding_design_test.dart: onboarding profile forms at 320.0 / 1.0
00:10 +208: /Users/lute/project/momcozy-lab/app/test/features/onboarding/onboarding_design_test.dart: onboarding profile forms at 320.0 / 1.0
00:10 +209: /Users/lute/project/momcozy-lab/app/test/features/onboarding/onboarding_design_test.dart: onboarding profile forms at 320.0 / 1.0
00:10 +210: /Users/lute/project/momcozy-lab/app/test/features/onboarding/onboarding_design_test.dart: onboarding profile forms at 320.0 / 1.0
00:10 +211: /Users/lute/project/momcozy-lab/app/test/features/onboarding/onboarding_design_test.dart: onboarding profile forms at 320.0 / 1.0
00:10 +212: /Users/lute/project/momcozy-lab/app/test/features/onboarding/onboarding_design_test.dart: onboarding profile forms at 320.0 / 1.0
00:10 +213: /Users/lute/project/momcozy-lab/app/test/features/onboarding/onboarding_design_test.dart: onboarding profile forms at 320.0 / 1.0
00:10 +214: /Users/lute/project/momcozy-lab/app/test/features/onboarding/onboarding_design_test.dart: onboarding profile forms at 320.0 / 1.0
00:10 +215: /Users/lute/project/momcozy-lab/app/test/features/onboarding/onboarding_design_test.dart: onboarding profile forms at 320.0 / 1.0
00:10 +216: /Users/lute/project/momcozy-lab/app/test/features/onboarding/onboarding_design_test.dart: onboarding profile forms at 320.0 / 1.0
00:10 +217: /Users/lute/project/momcozy-lab/app/test/features/onboarding/onboarding_design_test.dart: onboarding profile forms at 320.0 / 1.0
00:10 +218: /Users/lute/project/momcozy-lab/app/test/features/onboarding/onboarding_design_test.dart: onboarding profile forms at 320.0 / 1.0
00:10 +219: /Users/lute/project/momcozy-lab/app/test/features/onboarding/onboarding_design_test.dart: onboarding profile forms at 320.0 / 1.0
00:10 +220: /Users/lute/project/momcozy-lab/app/test/features/onboarding/onboarding_design_test.dart: onboarding profile forms at 320.0 / 1.0
00:10 +221: /Users/lute/project/momcozy-lab/app/test/features/onboarding/onboarding_reading_test.dart: onboarding reading 320.0/1.0
00:10 +222: /Users/lute/project/momcozy-lab/app/test/features/onboarding/onboarding_reading_test.dart: onboarding reading 320.0/1.0
00:10 +223: /Users/lute/project/momcozy-lab/app/test/features/onboarding/onboarding_reading_test.dart: onboarding reading 320.0/1.0
00:10 +224: /Users/lute/project/momcozy-lab/app/test/features/onboarding/onboarding_reading_test.dart: onboarding reading 320.0/1.0
00:10 +225: /Users/lute/project/momcozy-lab/app/test/features/onboarding/onboarding_reading_test.dart: onboarding reading 320.0/1.0
00:10 +226: /Users/lute/project/momcozy-lab/app/test/features/onboarding/onboarding_reading_test.dart: onboarding reading 320.0/1.0
00:10 +227: /Users/lute/project/momcozy-lab/app/test/features/onboarding/onboarding_reading_test.dart: onboarding reading 320.0/1.0
00:10 +228: /Users/lute/project/momcozy-lab/app/test/features/onboarding/onboarding_reading_test.dart: onboarding reading 320.0/1.0
00:10 +229: /Users/lute/project/momcozy-lab/app/test/modules/baby/baby_editor_states_test.dart: wet keeps its primary action visible at 320.0/1.0
00:10 +230: /Users/lute/project/momcozy-lab/app/test/modules/baby/baby_editor_states_test.dart: wet keeps its primary action visible at 320.0/1.0
00:10 +231: /Users/lute/project/momcozy-lab/app/test/modules/baby/baby_editor_states_test.dart: wet keeps its primary action visible at 320.0/1.0
00:10 +232: /Users/lute/project/momcozy-lab/app/test/modules/baby/baby_editor_states_test.dart: wet keeps its primary action visible at 320.0/1.0
00:10 +233: /Users/lute/project/momcozy-lab/app/test/modules/baby/baby_editor_states_test.dart: wet keeps its primary action visible at 320.0/1.0
00:10 +234: /Users/lute/project/momcozy-lab/app/test/modules/baby/baby_editor_states_test.dart: wet keeps its primary action visible at 320.0/1.0
00:10 +235: /Users/lute/project/momcozy-lab/app/test/modules/baby/baby_editor_states_test.dart: wet keeps its primary action visible at 320.0/1.0
00:10 +236: /Users/lute/project/momcozy-lab/app/test/features/agent_hub/agent_voice_design_test.dart: voice states 430.0/2.0
00:10 +237: /Users/lute/project/momcozy-lab/app/test/features/agent_hub/agent_voice_design_test.dart: voice states 430.0/2.0
00:11 +238: /Users/lute/project/momcozy-lab/app/test/features/agent_hub/agent_voice_design_test.dart: voice states 430.0/2.0
00:11 +239: /Users/lute/project/momcozy-lab/app/test/features/agent_hub/agent_voice_design_test.dart: voice states 430.0/2.0
00:11 +240: /Users/lute/project/momcozy-lab/app/test/features/agent_hub/agent_voice_design_test.dart: voice states 430.0/2.0
00:11 +241: /Users/lute/project/momcozy-lab/app/test/features/agent_hub/agent_voice_design_test.dart: voice states 430.0/2.0
00:11 +242: /Users/lute/project/momcozy-lab/app/test/features/agent_hub/agent_voice_design_test.dart: voice states 430.0/2.0
00:11 +243: /Users/lute/project/momcozy-lab/app/test/features/agent_hub/agent_voice_design_test.dart: voice states 430.0/2.0
00:11 +244: /Users/lute/project/momcozy-lab/app/test/features/agent_hub/agent_voice_design_test.dart: voice states 430.0/2.0
00:11 +245: /Users/lute/project/momcozy-lab/app/test/features/agent_hub/agent_voice_design_test.dart: voice states 430.0/2.0
00:11 +246: /Users/lute/project/momcozy-lab/app/test/features/onboarding/onboarding_reading_test.dart: onboarding reading 390.0/2.0
00:11 +247: /Users/lute/project/momcozy-lab/app/test/modules/baby/baby_growth_empty_state_test.dart: missing birth growth profile at 320.0/1.0 is actionable without fabricated reference
00:11 +248: /Users/lute/project/momcozy-lab/app/test/modules/baby/baby_growth_empty_state_test.dart: missing birth growth profile at 320.0/1.0 is actionable without fabricated reference
00:11 +249: /Users/lute/project/momcozy-lab/app/test/modules/baby/baby_growth_empty_state_test.dart: missing birth growth profile at 320.0/1.0 is actionable without fabricated reference
00:11 +250: /Users/lute/project/momcozy-lab/app/test/modules/baby/baby_growth_empty_state_test.dart: missing birth growth profile at 320.0/1.0 is actionable without fabricated reference
00:11 +251: /Users/lute/project/momcozy-lab/app/test/modules/baby/baby_growth_empty_state_test.dart: missing birth growth profile at 320.0/1.0 is actionable without fabricated reference
00:11 +252: /Users/lute/project/momcozy-lab/app/test/modules/baby/baby_growth_empty_state_test.dart: missing birth growth profile at 320.0/1.0 is actionable without fabricated reference
00:11 +253: /Users/lute/project/momcozy-lab/app/test/modules/baby/baby_growth_empty_state_test.dart: missing birth growth profile at 320.0/1.0 is actionable without fabricated reference
00:11 +254: /Users/lute/project/momcozy-lab/app/test/modules/baby/baby_growth_empty_state_test.dart: missing birth growth profile at 320.0/1.0 is actionable without fabricated reference
00:11 +255: /Users/lute/project/momcozy-lab/app/test/modules/baby/baby_growth_empty_state_test.dart: missing birth growth profile at 320.0/1.0 is actionable without fabricated reference
00:11 +256: /Users/lute/project/momcozy-lab/app/test/modules/baby/baby_growth_empty_state_test.dart: missing birth growth profile at 320.0/1.0 is actionable without fabricated reference
00:11 +257: /Users/lute/project/momcozy-lab/app/test/modules/baby/baby_growth_empty_state_test.dart: missing birth growth profile at 320.0/1.0 is actionable without fabricated reference
00:11 +258: /Users/lute/project/momcozy-lab/app/test/modules/baby/baby_growth_empty_state_test.dart: missing birth growth profile at 320.0/1.0 is actionable without fabricated reference
00:11 +259: /Users/lute/project/momcozy-lab/app/test/modules/baby/baby_growth_empty_state_test.dart: missing birth growth profile at 320.0/1.0 is actionable without fabricated reference
00:11 +260: /Users/lute/project/momcozy-lab/app/test/modules/baby/baby_growth_empty_state_test.dart: missing birth growth profile at 320.0/1.0 is actionable without fabricated reference
00:11 +261: /Users/lute/project/momcozy-lab/app/test/modules/baby/baby_growth_empty_state_test.dart: missing birth growth profile at 320.0/1.0 is actionable without fabricated reference
00:11 +262: /Users/lute/project/momcozy-lab/app/test/modules/baby/baby_growth_empty_state_test.dart: missing birth growth profile at 320.0/1.0 is actionable without fabricated reference
00:11 +263: /Users/lute/project/momcozy-lab/app/test/modules/baby/baby_growth_empty_state_test.dart: missing birth growth profile at 320.0/1.0 is actionable without fabricated reference
00:11 +264: /Users/lute/project/momcozy-lab/app/test/modules/baby/baby_growth_empty_state_test.dart: missing birth growth profile at 320.0/1.0 is actionable without fabricated reference
00:11 +265: /Users/lute/project/momcozy-lab/app/test/modules/baby/baby_growth_empty_state_test.dart: missing birth growth profile at 320.0/1.0 is actionable without fabricated reference
00:11 +266: /Users/lute/project/momcozy-lab/app/test/modules/baby/baby_growth_empty_state_test.dart: missing birth growth profile at 320.0/1.0 is actionable without fabricated reference
00:12 +267: /Users/lute/project/momcozy-lab/app/test/modules/baby/baby_growth_empty_state_test.dart: missing birth growth profile at 320.0/1.0 is actionable without fabricated reference
00:12 +268: /Users/lute/project/momcozy-lab/app/test/modules/baby/baby_growth_empty_state_test.dart: missing birth growth profile at 320.0/1.0 is actionable without fabricated reference
00:12 +269: /Users/lute/project/momcozy-lab/app/test/modules/baby/baby_growth_empty_state_test.dart: missing birth growth profile at 320.0/1.0 is actionable without fabricated reference
00:12 +270: /Users/lute/project/momcozy-lab/app/test/modules/baby/baby_growth_empty_state_test.dart: missing birth growth profile at 320.0/1.0 is actionable without fabricated reference
00:12 +271: /Users/lute/project/momcozy-lab/app/test/modules/baby/baby_growth_empty_state_test.dart: missing birth growth profile at 320.0/1.0 is actionable without fabricated reference
00:12 +272: /Users/lute/project/momcozy-lab/app/test/modules/baby/baby_profile_editor_test.dart: profile dialog scrolls and saves at 320.0 / 1.0 / long=false
00:12 +273: /Users/lute/project/momcozy-lab/app/test/modules/baby/baby_profile_editor_test.dart: profile dialog scrolls and saves at 320.0 / 1.0 / long=false
00:12 +274: /Users/lute/project/momcozy-lab/app/test/modules/baby/baby_profile_editor_test.dart: profile dialog scrolls and saves at 320.0 / 1.0 / long=false
00:12 +275: /Users/lute/project/momcozy-lab/app/test/modules/baby/baby_profile_editor_test.dart: profile dialog scrolls and saves at 320.0 / 1.0 / long=false
00:12 +276: /Users/lute/project/momcozy-lab/app/test/modules/baby/baby_profile_editor_test.dart: profile dialog scrolls and saves at 320.0 / 1.0 / long=false
00:12 +277: /Users/lute/project/momcozy-lab/app/test/modules/baby/baby_profile_editor_test.dart: profile dialog scrolls and saves at 320.0 / 1.0 / long=false
00:12 +278: /Users/lute/project/momcozy-lab/app/test/modules/baby/baby_profile_editor_test.dart: profile dialog scrolls and saves at 320.0 / 1.0 / long=false
00:12 +279: /Users/lute/project/momcozy-lab/app/test/modules/baby/baby_profile_editor_test.dart: profile dialog scrolls and saves at 320.0 / 1.0 / long=false
00:12 +280: /Users/lute/project/momcozy-lab/app/test/modules/baby/baby_profile_editor_test.dart: profile dialog scrolls and saves at 320.0 / 1.0 / long=false
00:12 +281: /Users/lute/project/momcozy-lab/app/test/modules/baby/baby_profile_editor_test.dart: profile dialog scrolls and saves at 320.0 / 1.0 / long=false
00:12 +282: /Users/lute/project/momcozy-lab/app/test/modules/baby/baby_profile_editor_test.dart: profile dialog scrolls and saves at 320.0 / 1.0 / long=false
00:12 +283: /Users/lute/project/momcozy-lab/app/test/modules/baby/baby_profile_editor_test.dart: profile dialog scrolls and saves at 320.0 / 1.0 / long=false
00:12 +284: /Users/lute/project/momcozy-lab/app/test/modules/baby/baby_profile_editor_test.dart: profile dialog scrolls and saves at 320.0 / 1.0 / long=false
00:12 +285: /Users/lute/project/momcozy-lab/app/test/modules/baby/baby_profile_editor_test.dart: profile dialog scrolls and saves at 320.0 / 1.0 / long=false
00:12 +286: /Users/lute/project/momcozy-lab/app/test/modules/baby/baby_profile_editor_test.dart: profile dialog scrolls and saves at 320.0 / 1.0 / long=false
00:12 +287: /Users/lute/project/momcozy-lab/app/test/modules/baby/baby_profile_editor_test.dart: profile dialog scrolls and saves at 320.0 / 1.0 / long=false
00:12 +288: /Users/lute/project/momcozy-lab/app/test/modules/baby/baby_profile_editor_test.dart: profile dialog scrolls and saves at 320.0 / 1.0 / long=false
00:12 +289: /Users/lute/project/momcozy-lab/app/test/modules/baby/baby_profile_editor_test.dart: profile dialog scrolls and saves at 320.0 / 1.0 / long=false
00:12 +290: /Users/lute/project/momcozy-lab/app/test/modules/baby/baby_profile_editor_test.dart: profile dialog scrolls and saves at 320.0 / 1.0 / long=false
00:12 +291: /Users/lute/project/momcozy-lab/app/test/modules/baby/baby_profile_editor_test.dart: profile dialog scrolls and saves at 320.0 / 1.0 / long=false
00:12 +292: /Users/lute/project/momcozy-lab/app/test/modules/baby/baby_save_feedback_test.dart: feeding validation, save, uncertain undo and feedback at 320.0/1.0
00:12 +293: /Users/lute/project/momcozy-lab/app/test/modules/baby/baby_save_feedback_test.dart: feeding validation, save, uncertain undo and feedback at 320.0/1.0
00:12 +294: /Users/lute/project/momcozy-lab/app/test/modules/baby/baby_save_feedback_test.dart: feeding validation, save, uncertain undo and feedback at 320.0/1.0
00:12 +295: /Users/lute/project/momcozy-lab/app/test/modules/baby/baby_save_feedback_test.dart: feeding validation, save, uncertain undo and feedback at 320.0/1.0
00:12 +296: /Users/lute/project/momcozy-lab/app/test/modules/baby/baby_save_feedback_test.dart: feeding validation, save, uncertain undo and feedback at 320.0/1.0
00:12 +297: /Users/lute/project/momcozy-lab/app/test/modules/baby/baby_save_feedback_test.dart: feeding validation, save, uncertain undo and feedback at 320.0/1.0
00:12 +298: /Users/lute/project/momcozy-lab/app/test/modules/baby/baby_save_feedback_test.dart: feeding validation, save, uncertain undo and feedback at 320.0/1.0
00:12 +299: /Users/lute/project/momcozy-lab/app/test/modules/baby/baby_save_feedback_test.dart: feeding validation, save, uncertain undo and feedback at 320.0/1.0
00:12 +300: /Users/lute/project/momcozy-lab/app/test/modules/baby/baby_save_feedback_test.dart: feeding validation, save, uncertain undo and feedback at 320.0/1.0
00:12 +301: /Users/lute/project/momcozy-lab/app/test/modules/baby/baby_save_feedback_test.dart: feeding validation, save, uncertain undo and feedback at 320.0/1.0
00:12 +302: /Users/lute/project/momcozy-lab/app/test/modules/baby/baby_save_feedback_test.dart: feeding validation, save, uncertain undo and feedback at 320.0/1.0
00:13 +303: /Users/lute/project/momcozy-lab/app/test/modules/baby/baby_save_feedback_test.dart: feeding validation, save, uncertain undo and feedback at 320.0/1.0
00:13 +304: /Users/lute/project/momcozy-lab/app/test/modules/baby/baby_save_feedback_test.dart: feeding validation, save, uncertain undo and feedback at 320.0/1.0
00:13 +305: /Users/lute/project/momcozy-lab/app/test/modules/baby/baby_save_feedback_test.dart: feeding validation, save, uncertain undo and feedback at 320.0/1.0
00:13 +306: /Users/lute/project/momcozy-lab/app/test/modules/baby/baby_save_feedback_test.dart: feeding validation, save, uncertain undo and feedback at 320.0/1.0
00:13 +307: /Users/lute/project/momcozy-lab/app/test/modules/baby/baby_save_feedback_test.dart: feeding validation, save, uncertain undo and feedback at 320.0/1.0
00:13 +308: /Users/lute/project/momcozy-lab/app/test/modules/baby/baby_save_feedback_test.dart: feeding validation, save, uncertain undo and feedback at 320.0/1.0
00:13 +309: /Users/lute/project/momcozy-lab/app/test/modules/baby/baby_save_feedback_test.dart: feeding validation, save, uncertain undo and feedback at 320.0/1.0
00:13 +310: /Users/lute/project/momcozy-lab/app/test/modules/baby/baby_save_feedback_test.dart: feeding validation, save, uncertain undo and feedback at 320.0/1.0
00:13 +311: /Users/lute/project/momcozy-lab/app/test/modules/baby/baby_save_feedback_test.dart: feeding validation, save, uncertain undo and feedback at 320.0/1.0
00:13 +312: /Users/lute/project/momcozy-lab/app/test/modules/baby/baby_save_feedback_test.dart: feeding validation, save, uncertain undo and feedback at 320.0/1.0
00:13 +313: /Users/lute/project/momcozy-lab/app/test/modules/baby/baby_save_feedback_test.dart: feeding validation, save, uncertain undo and feedback at 320.0/1.0
00:13 +314: /Users/lute/project/momcozy-lab/app/test/modules/baby/baby_save_feedback_test.dart: feeding validation, save, uncertain undo and feedback at 320.0/1.0
00:13 +315: /Users/lute/project/momcozy-lab/app/test/modules/baby/baby_save_feedback_test.dart: feeding validation, save, uncertain undo and feedback at 320.0/1.0
00:13 +316: /Users/lute/project/momcozy-lab/app/test/modules/baby/baby_save_feedback_test.dart: feeding validation, save, uncertain undo and feedback at 320.0/1.0
00:13 +317: /Users/lute/project/momcozy-lab/app/test/modules/baby/baby_save_feedback_test.dart: feeding validation, save, uncertain undo and feedback at 320.0/1.0
00:13 +318: /Users/lute/project/momcozy-lab/app/test/modules/baby/baby_save_feedback_test.dart: feeding validation, save, uncertain undo and feedback at 320.0/1.0
00:13 +319: /Users/lute/project/momcozy-lab/app/test/modules/baby/baby_save_feedback_test.dart: feeding validation, save, uncertain undo and feedback at 320.0/1.0
00:13 +320: /Users/lute/project/momcozy-lab/app/test/modules/baby/baby_save_feedback_test.dart: feeding validation, save, uncertain undo and feedback at 320.0/1.0
00:13 +321: /Users/lute/project/momcozy-lab/app/test/modules/baby/baby_save_feedback_test.dart: feeding validation, save, uncertain undo and feedback at 320.0/1.0
00:13 +322: /Users/lute/project/momcozy-lab/app/test/modules/baby/baby_save_feedback_test.dart: feeding validation, save, uncertain undo and feedback at 320.0/1.0
00:13 +323: /Users/lute/project/momcozy-lab/app/test/modules/baby/baby_save_feedback_test.dart: feeding validation, save, uncertain undo and feedback at 320.0/1.0
00:13 +324: /Users/lute/project/momcozy-lab/app/test/modules/baby/baby_save_feedback_test.dart: feeding validation, save, uncertain undo and feedback at 320.0/1.0
00:13 +325: /Users/lute/project/momcozy-lab/app/test/modules/baby/baby_save_feedback_test.dart: feeding validation, save, uncertain undo and feedback at 320.0/1.0
00:13 +326: /Users/lute/project/momcozy-lab/app/test/modules/baby/baby_save_feedback_test.dart: feeding validation, save, uncertain undo and feedback at 320.0/1.0
00:13 +327: /Users/lute/project/momcozy-lab/app/test/modules/baby/baby_growth_empty_state_test.dart: missing birth growth profile at 390.0/1.0 is actionable without fabricated reference
00:13 +328: /Users/lute/project/momcozy-lab/app/test/modules/baby/baby_growth_empty_state_test.dart: missing birth growth profile at 390.0/1.0 is actionable without fabricated reference
00:13 +329: /Users/lute/project/momcozy-lab/app/test/modules/baby/baby_growth_empty_state_test.dart: missing birth growth profile at 390.0/1.0 is actionable without fabricated reference
00:13 +330: /Users/lute/project/momcozy-lab/app/test/modules/baby/baby_pages_test.dart: diaper editor remains usable at 390.0 / 1.0
00:13 +331: /Users/lute/project/momcozy-lab/app/test/modules/baby/baby_pages_test.dart: diaper editor remains usable at 390.0 / 1.0
00:13 +332: /Users/lute/project/momcozy-lab/app/test/modules/baby/baby_save_feedback_test.dart: feeding validation, save, uncertain undo and feedback at 320.0/2.0
00:13 +333: /Users/lute/project/momcozy-lab/app/test/modules/baby/baby_save_feedback_test.dart: feeding validation, save, uncertain undo and feedback at 320.0/2.0
00:13 +334: /Users/lute/project/momcozy-lab/app/test/modules/baby/baby_save_feedback_test.dart: feeding validation, save, uncertain undo and feedback at 320.0/2.0
00:13 +335: /Users/lute/project/momcozy-lab/app/test/modules/baby/baby_save_feedback_test.dart: feeding validation, save, uncertain undo and feedback at 320.0/2.0
00:13 +336: /Users/lute/project/momcozy-lab/app/test/modules/baby/baby_save_feedback_test.dart: feeding validation, save, uncertain undo and feedback at 320.0/2.0
00:13 +337: /Users/lute/project/momcozy-lab/app/test/modules/baby/baby_save_feedback_test.dart: feeding validation, save, uncertain undo and feedback at 320.0/2.0
00:13 +338: /Users/lute/project/momcozy-lab/app/test/modules/baby/baby_save_feedback_test.dart: feeding validation, save, uncertain undo and feedback at 320.0/2.0
00:13 +339: /Users/lute/project/momcozy-lab/app/test/modules/baby/baby_save_feedback_test.dart: feeding validation, save, uncertain undo and feedback at 320.0/2.0
00:13 +340: /Users/lute/project/momcozy-lab/app/test/modules/baby/baby_save_feedback_test.dart: feeding validation, save, uncertain undo and feedback at 320.0/2.0
00:13 +341: /Users/lute/project/momcozy-lab/app/test/modules/baby/baby_save_feedback_test.dart: feeding validation, save, uncertain undo and feedback at 320.0/2.0
00:13 +342: /Users/lute/project/momcozy-lab/app/test/modules/baby/baby_save_feedback_test.dart: feeding validation, save, uncertain undo and feedback at 320.0/2.0
00:13 +343: /Users/lute/project/momcozy-lab/app/test/modules/baby/baby_save_feedback_test.dart: feeding validation, save, uncertain undo and feedback at 320.0/2.0
00:13 +344: /Users/lute/project/momcozy-lab/app/test/modules/baby/baby_save_feedback_test.dart: feeding validation, save, uncertain undo and feedback at 320.0/2.0
00:13 +345: /Users/lute/project/momcozy-lab/app/test/features/onboarding/onboarding_design_test.dart: onboarding profile forms at 430.0 / 1.0
00:14 +346: /Users/lute/project/momcozy-lab/app/test/features/onboarding/onboarding_design_test.dart: onboarding profile forms at 430.0 / 1.0
00:14 +347: /Users/lute/project/momcozy-lab/app/test/features/onboarding/onboarding_design_test.dart: onboarding profile forms at 430.0 / 1.0
00:14 +348: /Users/lute/project/momcozy-lab/app/test/features/onboarding/onboarding_design_test.dart: onboarding profile forms at 430.0 / 1.0
00:14 +349: /Users/lute/project/momcozy-lab/app/test/features/onboarding/onboarding_design_test.dart: onboarding profile forms at 430.0 / 1.0
00:14 +350: /Users/lute/project/momcozy-lab/app/test/features/onboarding/onboarding_design_test.dart: onboarding profile forms at 430.0 / 1.0
00:14 +351: /Users/lute/project/momcozy-lab/app/test/features/onboarding/onboarding_design_test.dart: onboarding profile forms at 430.0 / 1.0
00:14 +352: /Users/lute/project/momcozy-lab/app/test/features/onboarding/onboarding_design_test.dart: onboarding profile forms at 430.0 / 1.0
00:14 +353: /Users/lute/project/momcozy-lab/app/test/modules/baby/baby_save_feedback_test.dart: feeding validation, save, uncertain undo and feedback at 390.0/1.0
00:14 +354: /Users/lute/project/momcozy-lab/app/test/modules/baby/baby_save_feedback_test.dart: feeding validation, save, uncertain undo and feedback at 390.0/1.0
00:14 +355: /Users/lute/project/momcozy-lab/app/test/modules/baby/baby_save_feedback_test.dart: feeding validation, save, uncertain undo and feedback at 390.0/1.0
00:14 +356: /Users/lute/project/momcozy-lab/app/test/modules/baby/baby_save_feedback_test.dart: feeding validation, save, uncertain undo and feedback at 390.0/1.0
00:14 +357: /Users/lute/project/momcozy-lab/app/test/modules/baby/baby_save_feedback_test.dart: feeding validation, save, uncertain undo and feedback at 390.0/1.0
00:14 +358: /Users/lute/project/momcozy-lab/app/test/modules/baby/baby_save_feedback_test.dart: feeding validation, save, uncertain undo and feedback at 390.0/1.0
00:14 +359: /Users/lute/project/momcozy-lab/app/test/modules/consultation/consultation_preparation_test.dart: countdown opens entry at the authoritative window without entering automatically
00:14 +360: /Users/lute/project/momcozy-lab/app/test/modules/baby/baby_switcher_design_test.dart: switcher changes the selected baby and opens its profile at 430.0/2.0
00:14 +361: /Users/lute/project/momcozy-lab/app/test/modules/baby/baby_switcher_design_test.dart: switcher changes the selected baby and opens its profile at 430.0/2.0
00:14 +362: /Users/lute/project/momcozy-lab/app/test/modules/baby/baby_switcher_design_test.dart: switcher changes the selected baby and opens its profile at 430.0/2.0
00:14 +363: /Users/lute/project/momcozy-lab/app/test/features/onboarding/onboarding_design_test.dart: avatar photo failure and default confirmation at 430.0 / 1.0
00:14 +364: /Users/lute/project/momcozy-lab/app/test/modules/baby/baby_growth_empty_state_test.dart: missing sex growth profile at 390.0/2.0 is actionable without fabricated reference
00:14 +365: /Users/lute/project/momcozy-lab/app/test/modules/baby/baby_save_feedback_test.dart: feeding validation, save, uncertain undo and feedback at 390.0/2.0
00:14 +366: /Users/lute/project/momcozy-lab/app/test/modules/baby/baby_save_feedback_test.dart: feeding validation, save, uncertain undo and feedback at 390.0/2.0
00:14 +367: /Users/lute/project/momcozy-lab/app/test/modules/baby/baby_save_feedback_test.dart: feeding validation, save, uncertain undo and feedback at 390.0/2.0
00:14 +368: /Users/lute/project/momcozy-lab/app/test/modules/baby/baby_save_feedback_test.dart: feeding validation, save, uncertain undo and feedback at 390.0/2.0
00:14 +369: /Users/lute/project/momcozy-lab/app/test/modules/consultation/consultation_preparation_test.dart: preparation time and requirements 320.0 / 1.0
00:14 +370: /Users/lute/project/momcozy-lab/app/test/modules/consultation/consultation_preparation_test.dart: preparation time and requirements 320.0 / 1.0
00:14 +371: /Users/lute/project/momcozy-lab/app/test/modules/consultation/consultation_preparation_test.dart: preparation time and requirements 320.0 / 1.0
00:14 +372: /Users/lute/project/momcozy-lab/app/test/modules/consultation/consultation_preparation_test.dart: preparation time and requirements 320.0 / 1.0
00:14 +373: /Users/lute/project/momcozy-lab/app/test/modules/consultation/consultation_preparation_test.dart: preparation time and requirements 320.0 / 1.0
00:14 +374: /Users/lute/project/momcozy-lab/app/test/modules/consultation/consultation_preparation_test.dart: preparation time and requirements 320.0 / 1.0
00:14 +375: /Users/lute/project/momcozy-lab/app/test/modules/consultation/consultation_preparation_test.dart: preparation time and requirements 320.0 / 1.0
00:14 +376: /Users/lute/project/momcozy-lab/app/test/modules/consultation/consultation_preparation_test.dart: preparation time and requirements 320.0 / 1.0
00:14 +377: /Users/lute/project/momcozy-lab/app/test/modules/consultation/consultation_preparation_test.dart: preparation time and requirements 320.0 / 1.0
00:15 +378: /Users/lute/project/momcozy-lab/app/test/modules/consultation/consultation_preparation_test.dart: preparation time and requirements 320.0 / 1.0
00:15 +379: /Users/lute/project/momcozy-lab/app/test/modules/consultation/consultation_preparation_test.dart: preparation time and requirements 320.0 / 1.0
00:15 +380: /Users/lute/project/momcozy-lab/app/test/modules/consultation/consultation_preparation_test.dart: preparation time and requirements 320.0 / 1.0
00:15 +381: /Users/lute/project/momcozy-lab/app/test/modules/consultation/consultation_preparation_test.dart: preparation time and requirements 320.0 / 1.0
00:15 +382: /Users/lute/project/momcozy-lab/app/test/modules/consultation/consultation_preparation_test.dart: preparation time and requirements 320.0 / 1.0
00:15 +383: /Users/lute/project/momcozy-lab/app/test/modules/consultation/consultation_preparation_test.dart: preparation time and requirements 320.0 / 1.0
00:15 +384: /Users/lute/project/momcozy-lab/app/test/modules/consultation/consultation_preparation_test.dart: preparation time and requirements 320.0 / 1.0
00:15 +385: /Users/lute/project/momcozy-lab/app/test/modules/consultation/consultation_start_test.dart: device consent region and enter 320.0 / 1.0
00:15 +386: /Users/lute/project/momcozy-lab/app/test/modules/consultation/consultation_start_test.dart: device consent region and enter 320.0 / 1.0
00:15 +387: /Users/lute/project/momcozy-lab/app/test/modules/consultation/consultation_start_test.dart: device consent region and enter 320.0 / 1.0
00:15 +388: /Users/lute/project/momcozy-lab/app/test/modules/consultation/consultation_start_test.dart: device consent region and enter 320.0 / 1.0
00:15 +389: /Users/lute/project/momcozy-lab/app/test/modules/consultation/consultation_start_test.dart: device consent region and enter 320.0 / 1.0
00:15 +390: /Users/lute/project/momcozy-lab/app/test/modules/consultation/consultation_start_test.dart: device consent region and enter 320.0 / 1.0
00:15 +391: /Users/lute/project/momcozy-lab/app/test/modules/consultation/consultation_start_test.dart: device consent region and enter 320.0 / 1.0
00:15 +392: /Users/lute/project/momcozy-lab/app/test/modules/consultation/consultation_start_test.dart: device consent region and enter 320.0 / 1.0
00:15 +393: /Users/lute/project/momcozy-lab/app/test/modules/consultation/consultation_start_test.dart: device consent region and enter 320.0 / 1.0
00:15 +394: /Users/lute/project/momcozy-lab/app/test/modules/consultation/consultation_start_test.dart: device consent region and enter 320.0 / 1.0
00:15 +395: /Users/lute/project/momcozy-lab/app/test/modules/consultation/consultation_start_test.dart: device consent region and enter 320.0 / 1.0
00:15 +396: /Users/lute/project/momcozy-lab/app/test/modules/consultation/consultation_start_test.dart: device consent region and enter 320.0 / 1.0
00:15 +397: /Users/lute/project/momcozy-lab/app/test/modules/consultation/consultation_start_test.dart: device consent region and enter 320.0 / 1.0
00:15 +398: /Users/lute/project/momcozy-lab/app/test/modules/consultation/consultation_start_test.dart: device consent region and enter 320.0 / 1.0
00:16 +399: /Users/lute/project/momcozy-lab/app/test/modules/consultation/consultation_preparation_test.dart: preparation time and requirements 320.0 / 2.0
00:16 +400: /Users/lute/project/momcozy-lab/app/test/modules/consultation/consultation_preparation_test.dart: preparation time and requirements 320.0 / 2.0
00:16 +401: /Users/lute/project/momcozy-lab/app/test/modules/baby/baby_pages_test.dart: history edits and restores the same baby record at 390.0 / 2.0
00:16 +402: /Users/lute/project/momcozy-lab/app/test/modules/consultation/device_check_design_test.dart: device check pending partial failure retry ready 320.0 / 1.0
00:16 +403: /Users/lute/project/momcozy-lab/app/test/modules/consultation/consultation_start_test.dart: device consent region and enter 320.0 / 2.0
00:16 +404: /Users/lute/project/momcozy-lab/app/test/modules/consultation/consultation_start_test.dart: device consent region and enter 320.0 / 2.0
00:16 +405: /Users/lute/project/momcozy-lab/app/test/modules/consultation/consultation_start_test.dart: device consent region and enter 320.0 / 2.0
00:16 +406: /Users/lute/project/momcozy-lab/app/test/modules/consultation/consultation_start_test.dart: device consent region and enter 320.0 / 2.0
00:16 +407: /Users/lute/project/momcozy-lab/app/test/modules/consultation/consultation_start_test.dart: device consent region and enter 320.0 / 2.0
00:16 +408: /Users/lute/project/momcozy-lab/app/test/modules/consultation/consultation_start_test.dart: device consent region and enter 320.0 / 2.0
00:16 +409: /Users/lute/project/momcozy-lab/app/test/modules/consultation/consultation_preparation_test.dart: preparation time and requirements 390.0 / 1.0
00:16 +410: /Users/lute/project/momcozy-lab/app/test/modules/consultation/consultation_preparation_test.dart: preparation time and requirements 390.0 / 1.0
00:16 +411: /Users/lute/project/momcozy-lab/app/test/modules/consultation/home_consultation_dialog_test.dart: loading can close safely and errors retry in the same overlay
00:16 +412: /Users/lute/project/momcozy-lab/app/test/modules/consultation/home_consultation_dialog_test.dart: loading can close safely and errors retry in the same overlay
00:16 +413: /Users/lute/project/momcozy-lab/app/test/modules/consultation/home_consultation_dialog_test.dart: loading can close safely and errors retry in the same overlay
00:16 +414: /Users/lute/project/momcozy-lab/app/test/modules/consultation/room_design_test.dart: device check states 320.0 / 1.0
00:16 +415: /Users/lute/project/momcozy-lab/app/test/modules/consultation/room_design_test.dart: device check states 320.0 / 1.0
00:16 +416: /Users/lute/project/momcozy-lab/app/test/modules/consultation/room_design_test.dart: device check states 320.0 / 1.0
00:16 +417: /Users/lute/project/momcozy-lab/app/test/modules/consultation/consultation_start_test.dart: device consent region and enter 390.0 / 1.0
00:17 +418: /Users/lute/project/momcozy-lab/app/test/modules/consultation/consultation_start_test.dart: device consent region and enter 390.0 / 1.0
00:17 +419: /Users/lute/project/momcozy-lab/app/test/modules/consultation/consultation_start_test.dart: device consent region and enter 390.0 / 1.0
00:17 +420: /Users/lute/project/momcozy-lab/app/test/modules/consultation/consultation_preparation_test.dart: preparation time and requirements 390.0 / 2.0
00:17 +421: /Users/lute/project/momcozy-lab/app/test/modules/consultation/consultation_preparation_test.dart: preparation time and requirements 390.0 / 2.0
00:17 +422: /Users/lute/project/momcozy-lab/app/test/modules/consultation/consultation_preparation_test.dart: preparation time and requirements 390.0 / 2.0
00:17 +423: /Users/lute/project/momcozy-lab/app/test/modules/consultation/room_leave_recovery_test.dart: leave recovery 320.0 / 1.0
00:17 +424: /Users/lute/project/momcozy-lab/app/test/modules/consultation/room_leave_recovery_test.dart: leave recovery 320.0 / 1.0
00:17 +425: /Users/lute/project/momcozy-lab/app/test/modules/consultation/room_leave_recovery_test.dart: leave recovery 320.0 / 1.0
00:17 +426: /Users/lute/project/momcozy-lab/app/test/modules/consultation/room_leave_recovery_test.dart: leave recovery 320.0 / 1.0
00:17 +427: /Users/lute/project/momcozy-lab/app/test/modules/consultation/room_leave_recovery_test.dart: leave recovery 320.0 / 1.0
00:17 +428: /Users/lute/project/momcozy-lab/app/test/modules/consultation/home_consultation_dialog_test.dart: home preparation closes, cancels and enters through existing checks 320.0/1.0
00:17 +429: /Users/lute/project/momcozy-lab/app/test/modules/consultation/home_consultation_dialog_test.dart: home preparation closes, cancels and enters through existing checks 320.0/1.0
00:17 +430: /Users/lute/project/momcozy-lab/app/test/modules/consultation/home_consultation_dialog_test.dart: home preparation closes, cancels and enters through existing checks 320.0/1.0
00:17 +431: /Users/lute/project/momcozy-lab/app/test/modules/consultation/home_consultation_dialog_test.dart: home preparation closes, cancels and enters through existing checks 320.0/1.0
00:17 +432: /Users/lute/project/momcozy-lab/app/test/modules/consultation/home_consultation_dialog_test.dart: home preparation closes, cancels and enters through existing checks 320.0/1.0
00:17 +433: /Users/lute/project/momcozy-lab/app/test/modules/consultation/home_consultation_dialog_test.dart: home preparation closes, cancels and enters through existing checks 320.0/1.0
00:17 +434: /Users/lute/project/momcozy-lab/app/test/modules/consultation/home_consultation_dialog_test.dart: home preparation closes, cancels and enters through existing checks 320.0/1.0
00:17 +435: /Users/lute/project/momcozy-lab/app/test/modules/consultation/consultation_start_test.dart: device consent region and enter 430.0 / 1.0
00:17 +436: /Users/lute/project/momcozy-lab/app/test/modules/consultation/consultation_start_test.dart: device consent region and enter 430.0 / 1.0
00:18 +437: /Users/lute/project/momcozy-lab/app/test/modules/consultation/consultation_preparation_test.dart: preparation time and requirements 430.0 / 2.0
00:18 +438: /Users/lute/project/momcozy-lab/app/test/modules/consultation/consultation_preparation_test.dart: preparation time and requirements 430.0 / 2.0
00:18 +439: /Users/lute/project/momcozy-lab/app/test/modules/consultation/consultation_preparation_test.dart: preparation time and requirements 430.0 / 2.0
00:18 +440: /Users/lute/project/momcozy-lab/app/test/modules/consultation/consultation_preparation_test.dart: preparation time and requirements 430.0 / 2.0
00:18 +441: /Users/lute/project/momcozy-lab/app/test/modules/consultation/consultation_preparation_test.dart: preparation time and requirements 430.0 / 2.0
00:18 +442: /Users/lute/project/momcozy-lab/app/test/modules/consultation/consultation_preparation_test.dart: preparation time and requirements 430.0 / 2.0
00:18 +443: /Users/lute/project/momcozy-lab/app/test/modules/consultation/consultation_preparation_test.dart: preparation time and requirements 430.0 / 2.0
00:18 +444: /Users/lute/project/momcozy-lab/app/test/modules/consultation/home_consultation_dialog_test.dart: home preparation closes, cancels and enters through existing checks 320.0/2.0
00:18 +445: /Users/lute/project/momcozy-lab/app/test/modules/consultation/home_consultation_dialog_test.dart: home preparation closes, cancels and enters through existing checks 320.0/2.0
00:18 +446: /Users/lute/project/momcozy-lab/app/test/modules/consultation/home_consultation_dialog_test.dart: home preparation closes, cancels and enters through existing checks 320.0/2.0
00:18 +447: /Users/lute/project/momcozy-lab/app/test/modules/consultation/home_consultation_dialog_test.dart: home preparation closes, cancels and enters through existing checks 320.0/2.0
00:18 +448: /Users/lute/project/momcozy-lab/app/test/modules/consultation/home_consultation_dialog_test.dart: home preparation closes, cancels and enters through existing checks 320.0/2.0
00:18 +449: /Users/lute/project/momcozy-lab/app/test/modules/consultation/room_outcome_design_test.dart: unsuccessful room outcomes 320.0 / 1.0
00:18 +450: /Users/lute/project/momcozy-lab/app/test/modules/consultation/room_outcome_design_test.dart: unsuccessful room outcomes 320.0 / 1.0
00:18 +451: /Users/lute/project/momcozy-lab/app/test/modules/consultation/room_outcome_design_test.dart: unsuccessful room outcomes 320.0 / 1.0
00:18 +452: /Users/lute/project/momcozy-lab/app/test/modules/consultation/room_outcome_design_test.dart: unsuccessful room outcomes 320.0 / 1.0
00:18 +453: /Users/lute/project/momcozy-lab/app/test/modules/consultation/room_outcome_design_test.dart: unsuccessful room outcomes 320.0 / 1.0
00:18 +454: /Users/lute/project/momcozy-lab/app/test/modules/consultation/room_outcome_design_test.dart: unsuccessful room outcomes 320.0 / 1.0
00:19 +455: /Users/lute/project/momcozy-lab/app/test/modules/consultation/consultation_start_test.dart: short screen enlarged text keeps consent and region reachable
00:19 +456: /Users/lute/project/momcozy-lab/app/test/modules/consultation/consultation_start_test.dart: short screen enlarged text keeps consent and region reachable
00:19 +457: /Users/lute/project/momcozy-lab/app/test/modules/consultation/home_consultation_dialog_test.dart: home preparation closes, cancels and enters through existing checks 390.0/1.0
00:19 +458: /Users/lute/project/momcozy-lab/app/test/modules/consultation/home_consultation_dialog_test.dart: home preparation closes, cancels and enters through existing checks 390.0/1.0
00:19 +459: /Users/lute/project/momcozy-lab/app/test/modules/consultation/home_consultation_dialog_test.dart: home preparation closes, cancels and enters through existing checks 390.0/1.0
00:19 +460: /Users/lute/project/momcozy-lab/app/test/modules/consultation/home_consultation_dialog_test.dart: home preparation closes, cancels and enters through existing checks 390.0/1.0
00:19 +461: /Users/lute/project/momcozy-lab/app/test/modules/consultation/home_consultation_dialog_test.dart: home preparation closes, cancels and enters through existing checks 390.0/1.0
00:19 +462: /Users/lute/project/momcozy-lab/app/test/modules/consultation/room_page_test.dart: consultation preparation at 320.0 / 1.0
00:19 +463: /Users/lute/project/momcozy-lab/app/test/modules/consultation/room_page_test.dart: consultation preparation at 320.0 / 1.0
00:19 +464: /Users/lute/project/momcozy-lab/app/test/modules/consultation/room_page_test.dart: consultation preparation at 320.0 / 1.0
00:19 +465: /Users/lute/project/momcozy-lab/app/test/modules/consultation/consultation_start_test.dart: closing a preparing room cancels pending automatic join
00:19 +466: /Users/lute/project/momcozy-lab/app/test/modules/consultation/home_consultation_dialog_test.dart: home preparation closes, cancels and enters through existing checks 390.0/2.0
00:19 +467: /Users/lute/project/momcozy-lab/app/test/modules/consultation/home_consultation_dialog_test.dart: home preparation closes, cancels and enters through existing checks 390.0/2.0
00:19 +468: /Users/lute/project/momcozy-lab/app/test/modules/consultation/home_consultation_dialog_test.dart: home preparation closes, cancels and enters through existing checks 390.0/2.0
00:19 +469: /Users/lute/project/momcozy-lab/app/test/modules/consultation/home_consultation_dialog_test.dart: home preparation closes, cancels and enters through existing checks 390.0/2.0
00:19 +470: /Users/lute/project/momcozy-lab/app/test/modules/consultation/home_consultation_dialog_test.dart: home preparation closes, cancels and enters through existing checks 390.0/2.0
00:19 +471: /Users/lute/project/momcozy-lab/app/test/modules/consultation/home_consultation_dialog_test.dart: home preparation closes, cancels and enters through existing checks 390.0/2.0
00:19 +472: /Users/lute/project/momcozy-lab/app/test/modules/consultation/home_consultation_dialog_test.dart: home preparation closes, cancels and enters through existing checks 390.0/2.0
00:19 +473: /Users/lute/project/momcozy-lab/app/test/modules/consultation/home_consultation_dialog_test.dart: home preparation closes, cancels and enters through existing checks 390.0/2.0
00:19 +474: /Users/lute/project/momcozy-lab/app/test/modules/consultation/home_consultation_dialog_test.dart: home preparation closes, cancels and enters through existing checks 390.0/2.0
00:19 +475: /Users/lute/project/momcozy-lab/app/test/modules/consultation/home_consultation_dialog_test.dart: home preparation closes, cancels and enters through existing checks 390.0/2.0
00:19 +476: /Users/lute/project/momcozy-lab/app/test/modules/consultation/home_consultation_dialog_test.dart: home preparation closes, cancels and enters through existing checks 390.0/2.0
00:19 +477: /Users/lute/project/momcozy-lab/app/test/modules/consultation/consultation_start_test.dart: consent retry preserves video scope and original version
00:19 +478: /Users/lute/project/momcozy-lab/app/test/modules/consultation/consultation_start_test.dart: consent retry preserves video scope and original version
00:19 +479: /Users/lute/project/momcozy-lab/app/test/modules/consultation/consultation_start_test.dart: consent retry preserves video scope and original version
00:19 +480: /Users/lute/project/momcozy-lab/app/test/modules/consultation/user_video_test.dart: user waiting media controls and leave 320.0 / 1.0
00:19 +481: /Users/lute/project/momcozy-lab/app/test/modules/consultation/user_video_test.dart: user waiting media controls and leave 320.0 / 1.0
00:19 +482: /Users/lute/project/momcozy-lab/app/test/modules/consultation/user_video_test.dart: user waiting media controls and leave 320.0 / 1.0
00:19 +483: /Users/lute/project/momcozy-lab/app/test/modules/consultation/user_video_test.dart: user waiting media controls and leave 320.0 / 1.0
00:19 +484: /Users/lute/project/momcozy-lab/app/test/modules/consultation/user_video_test.dart: user waiting media controls and leave 320.0 / 1.0
00:19 +485: /Users/lute/project/momcozy-lab/app/test/modules/consultation/user_video_test.dart: user waiting media controls and leave 320.0 / 1.0
00:20 +486: /Users/lute/project/momcozy-lab/app/test/modules/consultation/user_video_test.dart: user waiting media controls and leave 320.0 / 1.0
00:20 +487: /Users/lute/project/momcozy-lab/app/test/modules/consultation/user_video_test.dart: user waiting media controls and leave 320.0 / 1.0
00:20 +488: /Users/lute/project/momcozy-lab/app/test/modules/consultation/user_video_test.dart: user waiting media controls and leave 320.0 / 1.0
00:20 +489: /Users/lute/project/momcozy-lab/app/test/modules/consultation/user_video_test.dart: user waiting media controls and leave 320.0 / 1.0
00:20 +490: /Users/lute/project/momcozy-lab/app/test/modules/consultation/user_video_test.dart: user waiting media controls and leave 320.0 / 1.0
00:20 +491: /Users/lute/project/momcozy-lab/app/test/modules/consultation/user_video_test.dart: user waiting media controls and leave 320.0 / 1.0
00:20 +492: /Users/lute/project/momcozy-lab/app/test/modules/consultation/user_video_test.dart: user waiting media controls and leave 320.0 / 1.0
00:20 +493: /Users/lute/project/momcozy-lab/app/test/modules/consultation/user_video_test.dart: user waiting media controls and leave 320.0 / 1.0
00:20 +494: /Users/lute/project/momcozy-lab/app/test/modules/consultation/user_video_test.dart: user waiting media controls and leave 320.0 / 1.0
00:20 +495: /Users/lute/project/momcozy-lab/app/test/modules/consultation/user_video_test.dart: user waiting media controls and leave 320.0 / 1.0
00:20 +496: /Users/lute/project/momcozy-lab/app/test/modules/consultation/user_video_test.dart: user waiting media controls and leave 320.0 / 1.0
00:20 +497: /Users/lute/project/momcozy-lab/app/test/modules/consultation/room_page_test.dart: room survives parent rebuild and supports text at 2x on a narrow screen
00:20 +498: /Users/lute/project/momcozy-lab/app/test/modules/ibclc/documentation_page_test.dart: professional note editor at 1280.0
00:20 +499: /Users/lute/project/momcozy-lab/app/test/modules/ibclc/reports_page_test.dart: report detail at 1024.0
00:21 +500: /Users/lute/project/momcozy-lab/app/test/modules/ibclc/reports_page_test.dart: report detail at 1024.0
00:21 +501: /Users/lute/project/momcozy-lab/app/test/modules/ibclc/reports_page_test.dart: report detail at 1024.0
00:21 +502: /Users/lute/project/momcozy-lab/app/test/modules/ibclc/reports_page_test.dart: report detail at 1024.0
00:21 +503: /Users/lute/project/momcozy-lab/app/test/modules/ibclc/reports_page_test.dart: report detail at 1024.0
00:21 +504: /Users/lute/project/momcozy-lab/app/test/modules/ibclc/reports_page_test.dart: report detail at 1024.0
00:21 +505: /Users/lute/project/momcozy-lab/app/test/modules/ibclc/reports_page_test.dart: report detail at 1024.0
00:21 +506: /Users/lute/project/momcozy-lab/app/test/modules/ibclc/reports_page_test.dart: report detail at 1024.0
00:21 +507: /Users/lute/project/momcozy-lab/app/test/modules/ibclc/reports_page_test.dart: report detail at 1024.0
00:21 +508: /Users/lute/project/momcozy-lab/app/test/modules/ibclc/reports_page_test.dart: report detail at 1024.0
00:21 +509: /Users/lute/project/momcozy-lab/app/test/modules/ibclc/reports_page_test.dart: report detail at 1024.0
00:21 +510: /Users/lute/project/momcozy-lab/app/test/modules/ibclc/reports_page_test.dart: report detail at 1024.0
00:21 +511: /Users/lute/project/momcozy-lab/app/test/modules/ibclc/reports_page_test.dart: report detail at 1024.0
00:21 +512: /Users/lute/project/momcozy-lab/app/test/modules/mom/lactation_states_test.dart: lactation states validate, retry, edit and undo 320.0/1.0
00:21 +513: /Users/lute/project/momcozy-lab/app/test/modules/mom/lactation_states_test.dart: lactation states validate, retry, edit and undo 320.0/1.0
00:21 +514: /Users/lute/project/momcozy-lab/app/test/modules/mom/lactation_states_test.dart: lactation states validate, retry, edit and undo 320.0/1.0
00:22 +515: /Users/lute/project/momcozy-lab/app/test/modules/mom/lactation_states_test.dart: lactation states validate, retry, edit and undo 320.0/1.0
00:22 +516: /Users/lute/project/momcozy-lab/app/test/modules/mom/lactation_states_test.dart: lactation states validate, retry, edit and undo 320.0/1.0
00:22 +517: /Users/lute/project/momcozy-lab/app/test/modules/mom/lactation_states_test.dart: lactation states validate, retry, edit and undo 320.0/1.0
00:22 +518: /Users/lute/project/momcozy-lab/app/test/modules/mom/lactation_states_test.dart: lactation states validate, retry, edit and undo 320.0/1.0
00:22 +519: /Users/lute/project/momcozy-lab/app/test/modules/mom/lactation_states_test.dart: lactation states validate, retry, edit and undo 320.0/1.0
00:22 +520: /Users/lute/project/momcozy-lab/app/test/modules/mom/lactation_states_test.dart: lactation states validate, retry, edit and undo 320.0/1.0
00:22 +521: /Users/lute/project/momcozy-lab/app/test/modules/mom/lactation_states_test.dart: lactation states validate, retry, edit and undo 320.0/1.0
00:22 +522: /Users/lute/project/momcozy-lab/app/test/modules/mom/lactation_states_test.dart: lactation states validate, retry, edit and undo 320.0/1.0
00:22 +523: /Users/lute/project/momcozy-lab/app/test/modules/mom/lactation_states_test.dart: lactation states validate, retry, edit and undo 320.0/1.0
00:22 +524: /Users/lute/project/momcozy-lab/app/test/modules/mom/lactation_test.dart: lactation modal switches to nursing and saves at 320.0 / 1.0
00:22 +525: /Users/lute/project/momcozy-lab/app/test/modules/ibclc/workbench_page_test.dart: independent workbench followups at 1024.0
00:22 +526: /Users/lute/project/momcozy-lab/app/test/modules/mom/mom_home_handoff_test.dart: first frame uses skeleton then independent purchased and empty records
00:22 +527: /Users/lute/project/momcozy-lab/app/test/modules/ibclc/reports_page_test.dart: feedback validates, persists and remains linked to the report on reload
00:22 +528: /Users/lute/project/momcozy-lab/app/test/modules/ibclc/reports_page_test.dart: feedback validates, persists and remains linked to the report on reload
00:22 +529: /Users/lute/project/momcozy-lab/app/test/modules/ibclc/reports_page_test.dart: feedback validates, persists and remains linked to the report on reload
00:22 +530: /Users/lute/project/momcozy-lab/app/test/modules/ibclc/reports_page_test.dart: feedback validates, persists and remains linked to the report on reload
00:22 +531: /Users/lute/project/momcozy-lab/app/test/modules/ibclc/reports_page_test.dart: feedback validates, persists and remains linked to the report on reload
00:22 +532: /Users/lute/project/momcozy-lab/app/test/modules/ibclc/reports_page_test.dart: feedback validates, persists and remains linked to the report on reload
00:22 +533: /Users/lute/project/momcozy-lab/app/test/modules/ibclc/reports_page_test.dart: feedback validates, persists and remains linked to the report on reload
00:22 +534: /Users/lute/project/momcozy-lab/app/test/modules/ibclc/reports_page_test.dart: feedback validates, persists and remains linked to the report on reload
00:22 +535: /Users/lute/project/momcozy-lab/app/test/modules/ibclc/reports_page_test.dart: feedback validates, persists and remains linked to the report on reload
00:22 +536: /Users/lute/project/momcozy-lab/app/test/modules/ibclc/reports_page_test.dart: feedback validates, persists and remains linked to the report on reload
00:22 +537: /Users/lute/project/momcozy-lab/app/test/modules/ibclc/reports_page_test.dart: feedback validates, persists and remains linked to the report on reload
00:22 +538: /Users/lute/project/momcozy-lab/app/test/modules/ibclc/reports_page_test.dart: feedback validates, persists and remains linked to the report on reload
00:22 +539: /Users/lute/project/momcozy-lab/app/test/modules/ibclc/reports_page_test.dart: feedback validates, persists and remains linked to the report on reload
00:22 +540: /Users/lute/project/momcozy-lab/app/test/modules/mom/lactation_states_test.dart: lactation states validate, retry, edit and undo 320.0/2.0
00:22 +541: /Users/lute/project/momcozy-lab/app/test/modules/mom/lactation_states_test.dart: lactation states validate, retry, edit and undo 320.0/2.0
00:23 +542: /Users/lute/project/momcozy-lab/app/test/modules/mom/lactation_states_test.dart: lactation states validate, retry, edit and undo 320.0/2.0
00:23 +543: /Users/lute/project/momcozy-lab/app/test/modules/mom/lactation_states_test.dart: lactation states validate, retry, edit and undo 320.0/2.0
00:23 +544: /Users/lute/project/momcozy-lab/app/test/modules/mom/lactation_states_test.dart: lactation states validate, retry, edit and undo 320.0/2.0
00:23 +545: /Users/lute/project/momcozy-lab/app/test/modules/mom/lactation_states_test.dart: lactation states validate, retry, edit and undo 320.0/2.0
00:23 +546: /Users/lute/project/momcozy-lab/app/test/modules/mom/lactation_states_test.dart: lactation states validate, retry, edit and undo 320.0/2.0
00:23 +547: /Users/lute/project/momcozy-lab/app/test/modules/mom/lactation_states_test.dart: lactation states validate, retry, edit and undo 320.0/2.0
00:23 +548: /Users/lute/project/momcozy-lab/app/test/modules/mom/lactation_states_test.dart: lactation states validate, retry, edit and undo 320.0/2.0
00:23 +549: /Users/lute/project/momcozy-lab/app/test/modules/mom/lactation_states_test.dart: lactation states validate, retry, edit and undo 320.0/2.0
00:23 +550: /Users/lute/project/momcozy-lab/app/test/modules/mom/lactation_states_test.dart: lactation states validate, retry, edit and undo 320.0/2.0
00:23 +551: /Users/lute/project/momcozy-lab/app/test/modules/mom/lactation_states_test.dart: lactation states validate, retry, edit and undo 320.0/2.0
00:23 +552: /Users/lute/project/momcozy-lab/app/test/modules/mom/mother_diary_page_test.dart: independent diary uses shared sections, preserves draft and saves 320.0/1.0
00:23 +553: /Users/lute/project/momcozy-lab/app/test/modules/mom/mother_diary_page_test.dart: independent diary uses shared sections, preserves draft and saves 320.0/1.0
00:23 +554: /Users/lute/project/momcozy-lab/app/test/modules/mom/mother_diary_page_test.dart: independent diary uses shared sections, preserves draft and saves 320.0/1.0
00:23 +555: /Users/lute/project/momcozy-lab/app/test/modules/mom/mother_diary_page_test.dart: independent diary uses shared sections, preserves draft and saves 320.0/1.0
00:23 +556: /Users/lute/project/momcozy-lab/app/test/modules/mom/mother_diary_page_test.dart: independent diary uses shared sections, preserves draft and saves 320.0/1.0
00:23 +557: /Users/lute/project/momcozy-lab/app/test/modules/mom/mother_diary_page_test.dart: independent diary uses shared sections, preserves draft and saves 320.0/1.0
00:23 +558: /Users/lute/project/momcozy-lab/app/test/modules/mom/mother_diary_page_test.dart: independent diary uses shared sections, preserves draft and saves 320.0/1.0
00:23 +559: /Users/lute/project/momcozy-lab/app/test/modules/mom/mother_diary_page_test.dart: independent diary uses shared sections, preserves draft and saves 320.0/1.0
00:23 +560: /Users/lute/project/momcozy-lab/app/test/modules/mom/mother_diary_page_test.dart: independent diary uses shared sections, preserves draft and saves 320.0/1.0
00:23 +561: /Users/lute/project/momcozy-lab/app/test/modules/mom/mother_diary_page_test.dart: independent diary uses shared sections, preserves draft and saves 320.0/1.0
00:24 +562: /Users/lute/project/momcozy-lab/app/test/modules/mom/mother_diary_page_test.dart: independent diary uses shared sections, preserves draft and saves 320.0/1.0
00:24 +563: /Users/lute/project/momcozy-lab/app/test/modules/mom/mother_diary_page_test.dart: independent diary uses shared sections, preserves draft and saves 320.0/1.0
00:24 +564: /Users/lute/project/momcozy-lab/app/test/modules/mom/mother_diary_states_test.dart: diary optional and conditional fields save without stale values 320.0/1.0
00:24 +565: /Users/lute/project/momcozy-lab/app/test/modules/mom/mother_diary_states_test.dart: diary optional and conditional fields save without stale values 320.0/1.0
00:24 +566: /Users/lute/project/momcozy-lab/app/test/modules/mom/mother_diary_states_test.dart: diary optional and conditional fields save without stale values 320.0/1.0
00:24 +567: /Users/lute/project/momcozy-lab/app/test/modules/mom/mother_diary_states_test.dart: diary optional and conditional fields save without stale values 320.0/1.0
00:24 +568: /Users/lute/project/momcozy-lab/app/test/modules/mom/mother_diary_states_test.dart: diary optional and conditional fields save without stale values 320.0/1.0
00:24 +569: /Users/lute/project/momcozy-lab/app/test/modules/mom/mother_diary_states_test.dart: diary optional and conditional fields save without stale values 320.0/1.0
00:24 +570: /Users/lute/project/momcozy-lab/app/test/modules/mom/mother_diary_states_test.dart: diary optional and conditional fields save without stale values 320.0/1.0
00:24 +571: /Users/lute/project/momcozy-lab/app/test/modules/mom/mother_diary_states_test.dart: diary optional and conditional fields save without stale values 320.0/1.0
00:24 +572: /Users/lute/project/momcozy-lab/app/test/modules/mom/mother_diary_states_test.dart: diary optional and conditional fields save without stale values 320.0/1.0
00:24 +573: /Users/lute/project/momcozy-lab/app/test/modules/mom/mother_diary_states_test.dart: diary optional and conditional fields save without stale values 320.0/1.0
00:24 +574: /Users/lute/project/momcozy-lab/app/test/modules/mom/mother_diary_states_test.dart: diary optional and conditional fields save without stale values 320.0/1.0
00:24 +575: /Users/lute/project/momcozy-lab/app/test/modules/mom/mother_diary_states_test.dart: diary optional and conditional fields save without stale values 320.0/1.0
00:24 +576: /Users/lute/project/momcozy-lab/app/test/modules/mom/mother_diary_states_test.dart: diary optional and conditional fields save without stale values 320.0/1.0
00:24 +577: /Users/lute/project/momcozy-lab/app/test/modules/mom/mother_diary_states_test.dart: diary optional and conditional fields save without stale values 320.0/1.0
00:24 +578: /Users/lute/project/momcozy-lab/app/test/modules/mom/mother_diary_states_test.dart: diary optional and conditional fields save without stale values 320.0/1.0
00:24 +579: /Users/lute/project/momcozy-lab/app/test/modules/mom/mother_diary_states_test.dart: diary optional and conditional fields save without stale values 320.0/1.0
00:24 +580: /Users/lute/project/momcozy-lab/app/test/modules/mom/mother_diary_states_test.dart: diary optional and conditional fields save without stale values 320.0/1.0
00:24 +581: /Users/lute/project/momcozy-lab/app/test/modules/mom/mother_diary_states_test.dart: diary optional and conditional fields save without stale values 320.0/1.0
00:24 +582: /Users/lute/project/momcozy-lab/app/test/modules/mom/mother_diary_states_test.dart: diary optional and conditional fields save without stale values 320.0/1.0
00:24 +583: /Users/lute/project/momcozy-lab/app/test/modules/mom/mother_diary_states_test.dart: diary optional and conditional fields save without stale values 320.0/1.0
00:24 +584: /Users/lute/project/momcozy-lab/app/test/modules/mom/mother_diary_states_test.dart: diary optional and conditional fields save without stale values 320.0/1.0
00:25 +585: /Users/lute/project/momcozy-lab/app/test/modules/mom/mother_diary_states_test.dart: diary optional and conditional fields save without stale values 320.0/1.0
00:25 +586: /Users/lute/project/momcozy-lab/app/test/modules/mom/mother_diary_states_test.dart: diary optional and conditional fields save without stale values 320.0/1.0
00:25 +587: /Users/lute/project/momcozy-lab/app/test/modules/mom/lactation_states_test.dart: lactation states validate, retry, edit and undo 390.0/2.0
00:25 +588: /Users/lute/project/momcozy-lab/app/test/modules/mom/lactation_states_test.dart: lactation states validate, retry, edit and undo 390.0/2.0
00:25 +589: /Users/lute/project/momcozy-lab/app/test/modules/mom/lactation_states_test.dart: lactation states validate, retry, edit and undo 390.0/2.0
00:25 +590: /Users/lute/project/momcozy-lab/app/test/modules/mom/lactation_states_test.dart: lactation states validate, retry, edit and undo 390.0/2.0
00:25 +591: /Users/lute/project/momcozy-lab/app/test/modules/mom/lactation_states_test.dart: lactation states validate, retry, edit and undo 390.0/2.0
00:25 +592: /Users/lute/project/momcozy-lab/app/test/modules/mom/lactation_states_test.dart: lactation states validate, retry, edit and undo 390.0/2.0
00:25 +593: /Users/lute/project/momcozy-lab/app/test/modules/mom/mother_diary_states_test.dart: diary optional and conditional fields save without stale values 320.0/2.0
00:25 +594: /Users/lute/project/momcozy-lab/app/test/modules/mom/mother_diary_states_test.dart: diary optional and conditional fields save without stale values 320.0/2.0
00:25 +595: /Users/lute/project/momcozy-lab/app/test/modules/mom/mother_diary_states_test.dart: diary optional and conditional fields save without stale values 320.0/2.0
00:26 +596: /Users/lute/project/momcozy-lab/app/test/modules/mom/mother_diary_states_test.dart: diary optional and conditional fields save without stale values 320.0/2.0
00:26 +597: /Users/lute/project/momcozy-lab/app/test/modules/mom/mother_diary_states_test.dart: diary optional and conditional fields save without stale values 320.0/2.0
00:26 +598: /Users/lute/project/momcozy-lab/app/test/modules/mom/mother_diary_states_test.dart: diary optional and conditional fields save without stale values 320.0/2.0
00:26 +599: /Users/lute/project/momcozy-lab/app/test/modules/mom/mother_diary_states_test.dart: diary optional and conditional fields save without stale values 320.0/2.0
00:26 +600: /Users/lute/project/momcozy-lab/app/test/modules/mom/mother_diary_states_test.dart: diary optional and conditional fields save without stale values 320.0/2.0
00:26 +601: /Users/lute/project/momcozy-lab/app/test/modules/mom/mother_diary_states_test.dart: diary optional and conditional fields save without stale values 320.0/2.0
00:26 +602: /Users/lute/project/momcozy-lab/app/test/modules/mom/mother_diary_states_test.dart: diary optional and conditional fields save without stale values 320.0/2.0
00:26 +603: /Users/lute/project/momcozy-lab/app/test/modules/mom/mother_diary_states_test.dart: diary optional and conditional fields save without stale values 320.0/2.0
00:26 +604: /Users/lute/project/momcozy-lab/app/test/modules/mom/mother_diary_states_test.dart: diary optional and conditional fields save without stale values 320.0/2.0
00:26 +605: /Users/lute/project/momcozy-lab/app/test/modules/mom/mother_diary_states_test.dart: diary optional and conditional fields save without stale values 320.0/2.0
00:26 +606: /Users/lute/project/momcozy-lab/app/test/modules/mom/mother_forms_design_test.dart: diary rest dialog at 320.0 / 1.0
00:26 +607: /Users/lute/project/momcozy-lab/app/test/modules/mom/mother_home_test.dart: default home opens grouped diary, saves and refreshes only current API data
00:26 +608: /Users/lute/project/momcozy-lab/app/test/modules/profile/privacy_test.dart: privacy scopes, revoke confirmation and notifications 320.0/1.0
00:26 +609: /Users/lute/project/momcozy-lab/app/test/modules/profile/privacy_test.dart: privacy scopes, revoke confirmation and notifications 320.0/1.0
00:27 +610: /Users/lute/project/momcozy-lab/app/test/modules/profile/privacy_test.dart: privacy scopes, revoke confirmation and notifications 320.0/1.0
00:27 +611: /Users/lute/project/momcozy-lab/app/test/modules/mom/lactation_states_test.dart: lactation states validate, retry, edit and undo 430.0/2.0
00:27 +612: /Users/lute/project/momcozy-lab/app/test/modules/mom/lactation_states_test.dart: lactation states validate, retry, edit and undo 430.0/2.0
00:27 +613: /Users/lute/project/momcozy-lab/app/test/modules/mom/lactation_states_test.dart: lactation states validate, retry, edit and undo 430.0/2.0
00:27 +614: /Users/lute/project/momcozy-lab/app/test/modules/mom/lactation_states_test.dart: lactation states validate, retry, edit and undo 430.0/2.0
00:27 +615: /Users/lute/project/momcozy-lab/app/test/modules/mom/mother_diary_states_test.dart: diary optional and conditional fields save without stale values 390.0/1.0
00:27 +616: /Users/lute/project/momcozy-lab/app/test/modules/mom/mother_diary_states_test.dart: diary optional and conditional fields save without stale values 390.0/1.0
00:27 +617: /Users/lute/project/momcozy-lab/app/test/modules/mom/mother_diary_states_test.dart: diary optional and conditional fields save without stale values 390.0/1.0
00:27 +618: /Users/lute/project/momcozy-lab/app/test/modules/mom/mother_diary_states_test.dart: diary optional and conditional fields save without stale values 390.0/1.0
00:27 +619: /Users/lute/project/momcozy-lab/app/test/modules/mom/mother_diary_states_test.dart: diary optional and conditional fields save without stale values 390.0/1.0
00:27 +620: /Users/lute/project/momcozy-lab/app/test/modules/mom/mother_diary_states_test.dart: diary optional and conditional fields save without stale values 390.0/1.0
00:27 +621: /Users/lute/project/momcozy-lab/app/test/modules/mom/mom_home_handoff_test.dart: handoff purchased 393.0/2.0
00:27 +622: /Users/lute/project/momcozy-lab/app/test/modules/mom/mom_home_handoff_test.dart: handoff purchased 393.0/2.0
00:27 +623: /Users/lute/project/momcozy-lab/app/test/modules/mom/mom_home_handoff_test.dart: handoff purchased 393.0/2.0
00:27 +624: /Users/lute/project/momcozy-lab/app/test/modules/mom/mom_home_handoff_test.dart: handoff purchased 393.0/2.0
00:27 +625: /Users/lute/project/momcozy-lab/app/test/modules/mom/mother_diary_states_test.dart: diary optional and conditional fields save without stale values 390.0/2.0
00:28 +626: /Users/lute/project/momcozy-lab/app/test/modules/mom/mother_diary_states_test.dart: diary optional and conditional fields save without stale values 390.0/2.0
00:28 +627: /Users/lute/project/momcozy-lab/app/test/modules/mom/mother_diary_states_test.dart: diary optional and conditional fields save without stale values 390.0/2.0
00:28 +628: /Users/lute/project/momcozy-lab/app/test/modules/mom/mother_diary_states_test.dart: diary optional and conditional fields save without stale values 390.0/2.0
00:28 +629: /Users/lute/project/momcozy-lab/app/test/modules/mom/mother_diary_states_test.dart: diary optional and conditional fields save without stale values 390.0/2.0
00:28 +630: /Users/lute/project/momcozy-lab/app/test/modules/mom/mother_diary_states_test.dart: diary optional and conditional fields save without stale values 390.0/2.0
00:28 +631: /Users/lute/project/momcozy-lab/app/test/modules/mom/mother_diary_states_test.dart: diary optional and conditional fields save without stale values 390.0/2.0
00:28 +632: /Users/lute/project/momcozy-lab/app/test/modules/mom/mother_diary_states_test.dart: diary optional and conditional fields save without stale values 390.0/2.0
00:28 +633: /Users/lute/project/momcozy-lab/app/test/modules/mom/mother_diary_states_test.dart: diary optional and conditional fields save without stale values 390.0/2.0
00:28 +634: /Users/lute/project/momcozy-lab/app/test/modules/mom/mother_diary_states_test.dart: diary optional and conditional fields save without stale values 390.0/2.0
00:28 +635: /Users/lute/project/momcozy-lab/app/test/modules/schedule/schedule_page_golden_test.dart: task menu writes progress with the current version at 320.0/1.0
00:28 +636: /Users/lute/project/momcozy-lab/app/test/modules/schedule/schedule_page_golden_test.dart: task menu writes progress with the current version at 320.0/1.0
00:28 +637: /Users/lute/project/momcozy-lab/app/test/modules/schedule/schedule_page_golden_test.dart: task menu writes progress with the current version at 320.0/1.0
00:28 +638: /Users/lute/project/momcozy-lab/app/test/modules/schedule/schedule_page_golden_test.dart: task menu writes progress with the current version at 320.0/1.0
00:29 +639: /Users/lute/project/momcozy-lab/app/test/modules/schedule/schedule_page_golden_test.dart: task menu writes progress with the current version at 320.0/1.0
00:29 +640: /Users/lute/project/momcozy-lab/app/test/modules/schedule/schedule_page_golden_test.dart: task menu writes progress with the current version at 320.0/1.0
00:29 +641: /Users/lute/project/momcozy-lab/app/test/modules/schedule/schedule_page_golden_test.dart: task menu writes progress with the current version at 320.0/1.0
00:29 +642: /Users/lute/project/momcozy-lab/app/test/modules/schedule/schedule_page_golden_test.dart: task menu writes progress with the current version at 320.0/1.0
00:29 +643: /Users/lute/project/momcozy-lab/app/test/modules/schedule/schedule_page_golden_test.dart: task menu writes progress with the current version at 320.0/1.0
00:29 +644: /Users/lute/project/momcozy-lab/app/test/modules/schedule/schedule_page_golden_test.dart: task menu writes progress with the current version at 320.0/1.0
00:29 +645: /Users/lute/project/momcozy-lab/app/test/modules/schedule/personal_schedule_editor_test.dart: personal schedule create edit delete at 320.0/1.0
00:29 +646: /Users/lute/project/momcozy-lab/app/test/modules/schedule/personal_schedule_editor_test.dart: personal schedule create edit delete at 320.0/1.0
00:29 +647: /Users/lute/project/momcozy-lab/app/test/modules/schedule/personal_schedule_editor_test.dart: personal schedule create edit delete at 320.0/1.0
00:29 +648: /Users/lute/project/momcozy-lab/app/test/modules/schedule/personal_schedule_editor_test.dart: personal schedule create edit delete at 320.0/1.0
00:29 +649: /Users/lute/project/momcozy-lab/app/test/modules/schedule/personal_schedule_editor_test.dart: personal schedule create edit delete at 320.0/1.0
00:29 +650: /Users/lute/project/momcozy-lab/app/test/modules/schedule/personal_schedule_editor_test.dart: personal schedule create edit delete at 320.0/1.0
00:29 +651: /Users/lute/project/momcozy-lab/app/test/modules/schedule/personal_schedule_editor_test.dart: personal schedule create edit delete at 320.0/1.0
00:30 +652: /Users/lute/project/momcozy-lab/app/test/modules/schedule/personal_schedule_editor_test.dart: personal schedule create edit delete at 320.0/1.0
00:30 +653: /Users/lute/project/momcozy-lab/app/test/modules/services/booking_test.dart: precheck waits for availability without allowing a second submit or back
00:30 +654: /Users/lute/project/momcozy-lab/app/test/modules/services/booking_test.dart: precheck waits for availability without allowing a second submit or back
00:30 +655: /Users/lute/project/momcozy-lab/app/test/modules/services/booking_test.dart: precheck waits for availability without allowing a second submit or back
00:30 +656: /Users/lute/project/momcozy-lab/app/test/modules/mom/mother_diary_states_test.dart: diary optional and conditional fields save without stale values 430.0/2.0
00:30 +657: /Users/lute/project/momcozy-lab/app/test/modules/mom/mother_diary_states_test.dart: diary optional and conditional fields save without stale values 430.0/2.0
00:30 +658: /Users/lute/project/momcozy-lab/app/test/modules/mom/mother_diary_states_test.dart: diary optional and conditional fields save without stale values 430.0/2.0
00:30 +659: /Users/lute/project/momcozy-lab/app/test/modules/mom/mother_diary_states_test.dart: diary optional and conditional fields save without stale values 430.0/2.0
00:30 +660: /Users/lute/project/momcozy-lab/app/test/modules/mom/mother_diary_states_test.dart: diary optional and conditional fields save without stale values 430.0/2.0
00:30 +661: /Users/lute/project/momcozy-lab/app/test/modules/mom/mother_diary_states_test.dart: diary optional and conditional fields save without stale values 430.0/2.0
00:30 +662: /Users/lute/project/momcozy-lab/app/test/modules/mom/mother_diary_states_test.dart: diary optional and conditional fields save without stale values 430.0/2.0
00:30 +663: /Users/lute/project/momcozy-lab/app/test/modules/mom/mother_diary_states_test.dart: diary optional and conditional fields save without stale values 430.0/2.0
00:30 +664: /Users/lute/project/momcozy-lab/app/test/modules/mom/mother_diary_states_test.dart: diary optional and conditional fields save without stale values 430.0/2.0
00:30 +665: /Users/lute/project/momcozy-lab/app/test/modules/mom/mother_diary_states_test.dart: diary optional and conditional fields save without stale values 430.0/2.0
00:30 +666: /Users/lute/project/momcozy-lab/app/test/modules/services/consultation_summary_test.dart: summary content task and destinations 320.0 / 1.0
00:30 +667: /Users/lute/project/momcozy-lab/app/test/modules/services/consultation_summary_test.dart: summary content task and destinations 320.0 / 1.0
00:30 +668: /Users/lute/project/momcozy-lab/app/test/modules/services/consultation_summary_test.dart: summary content task and destinations 320.0 / 1.0
00:30 +669: /Users/lute/project/momcozy-lab/app/test/modules/services/consultation_summary_test.dart: summary content task and destinations 320.0 / 1.0
00:31 +670: /Users/lute/project/momcozy-lab/app/test/modules/services/consultation_summary_test.dart: summary content task and destinations 320.0 / 1.0
00:31 +671: /Users/lute/project/momcozy-lab/app/test/modules/services/consultation_summary_test.dart: summary content task and destinations 320.0 / 1.0
00:31 +672: /Users/lute/project/momcozy-lab/app/test/modules/services/consultation_summary_test.dart: summary content task and destinations 320.0 / 1.0
00:31 +673: /Users/lute/project/momcozy-lab/app/test/modules/services/consultation_summary_test.dart: summary content task and destinations 320.0 / 1.0
00:31 +674: /Users/lute/project/momcozy-lab/app/test/modules/services/consultation_summary_test.dart: summary content task and destinations 320.0 / 1.0
00:31 +675: /Users/lute/project/momcozy-lab/app/test/modules/services/consultation_summary_test.dart: summary content task and destinations 320.0 / 1.0
00:31 +676: /Users/lute/project/momcozy-lab/app/test/modules/services/consultation_summary_test.dart: summary content task and destinations 320.0 / 1.0
00:31 +677: /Users/lute/project/momcozy-lab/app/test/modules/services/consultation_summary_test.dart: summary content task and destinations 320.0 / 1.0
00:31 +678: /Users/lute/project/momcozy-lab/app/test/modules/services/consultation_summary_test.dart: summary content task and destinations 320.0 / 1.0
00:31 +679: /Users/lute/project/momcozy-lab/app/test/modules/schedule/schedule_page_golden_test.dart: task menu writes progress with the current version at 430.0/2.0
00:31 +680: /Users/lute/project/momcozy-lab/app/test/modules/schedule/schedule_page_golden_test.dart: task menu writes progress with the current version at 430.0/2.0
00:31 +681: /Users/lute/project/momcozy-lab/app/test/modules/services/booking_test.dart: booking precheck and held dialog flow at 320.0 / 2.0
00:31 +682: /Users/lute/project/momcozy-lab/app/test/modules/services/booking_test.dart: booking precheck and held dialog flow at 320.0 / 2.0
00:31 +683: /Users/lute/project/momcozy-lab/app/test/modules/services/booking_test.dart: booking precheck and held dialog flow at 320.0 / 2.0
00:31 +684: /Users/lute/project/momcozy-lab/app/test/modules/services/booking_test.dart: booking precheck and held dialog flow at 320.0 / 2.0
00:31 +685: /Users/lute/project/momcozy-lab/app/test/modules/services/booking_test.dart: booking precheck and held dialog flow at 320.0 / 2.0
00:32 +686: /Users/lute/project/momcozy-lab/app/test/modules/services/booking_test.dart: booking precheck and held dialog flow at 320.0 / 2.0
00:32 +687: /Users/lute/project/momcozy-lab/app/test/modules/services/booking_test.dart: booking precheck and held dialog flow at 320.0 / 2.0
00:32 +688: /Users/lute/project/momcozy-lab/app/test/modules/services/consultation_summary_test.dart: summary content task and destinations 320.0 / 2.0
00:32 +689: /Users/lute/project/momcozy-lab/app/test/modules/services/consultation_summary_test.dart: summary content task and destinations 320.0 / 2.0
00:32 +690: /Users/lute/project/momcozy-lab/app/test/modules/services/consultation_summary_test.dart: summary content task and destinations 320.0 / 2.0
00:32 +691: /Users/lute/project/momcozy-lab/app/test/modules/services/intake_test.dart: intake design disclosures consent and save at 320.0 / 1.0
00:32 +692: /Users/lute/project/momcozy-lab/app/test/modules/services/intake_test.dart: intake design disclosures consent and save at 320.0 / 1.0
00:32 +693: /Users/lute/project/momcozy-lab/app/test/modules/services/intake_test.dart: intake design disclosures consent and save at 320.0 / 1.0
00:32 +694: /Users/lute/project/momcozy-lab/app/test/modules/services/intake_test.dart: intake design disclosures consent and save at 320.0 / 1.0
00:32 +695: /Users/lute/project/momcozy-lab/app/test/modules/services/intake_test.dart: intake design disclosures consent and save at 320.0 / 1.0
00:32 +696: /Users/lute/project/momcozy-lab/app/test/modules/services/intake_test.dart: intake design disclosures consent and save at 320.0 / 1.0
00:32 +697: /Users/lute/project/momcozy-lab/app/test/modules/services/intake_test.dart: intake design disclosures consent and save at 320.0 / 1.0
00:32 +698: /Users/lute/project/momcozy-lab/app/test/modules/services/intake_test.dart: intake design disclosures consent and save at 320.0 / 1.0
00:32 +699: /Users/lute/project/momcozy-lab/app/test/modules/services/intake_test.dart: intake design disclosures consent and save at 320.0 / 1.0
00:32 +700: /Users/lute/project/momcozy-lab/app/test/modules/services/intake_test.dart: intake design disclosures consent and save at 320.0 / 1.0
00:32 +701: /Users/lute/project/momcozy-lab/app/test/modules/services/intake_test.dart: intake design disclosures consent and save at 320.0 / 1.0
00:32 +702: /Users/lute/project/momcozy-lab/app/test/modules/services/intake_test.dart: intake design disclosures consent and save at 320.0 / 1.0
00:33 +703: /Users/lute/project/momcozy-lab/app/test/modules/services/intake_test.dart: intake design disclosures consent and save at 320.0 / 1.0
00:33 +704: /Users/lute/project/momcozy-lab/app/test/modules/services/intake_test.dart: intake design disclosures consent and save at 320.0 / 1.0
00:33 +705: /Users/lute/project/momcozy-lab/app/test/modules/services/intake_test.dart: intake design disclosures consent and save at 320.0 / 1.0
00:33 +706: /Users/lute/project/momcozy-lab/app/test/modules/services/intake_test.dart: intake design disclosures consent and save at 320.0 / 1.0
00:33 +707: /Users/lute/project/momcozy-lab/app/test/modules/services/intake_test.dart: intake design disclosures consent and save at 320.0 / 1.0
00:33 +708: /Users/lute/project/momcozy-lab/app/test/modules/services/intake_test.dart: intake design disclosures consent and save at 320.0 / 1.0
00:33 +709: /Users/lute/project/momcozy-lab/app/test/modules/services/intake_test.dart: intake design disclosures consent and save at 320.0 / 1.0
00:33 +710: /Users/lute/project/momcozy-lab/app/test/modules/services/intake_test.dart: intake design disclosures consent and save at 320.0 / 1.0
00:33 +711: /Users/lute/project/momcozy-lab/app/test/modules/services/service_catalog_states_test.dart: four catalog packages open the matching detail and purchase confirmation 320.0/1.0
00:33 +712: /Users/lute/project/momcozy-lab/app/test/modules/services/service_catalog_states_test.dart: four catalog packages open the matching detail and purchase confirmation 320.0/1.0
00:33 +713: /Users/lute/project/momcozy-lab/app/test/modules/services/service_catalog_states_test.dart: four catalog packages open the matching detail and purchase confirmation 320.0/1.0
00:33 +714: /Users/lute/project/momcozy-lab/app/test/modules/services/service_catalog_states_test.dart: four catalog packages open the matching detail and purchase confirmation 320.0/1.0
00:33 +715: /Users/lute/project/momcozy-lab/app/test/modules/services/service_catalog_states_test.dart: four catalog packages open the matching detail and purchase confirmation 320.0/1.0
00:34 +716: /Users/lute/project/momcozy-lab/app/test/modules/services/service_catalog_states_test.dart: four catalog packages open the matching detail and purchase confirmation 320.0/1.0
00:34 +717: /Users/lute/project/momcozy-lab/app/test/modules/services/intake_test.dart: intake design disclosures consent and save at 320.0 / 2.0
00:34 +718: /Users/lute/project/momcozy-lab/app/test/modules/services/intake_test.dart: intake design disclosures consent and save at 320.0 / 2.0
00:34 +719: /Users/lute/project/momcozy-lab/app/test/modules/services/intake_test.dart: intake design disclosures consent and save at 320.0 / 2.0
00:34 +720: /Users/lute/project/momcozy-lab/app/test/modules/services/service_progress_test.dart: full timeline navigation at 320.0 / 1.0
00:34 +721: /Users/lute/project/momcozy-lab/app/test/modules/services/service_progress_test.dart: full timeline navigation at 320.0 / 1.0
00:34 +722: /Users/lute/project/momcozy-lab/app/test/modules/services/service_progress_test.dart: full timeline navigation at 320.0 / 1.0
00:34 +723: /Users/lute/project/momcozy-lab/app/test/modules/services/service_progress_test.dart: full timeline navigation at 320.0 / 1.0
00:34 +724: /Users/lute/project/momcozy-lab/app/test/modules/services/service_progress_test.dart: full timeline navigation at 320.0 / 1.0
00:34 +725: /Users/lute/project/momcozy-lab/app/test/modules/services/service_progress_test.dart: full timeline navigation at 320.0 / 1.0
00:34 +726: /Users/lute/project/momcozy-lab/app/test/modules/services/service_progress_test.dart: full timeline navigation at 320.0 / 1.0
00:34 +727: /Users/lute/project/momcozy-lab/app/test/modules/services/service_progress_test.dart: full timeline navigation at 320.0 / 1.0
00:34 +728: /Users/lute/project/momcozy-lab/app/test/modules/services/service_progress_test.dart: full timeline navigation at 320.0 / 1.0
00:34 +729: /Users/lute/project/momcozy-lab/app/test/modules/services/service_progress_test.dart: full timeline navigation at 320.0 / 1.0
00:34 +730: /Users/lute/project/momcozy-lab/app/test/modules/services/service_progress_test.dart: full timeline navigation at 320.0 / 1.0
00:34 +731: /Users/lute/project/momcozy-lab/app/test/modules/services/service_progress_test.dart: full timeline navigation at 320.0 / 1.0
00:34 +732: /Users/lute/project/momcozy-lab/app/test/modules/services/service_progress_test.dart: full timeline navigation at 320.0 / 1.0
00:34 +733: /Users/lute/project/momcozy-lab/app/test/modules/services/service_progress_test.dart: full timeline navigation at 320.0 / 1.0
00:34 +734: /Users/lute/project/momcozy-lab/app/test/modules/services/service_catalog_states_test.dart: four catalog packages open the matching detail and purchase confirmation 320.0/2.0
00:34 +735: /Users/lute/project/momcozy-lab/app/test/modules/services/service_catalog_states_test.dart: four catalog packages open the matching detail and purchase confirmation 320.0/2.0
00:34 +736: /Users/lute/project/momcozy-lab/app/test/modules/services/service_catalog_states_test.dart: four catalog packages open the matching detail and purchase confirmation 320.0/2.0
00:35 +737: /Users/lute/project/momcozy-lab/app/test/modules/services/service_catalog_states_test.dart: four catalog packages open the matching detail and purchase confirmation 320.0/2.0
00:35 +738: /Users/lute/project/momcozy-lab/app/test/modules/services/service_purchase_test.dart: purchase states and booking result at 320.0 / 1.0
00:35 +739: /Users/lute/project/momcozy-lab/app/test/modules/services/service_purchase_test.dart: purchase states and booking result at 320.0 / 1.0
00:35 +740: /Users/lute/project/momcozy-lab/app/test/modules/services/service_purchase_test.dart: purchase states and booking result at 320.0 / 1.0
00:35 +741: /Users/lute/project/momcozy-lab/app/test/modules/services/service_purchase_test.dart: purchase states and booking result at 320.0 / 1.0
00:35 +742: /Users/lute/project/momcozy-lab/app/test/modules/services/service_purchase_test.dart: purchase states and booking result at 320.0 / 1.0
00:35 +743: /Users/lute/project/momcozy-lab/app/test/modules/services/service_purchase_test.dart: purchase states and booking result at 320.0 / 1.0
00:35 +744: /Users/lute/project/momcozy-lab/app/test/modules/services/service_purchase_test.dart: purchase states and booking result at 320.0 / 1.0
00:35 +745: /Users/lute/project/momcozy-lab/app/test/modules/services/service_purchase_test.dart: purchase states and booking result at 320.0 / 1.0
00:35 +746: /Users/lute/project/momcozy-lab/app/test/modules/services/service_purchase_test.dart: purchase states and booking result at 320.0 / 1.0
00:35 +747: /Users/lute/project/momcozy-lab/app/test/modules/services/service_purchase_test.dart: purchase states and booking result at 320.0 / 1.0
00:35 +748: /Users/lute/project/momcozy-lab/app/test/modules/services/service_purchase_test.dart: purchase states and booking result at 320.0 / 1.0
00:35 +749: /Users/lute/project/momcozy-lab/app/test/modules/services/service_purchase_test.dart: purchase states and booking result at 320.0 / 1.0
00:35 +750: /Users/lute/project/momcozy-lab/app/test/modules/services/service_purchase_test.dart: purchase states and booking result at 320.0 / 1.0
00:35 +751: /Users/lute/project/momcozy-lab/app/test/modules/services/service_purchase_test.dart: purchase states and booking result at 320.0 / 1.0
00:36 +752: /Users/lute/project/momcozy-lab/app/test/modules/services/service_purchase_test.dart: purchase states and booking result at 320.0 / 1.0
00:36 +753: /Users/lute/project/momcozy-lab/app/test/modules/services/service_purchase_test.dart: purchase states and booking result at 320.0 / 1.0
00:36 +754: /Users/lute/project/momcozy-lab/app/test/modules/services/service_renew_test.dart: renew selection opens existing eligibility flow 320.0/1.0
00:36 +755: /Users/lute/project/momcozy-lab/app/test/modules/services/service_renew_test.dart: renew selection opens existing eligibility flow 320.0/1.0
00:36 +756: /Users/lute/project/momcozy-lab/app/test/modules/services/service_renew_test.dart: renew selection opens existing eligibility flow 320.0/1.0
00:36 +757: /Users/lute/project/momcozy-lab/app/test/modules/services/service_catalog_states_test.dart: four catalog packages open the matching detail and purchase confirmation 390.0/2.0
00:36 +758: /Users/lute/project/momcozy-lab/app/test/modules/services/service_catalog_states_test.dart: four catalog packages open the matching detail and purchase confirmation 390.0/2.0
00:36 +758 ~1: /Users/lute/project/momcozy-lab/app/test/modules/services/service_catalog_states_test.dart: four catalog packages open the matching detail and purchase confirmation 390.0/2.0
00:36 +758 ~2: /Users/lute/project/momcozy-lab/app/test/modules/services/service_catalog_states_test.dart: four catalog packages open the matching detail and purchase confirmation 390.0/2.0
00:36 +758 ~3: /Users/lute/project/momcozy-lab/app/test/modules/services/service_catalog_states_test.dart: four catalog packages open the matching detail and purchase confirmation 390.0/2.0
00:36 +758 ~4: /Users/lute/project/momcozy-lab/app/test/modules/services/service_catalog_states_test.dart: four catalog packages open the matching detail and purchase confirmation 390.0/2.0
00:36 +758 ~5: /Users/lute/project/momcozy-lab/app/test/modules/services/service_catalog_states_test.dart: four catalog packages open the matching detail and purchase confirmation 390.0/2.0
00:36 +758 ~6: /Users/lute/project/momcozy-lab/app/test/modules/services/service_catalog_states_test.dart: four catalog packages open the matching detail and purchase confirmation 390.0/2.0
00:36 +759 ~6: /Users/lute/project/momcozy-lab/app/test/modules/services/service_catalog_states_test.dart: four catalog packages open the matching detail and purchase confirmation 390.0/2.0
00:36 +760 ~6: /Users/lute/project/momcozy-lab/app/test/modules/services/service_catalog_states_test.dart: four catalog packages open the matching detail and purchase confirmation 390.0/2.0
00:36 +761 ~6: /Users/lute/project/momcozy-lab/app/test/modules/services/service_catalog_states_test.dart: four catalog packages open the matching detail and purchase confirmation 390.0/2.0
00:36 +762 ~6: /Users/lute/project/momcozy-lab/app/test/modules/services/service_catalog_states_test.dart: four catalog packages open the matching detail and purchase confirmation 390.0/2.0
00:36 +763 ~6: /Users/lute/project/momcozy-lab/app/test/modules/services/service_catalog_states_test.dart: four catalog packages open the matching detail and purchase confirmation 390.0/2.0
00:36 +764 ~6: /Users/lute/project/momcozy-lab/app/test/modules/services/service_catalog_states_test.dart: four catalog packages open the matching detail and purchase confirmation 390.0/2.0
00:36 +765 ~6: /Users/lute/project/momcozy-lab/app/test/modules/services/service_catalog_states_test.dart: four catalog packages open the matching detail and purchase confirmation 390.0/2.0
00:36 +766 ~6: /Users/lute/project/momcozy-lab/app/test/modules/services/service_catalog_states_test.dart: four catalog packages open the matching detail and purchase confirmation 390.0/2.0
00:36 +767 ~6: /Users/lute/project/momcozy-lab/app/test/modules/services/service_catalog_states_test.dart: four catalog packages open the matching detail and purchase confirmation 390.0/2.0
00:36 +768 ~6: /Users/lute/project/momcozy-lab/app/test/modules/services/service_catalog_states_test.dart: four catalog packages open the matching detail and purchase confirmation 390.0/2.0
00:36 +769 ~6: /Users/lute/project/momcozy-lab/app/test/modules/services/service_catalog_states_test.dart: four catalog packages open the matching detail and purchase confirmation 390.0/2.0
00:36 +770 ~6: /Users/lute/project/momcozy-lab/app/test/modules/services/service_catalog_states_test.dart: four catalog packages open the matching detail and purchase confirmation 390.0/2.0
00:36 +771 ~6: /Users/lute/project/momcozy-lab/app/test/modules/services/service_catalog_states_test.dart: four catalog packages open the matching detail and purchase confirmation 390.0/2.0
00:36 +772 ~6: /Users/lute/project/momcozy-lab/app/test/modules/services/service_catalog_states_test.dart: four catalog packages open the matching detail and purchase confirmation 390.0/2.0
00:36 +773 ~6: /Users/lute/project/momcozy-lab/app/test/modules/services/service_catalog_states_test.dart: four catalog packages open the matching detail and purchase confirmation 390.0/2.0
00:36 +774 ~6: /Users/lute/project/momcozy-lab/app/test/modules/services/service_catalog_states_test.dart: four catalog packages open the matching detail and purchase confirmation 390.0/2.0
00:36 +775 ~6: /Users/lute/project/momcozy-lab/app/test/modules/services/service_purchase_test.dart: purchase states and booking result at 390.0 / 1.0
00:36 +776 ~6: /Users/lute/project/momcozy-lab/app/test/modules/services/service_purchase_test.dart: purchase states and booking result at 390.0 / 1.0
00:36 +777 ~6: /Users/lute/project/momcozy-lab/app/test/modules/services/service_purchase_test.dart: purchase states and booking result at 390.0 / 1.0
00:36 +778 ~6: /Users/lute/project/momcozy-lab/app/test/modules/services/service_purchase_test.dart: purchase states and booking result at 390.0 / 1.0
00:36 +779 ~6: /Users/lute/project/momcozy-lab/app/test/modules/services/service_purchase_test.dart: purchase states and booking result at 390.0 / 1.0
00:36 +780 ~6: /Users/lute/project/momcozy-lab/app/test/modules/services/service_purchase_test.dart: purchase states and booking result at 390.0 / 1.0
00:36 +781 ~6: /Users/lute/project/momcozy-lab/app/test/modules/services/service_purchase_test.dart: purchase states and booking result at 390.0 / 1.0
00:36 +782 ~6: /Users/lute/project/momcozy-lab/app/test/modules/services/service_purchase_test.dart: purchase states and booking result at 390.0 / 1.0
00:37 +783 ~6: /Users/lute/project/momcozy-lab/app/test/modules/services/service_purchase_test.dart: purchase states and booking result at 390.0 / 1.0
00:37 +784 ~6: /Users/lute/project/momcozy-lab/app/test/shared/input_confirmation_test.dart: large input and confirmation remain usable above a keyboard
00:37 +785 ~6: /Users/lute/project/momcozy-lab/app/test/shared/input_confirmation_test.dart: large input and confirmation remain usable above a keyboard
00:37 +786 ~6: /Users/lute/project/momcozy-lab/app/test/shared/input_confirmation_test.dart: large input and confirmation remain usable above a keyboard
00:37 +787 ~6: /Users/lute/project/momcozy-lab/app/test/shared/input_confirmation_test.dart: large input and confirmation remain usable above a keyboard
00:37 +788 ~6: /Users/lute/project/momcozy-lab/app/test/shared/input_confirmation_test.dart: large input and confirmation remain usable above a keyboard
00:37 +789 ~6: /Users/lute/project/momcozy-lab/app/test/shared/input_confirmation_test.dart: large input and confirmation remain usable above a keyboard
00:37 +790 ~6: /Users/lute/project/momcozy-lab/app/test/shared/input_confirmation_test.dart: large input and confirmation remain usable above a keyboard
00:37 +791 ~6: /Users/lute/project/momcozy-lab/app/test/shared/input_confirmation_test.dart: large input and confirmation remain usable above a keyboard
00:37 +792 ~6: /Users/lute/project/momcozy-lab/app/test/shared/input_confirmation_test.dart: large input and confirmation remain usable above a keyboard
00:37 +793 ~6: /Users/lute/project/momcozy-lab/app/test/shared/input_confirmation_test.dart: large input and confirmation remain usable above a keyboard
00:37 +794 ~6: /Users/lute/project/momcozy-lab/app/test/shared/input_confirmation_test.dart: large input and confirmation remain usable above a keyboard
00:37 +795 ~6: /Users/lute/project/momcozy-lab/app/test/shared/input_confirmation_test.dart: large input and confirmation remain usable above a keyboard
00:37 +796 ~6: /Users/lute/project/momcozy-lab/app/test/shared/input_confirmation_test.dart: large input and confirmation remain usable above a keyboard
00:37 +797 ~6: /Users/lute/project/momcozy-lab/app/test/shared/input_confirmation_test.dart: large input and confirmation remain usable above a keyboard
00:37 +798 ~6: /Users/lute/project/momcozy-lab/app/test/shared/input_confirmation_test.dart: large input and confirmation remain usable above a keyboard
00:37 +799 ~6: /Users/lute/project/momcozy-lab/app/test/shared/input_confirmation_test.dart: large input and confirmation remain usable above a keyboard
00:37 +800 ~6: /Users/lute/project/momcozy-lab/app/test/shared/input_confirmation_test.dart: large input and confirmation remain usable above a keyboard
00:37 +801 ~6: /Users/lute/project/momcozy-lab/app/test/shared/input_confirmation_test.dart: large input and confirmation remain usable above a keyboard
00:37 +802 ~6: /Users/lute/project/momcozy-lab/app/test/shared/input_confirmation_test.dart: large input and confirmation remain usable above a keyboard
00:37 +803 ~6: /Users/lute/project/momcozy-lab/app/test/shared/input_confirmation_test.dart: large input and confirmation remain usable above a keyboard
00:37 +804 ~6: /Users/lute/project/momcozy-lab/app/test/shared/input_confirmation_test.dart: large input and confirmation remain usable above a keyboard
00:37 +805 ~6: /Users/lute/project/momcozy-lab/app/test/shared/input_confirmation_test.dart: large input and confirmation remain usable above a keyboard
00:37 +806 ~6: /Users/lute/project/momcozy-lab/app/test/shared/input_confirmation_test.dart: large input and confirmation remain usable above a keyboard
00:37 +807 ~6: /Users/lute/project/momcozy-lab/app/test/shared/input_confirmation_test.dart: large input and confirmation remain usable above a keyboard
00:37 +808 ~6: /Users/lute/project/momcozy-lab/app/test/shared/input_confirmation_test.dart: large input and confirmation remain usable above a keyboard
00:37 +809 ~6: /Users/lute/project/momcozy-lab/app/test/shared/input_confirmation_test.dart: large input and confirmation remain usable above a keyboard
00:38 +810 ~6: /Users/lute/project/momcozy-lab/app/test/shared/input_confirmation_test.dart: large input and confirmation remain usable above a keyboard
00:38 +811 ~6: /Users/lute/project/momcozy-lab/app/test/shared/input_confirmation_test.dart: large input and confirmation remain usable above a keyboard
00:38 +812 ~6: /Users/lute/project/momcozy-lab/app/test/shared/input_confirmation_test.dart: large input and confirmation remain usable above a keyboard
00:38 +813 ~6: /Users/lute/project/momcozy-lab/app/test/shared/input_confirmation_test.dart: large input and confirmation remain usable above a keyboard
00:38 +814 ~6: /Users/lute/project/momcozy-lab/app/test/shared/input_confirmation_test.dart: large input and confirmation remain usable above a keyboard
00:38 +815 ~6: /Users/lute/project/momcozy-lab/app/test/shared/input_confirmation_test.dart: large input and confirmation remain usable above a keyboard
00:38 +816 ~6: /Users/lute/project/momcozy-lab/app/test/shared/input_confirmation_test.dart: large input and confirmation remain usable above a keyboard
00:38 +817 ~6: /Users/lute/project/momcozy-lab/app/test/shared/input_confirmation_test.dart: large input and confirmation remain usable above a keyboard
00:38 +818 ~6: /Users/lute/project/momcozy-lab/app/test/shared/input_confirmation_test.dart: large input and confirmation remain usable above a keyboard
00:38 +819 ~6: /Users/lute/project/momcozy-lab/app/test/shared/input_confirmation_test.dart: large input and confirmation remain usable above a keyboard
00:38 +820 ~6: /Users/lute/project/momcozy-lab/app/test/shared/input_confirmation_test.dart: large input and confirmation remain usable above a keyboard
00:38 +821 ~6: /Users/lute/project/momcozy-lab/app/test/shared/input_confirmation_test.dart: large input and confirmation remain usable above a keyboard
00:38 +822 ~6: /Users/lute/project/momcozy-lab/app/test/shared/input_confirmation_test.dart: large input and confirmation remain usable above a keyboard
00:38 +823 ~6: /Users/lute/project/momcozy-lab/app/test/shared/input_confirmation_test.dart: large input and confirmation remain usable above a keyboard
00:38 +824 ~6: /Users/lute/project/momcozy-lab/app/test/shared/knowledge_article_design_test.dart: knowledge mom at 320.0 / 1.0
00:38 +825 ~6: /Users/lute/project/momcozy-lab/app/test/shared/knowledge_article_design_test.dart: knowledge mom at 320.0 / 1.0
00:38 +826 ~6: /Users/lute/project/momcozy-lab/app/test/shared/knowledge_article_design_test.dart: knowledge mom at 320.0 / 1.0
00:38 +827 ~6: /Users/lute/project/momcozy-lab/app/test/shared/knowledge_article_design_test.dart: knowledge mom at 320.0 / 1.0
00:38 +828 ~6: /Users/lute/project/momcozy-lab/app/test/shared/knowledge_article_design_test.dart: knowledge mom at 320.0 / 1.0
00:38 +829 ~6: /Users/lute/project/momcozy-lab/app/test/modules/services/service_purchase_test.dart: pending payment blocks back and uncertain retry keeps original card and outcome
00:38 +830 ~6: /Users/lute/project/momcozy-lab/app/test/shared/input_confirmation_test.dart: inputs and discard 320 at 1.0x
00:38 +831 ~6: /Users/lute/project/momcozy-lab/app/test/shared/input_confirmation_test.dart: inputs and discard 320 at 1.0x
00:38 +832 ~6: /Users/lute/project/momcozy-lab/app/test/shared/input_confirmation_test.dart: inputs and discard 320 at 1.0x
00:38 +833 ~6: /Users/lute/project/momcozy-lab/app/test/shared/input_confirmation_test.dart: inputs and discard 320 at 1.0x
00:38 +834 ~6: /Users/lute/project/momcozy-lab/app/test/shared/input_confirmation_test.dart: inputs and discard 320 at 1.0x
00:38 +835 ~6: /Users/lute/project/momcozy-lab/app/test/shared/input_confirmation_test.dart: inputs and discard 320 at 1.0x
00:38 +836 ~6: /Users/lute/project/momcozy-lab/app/test/shared/input_confirmation_test.dart: inputs and discard 320 at 1.0x
00:38 +837 ~6: /Users/lute/project/momcozy-lab/app/test/shared/input_confirmation_test.dart: inputs and discard 320 at 1.0x
00:38 +838 ~6: /Users/lute/project/momcozy-lab/app/test/shared/input_confirmation_test.dart: inputs and discard 320 at 1.0x
00:38 +839 ~6: /Users/lute/project/momcozy-lab/app/test/shared/input_confirmation_test.dart: inputs and discard 320 at 1.0x
00:38 +840 ~6: /Users/lute/project/momcozy-lab/app/test/shared/input_confirmation_test.dart: inputs and discard 320 at 1.0x
00:38 +841 ~6: /Users/lute/project/momcozy-lab/app/test/shared/input_confirmation_test.dart: inputs and discard 320 at 1.0x
00:38 +842 ~6: /Users/lute/project/momcozy-lab/app/test/shared/input_confirmation_test.dart: inputs and discard 320 at 1.0x
00:38 +843 ~6: /Users/lute/project/momcozy-lab/app/test/shared/input_confirmation_test.dart: inputs and discard 320 at 1.0x
00:38 +844 ~6: /Users/lute/project/momcozy-lab/app/test/shared/input_confirmation_test.dart: inputs and discard 320 at 1.0x
00:38 +845 ~6: /Users/lute/project/momcozy-lab/app/test/shared/input_confirmation_test.dart: inputs and discard 320 at 1.0x
00:38 +846 ~6: /Users/lute/project/momcozy-lab/app/test/shared/input_confirmation_test.dart: inputs and discard 320 at 1.0x
00:38 +847 ~6: /Users/lute/project/momcozy-lab/app/test/shared/input_confirmation_test.dart: inputs and discard 320 at 1.0x
00:38 +848 ~6: /Users/lute/project/momcozy-lab/app/test/shared/input_confirmation_test.dart: inputs and discard 320 at 1.0x
00:39 +849 ~6: /Users/lute/project/momcozy-lab/app/test/shared/input_confirmation_test.dart: inputs and discard 320 at 1.0x
00:39 +850 ~6: /Users/lute/project/momcozy-lab/app/test/shared/input_confirmation_test.dart: inputs and discard 320 at 1.0x
00:39 +851 ~6: /Users/lute/project/momcozy-lab/app/test/shared/input_confirmation_test.dart: inputs and discard 320 at 1.0x
00:39 +852 ~6: /Users/lute/project/momcozy-lab/app/test/shared/input_confirmation_test.dart: inputs and discard 320 at 1.0x
00:39 +853 ~6: /Users/lute/project/momcozy-lab/app/test/shared/input_confirmation_test.dart: inputs and discard 320 at 1.0x
00:39 +854 ~6: /Users/lute/project/momcozy-lab/app/test/modules/services/service_purchase_test.dart: sandbox checkout renders at 320.0 / 2.0
00:39 +855 ~6: /Users/lute/project/momcozy-lab/app/test/shared/knowledge_article_design_test.dart: knowledge baby at 320.0 / 2.0
00:39 +856 ~6: /Users/lute/project/momcozy-lab/app/test/modules/services/service_design_test.dart: catalog owned and pending actions at 430.0 / 2.0
00:39 +857 ~6: /Users/lute/project/momcozy-lab/app/test/modules/services/service_design_test.dart: catalog owned and pending actions at 430.0 / 2.0
00:39 +858 ~6: /Users/lute/project/momcozy-lab/app/test/shared/input_confirmation_test.dart: inputs and discard 320 at 2.0x
00:39 +859 ~6: /Users/lute/project/momcozy-lab/app/test/shared/input_confirmation_test.dart: inputs and discard 320 at 2.0x
00:39 +860 ~6: /Users/lute/project/momcozy-lab/app/test/shared/input_confirmation_test.dart: inputs and discard 320 at 2.0x
00:39 +861 ~6: /Users/lute/project/momcozy-lab/app/test/shared/input_confirmation_test.dart: inputs and discard 320 at 2.0x
00:39 +862 ~6: /Users/lute/project/momcozy-lab/app/test/shared/input_confirmation_test.dart: inputs and discard 320 at 2.0x
00:39 +863 ~6: /Users/lute/project/momcozy-lab/app/test/shared/input_confirmation_test.dart: inputs and discard 320 at 2.0x
00:39 +864 ~6: /Users/lute/project/momcozy-lab/app/test/shared/input_confirmation_test.dart: inputs and discard 320 at 2.0x
00:39 +865 ~6: /Users/lute/project/momcozy-lab/app/test/shared/input_confirmation_test.dart: inputs and discard 320 at 2.0x
00:39 +866 ~6: /Users/lute/project/momcozy-lab/app/test/shared/input_confirmation_test.dart: inputs and discard 320 at 2.0x
00:39 +867 ~6: /Users/lute/project/momcozy-lab/app/test/shared/input_confirmation_test.dart: inputs and discard 320 at 2.0x
00:39 +868 ~6: /Users/lute/project/momcozy-lab/app/test/shared/input_confirmation_test.dart: inputs and discard 320 at 2.0x
00:39 +869 ~6: /Users/lute/project/momcozy-lab/app/test/shared/input_confirmation_test.dart: inputs and discard 320 at 2.0x
00:39 +870 ~6: /Users/lute/project/momcozy-lab/app/test/shared/me_components_test.dart: shared Me surfaces and controls at 320.0 / 1.0
00:39 +871 ~6: /Users/lute/project/momcozy-lab/app/test/shared/momcozy_motion_test.dart: reduced motion flows 320.0 / 1.0
00:39 +872 ~6: /Users/lute/project/momcozy-lab/app/test/shared/momcozy_motion_test.dart: reduced motion flows 320.0 / 1.0
00:39 +873 ~6: /Users/lute/project/momcozy-lab/app/test/shared/momcozy_motion_test.dart: reduced motion flows 320.0 / 1.0
00:39 +874 ~6: /Users/lute/project/momcozy-lab/app/test/shared/momcozy_motion_test.dart: reduced motion flows 320.0 / 1.0
00:39 +875 ~6: /Users/lute/project/momcozy-lab/app/test/shared/momcozy_motion_test.dart: reduced motion flows 320.0 / 1.0
00:39 +876 ~6: /Users/lute/project/momcozy-lab/app/test/shared/momcozy_motion_test.dart: reduced motion flows 320.0 / 1.0
00:40 +877 ~6: /Users/lute/project/momcozy-lab/app/test/shared/momcozy_motion_test.dart: reduced motion flows 320.0 / 1.0
00:40 +878 ~6: /Users/lute/project/momcozy-lab/app/test/shared/input_confirmation_test.dart: inputs and discard 390 at 1.0x
00:40 +879 ~6: /Users/lute/project/momcozy-lab/app/test/shared/input_confirmation_test.dart: inputs and discard 390 at 1.0x
00:40 +880 ~6: /Users/lute/project/momcozy-lab/app/test/shared/input_confirmation_test.dart: inputs and discard 390 at 1.0x
00:40 +881 ~6: /Users/lute/project/momcozy-lab/app/test/shared/momcozy_motion_test.dart: reduced motion flows 320.0 / 2.0
00:40 +882 ~6: /Users/lute/project/momcozy-lab/app/test/shared/momcozy_motion_test.dart: reduced motion flows 320.0 / 2.0
00:40 +883 ~6: /Users/lute/project/momcozy-lab/app/test/shared/momcozy_motion_test.dart: reduced motion flows 320.0 / 2.0
00:40 +884 ~6: /Users/lute/project/momcozy-lab/app/test/shared/input_confirmation_test.dart: inputs and discard 390 at 2.0x
00:40 +885 ~6: /Users/lute/project/momcozy-lab/app/test/shared/input_confirmation_test.dart: inputs and discard 390 at 2.0x
00:40 +886 ~6: /Users/lute/project/momcozy-lab/app/test/shared/input_confirmation_test.dart: inputs and discard 390 at 2.0x
00:40 +887 ~6: /Users/lute/project/momcozy-lab/app/test/shared/input_confirmation_test.dart: inputs and discard 390 at 2.0x
00:40 +888 ~6: /Users/lute/project/momcozy-lab/app/test/shared/momcozy_motion_test.dart: reduced motion flows 390.0 / 2.0
00:40 +889 ~6: /Users/lute/project/momcozy-lab/app/test/shared/product_feedback_test.dart: feedback layout and retry callbacks 430.0/2.0
00:40 +890 ~6: /Users/lute/project/momcozy-lab/app/test/shared/input_confirmation_test.dart: inputs and discard 430 at 1.0x
00:40 +891 ~6: /Users/lute/project/momcozy-lab/app/test/shared/input_confirmation_test.dart: inputs and discard 430 at 1.0x
00:40 +892 ~6: /Users/lute/project/momcozy-lab/app/test/shared/momcozy_motion_test.dart: reduced motion flows 430.0 / 2.0
00:41 +893 ~6: /Users/lute/project/momcozy-lab/app/test/shared/input_confirmation_test.dart: inputs and discard 430 at 2.0x
00:41 +894 ~6: /Users/lute/project/momcozy-lab/app/test/shared/input_confirmation_test.dart: inputs and discard 430 at 2.0x
00:41 +895 ~6: /Users/lute/project/momcozy-lab/app/test/shared/input_confirmation_test.dart: (tearDownAll)
00:41 +895 ~6: All tests passed!
